exams_per_month,assignments_per_week,attendance_pressure,cgpa,backlogs,study_hours_per_day,fomo_score,peer_pressure,family_expectations,social_media_hrs,rejection_sensitivity,sleep_hours,exercise_days,diet_quality,confidence,support_system,mental_health_visits,burnout_risk
4,7,3,7.4,1,5,4,4,4,5,5,8,5,5,9,5,0,Low
4,6,6,7.3,0,6,5,3,6,2,4,9,5,6,9,7,0,Low
2,6,5,7.4,0,6,6,5,10,3,6,8,2,5,4,3,0,Medium
4,7,6,6.5,0,7,8,6,6,5,6,6,0,3,5,10,0,High
5,6,4,9.1,1,7,5,4,4,3,2,9,4,10,7,6,0,Low
2,3,4,8.6,0,2,5,2,5,1,2,8,3,8,9,4,0,Low
4,3,5,7.0,0,5,7,8,6,4,5,7,0,6,1,8,0,Medium
3,7,6,7.6,0,5,6,5,6,5,5,7,2,8,5,6,0,Medium
1,1,3,9.1,0,6,4,6,6,5,4,7,4,7,4,7,0,Low
5,4,4,8.4,0,6,6,3,2,3,5,7,4,8,8,7,0,Low
6,5,8,5.7,3,7,7,7,8,8,8,7,2,6,4,5,0,High
2,5,3,7.4,0,4,5,7,5,5,6,7,0,7,2,5,0,Medium
4,8,6,7.0,4,8,4,6,4,5,6,8,4,6,4,6,2,Medium
7,5,10,6.0,3,5,6,7,8,4,8,4,5,6,4,7,0,High
4,9,7,7.2,1,3,7,7,7,6,6,6,3,8,7,5,0,High
2,5,6,7.6,0,6,4,3,4,1,6,6,3,6,7,8,0,Low
3,6,3,6.9,0,6,5,7,7,0,2,6,4,5,5,5,0,Low
4,5,2,8.7,0,4,3,2,5,3,3,9,6,6,7,7,0,Low
1,6,6,6.6,0,5,6,5,6,4,5,8,5,5,1,4,1,Medium
5,7,6,6.2,1,3,3,5,10,7,7,7,4,8,4,6,0,High
3,2,6,6.9,0,3,6,3,4,4,6,9,1,6,3,4,0,Medium
6,7,7,7.5,1,6,2,3,6,5,2,8,5,8,10,5,0,Low
4,6,10,7.1,0,1,7,5,10,4,5,6,1,6,3,3,0,High
2,3,3,8.6,0,1,4,5,7,4,3,8,2,8,7,3,1,Low
5,6,5,7.1,0,5,6,4,5,4,5,7,2,7,5,5,0,Medium
1,1,1,7.8,0,1,4,6,5,6,5,7,4,6,6,6,0,Low
4,4,7,6.8,0,4,4,9,4,4,5,6,4,3,4,6,0,Medium
2,3,6,7.1,0,4,7,6,6,3,4,6,2,2,6,4,0,Medium
4,6,5,6.9,2,4,4,5,7,6,6,6,4,5,5,6,0,Medium
6,6,4,8.0,4,8,6,4,6,6,6,8,4,6,4,6,2,Medium
6,5,10,6.2,1,6,10,6,10,5,7,4,2,4,1,3,0,High
6,5,8,6.3,0,5,3,4,6,3,7,8,3,7,10,7,1,Medium
6,4,5,6.4,2,5,4,9,3,2,4,6,3,7,6,7,0,Medium
6,4,4,8.6,0,5,3,4,8,3,6,8,3,2,6,7,1,Low
5,10,10,4.8,1,7,6,6,4,3,7,5,4,5,4,4,0,High
1,1,4,7.8,0,3,6,6,8,7,7,5,4,6,6,5,0,Medium
4,8,7,7.2,0,2,6,4,7,5,6,6,3,8,5,5,0,Low
2,9,6,7.4,0,2,3,5,5,4,6,7,3,8,6,3,0,Medium
1,5,1,8.1,0,5,6,2,7,4,4,8,4,7,7,6,0,Low
3,4,3,8.6,0,3,8,5,7,1,6,7,1,6,7,5,2,Medium
4,6,6,8.0,5,8,6,4,6,6,6,6,4,6,6,4,4,Medium
5,2,7,8.3,0,8,4,8,3,6,9,8,4,5,5,6,0,Medium
5,3,7,8.9,0,7,4,6,2,5,2,10,4,4,6,6,0,Low
4,2,5,7.6,0,1,5,4,10,3,3,7,2,5,5,6,0,Medium
1,2,3,7.1,0,5,8,2,8,6,8,7,3,5,8,8,1,Low
4,10,9,6.5,1,7,5,6,9,4,5,5,0,4,4,6,0,High
7,6,7,7.1,0,7,8,6,10,0,8,5,1,4,5,4,0,High
1,4,5,6.3,1,4,5,9,6,4,4,9,4,10,4,5,0,Medium
4,6,6,6.0,4,8,4,6,6,5,4,6,4,6,4,6,2,Medium
6,7,9,6.1,0,6,5,6,3,2,7,7,7,5,5,4,1,High
4,6,6,7.3,0,3,5,4,6,6,7,8,2,10,6,7,1,Low
4,4,6,7.2,2,6,7,5,6,5,4,7,1,6,5,5,0,Medium
3,8,8,6.7,0,4,2,4,4,1,4,9,5,8,6,10,0,Low
3,4,7,7.9,0,8,6,5,8,2,4,6,4,7,6,7,1,Medium
5,5,5,6.6,0,4,7,3,7,4,5,8,6,7,4,8,0,Low
4,8,6,6.0,3,8,6,4,4,6,4,6,2,4,6,4,2,Low
3,7,7,6.5,0,4,7,8,4,4,5,9,2,7,5,9,0,Medium
2,6,4,6.8,0,5,9,7,7,4,6,5,1,5,3,6,0,High
3,3,3,7.0,0,6,5,5,6,2,1,6,6,4,7,6,0,Low
5,6,6,7.4,0,4,5,5,10,3,5,6,5,4,4,7,1,Medium
3,1,3,8.5,0,5,3,5,5,0,4,9,3,5,5,6,0,Low
4,7,5,6.9,1,6,4,6,5,7,5,5,3,5,6,5,0,High
1,2,5,9.1,1,4,9,5,8,2,4,7,5,7,6,6,0,Low
4,8,6,7.5,0,3,6,6,6,3,8,5,4,5,7,8,0,Medium
3,7,5,6.9,1,9,6,6,8,3,7,7,1,5,9,5,0,Medium
5,8,9,6.3,2,7,4,6,8,4,7,6,0,1,7,4,0,High
1,3,3,7.6,0,4,3,6,5,3,3,9,2,4,5,8,0,Low
4,6,8,7.0,0,8,3,5,4,5,8,6,5,5,7,6,0,Medium
4,4,3,7.5,1,5,7,6,7,4,7,7,0,2,6,6,2,Medium
8,11,5,5.2,1,6,2,3,5,3,7,5,3,6,7,7,0,High
4,4,5,7.0,0,1,2,4,2,0,3,8,3,7,7,6,0,Low
4,3,8,7.4,0,3,1,5,6,1,1,7,3,8,8,10,0,Low
6,10,6,5.8,2,11,6,5,6,4,3,8,3,9,8,5,0,High
2,5,6,7.3,0,7,6,8,5,3,8,8,4,8,4,4,0,Medium
4,6,6,7.0,5,6,6,4,6,7,6,6,4,4,6,6,4,Medium
1,6,5,6.9,1,2,4,7,8,3,9,7,4,6,3,10,0,Medium
6,6,6,7.7,1,7,6,5,9,3,4,7,2,7,10,4,0,Medium
6,8,5,6.7,2,5,8,6,8,7,6,7,0,4,5,6,0,High
6,4,5,6.6,2,7,6,5,9,6,6,6,3,6,6,1,1,High
3,3,2,7.0,0,2,4,6,5,0,4,8,3,5,7,7,0,Low
1,2,2,7.8,0,3,6,8,7,10,5,7,2,4,5,5,0,Medium
3,1,5,7.9,0,6,5,6,5,1,3,8,0,4,8,7,0,Low
6,7,6,6.4,2,9,6,6,4,6,8,5,5,2,8,9,0,High
4,4,6,7.4,1,4,6,4,6,2,6,7,0,6,7,8,1,Medium
4,8,4,7.4,1,4,5,3,3,0,1,9,5,6,9,7,0,Low
4,9,9,6.7,1,8,5,5,5,3,4,6,4,4,6,7,1,Medium
4,5,5,8.2,0,2,6,3,5,2,5,7,4,5,5,7,0,Medium
3,3,5,7.1,0,2,4,5,5,3,5,7,3,5,6,5,0,Medium
1,2,4,8.4,1,4,2,1,6,4,3,6,0,4,5,6,0,Low
5,9,7,6.5,4,11,5,5,3,5,10,5,0,6,6,7,0,High
4,6,6,7.0,5,6,6,6,6,6,6,6,4,6,4,6,2,Medium
4,6,6,7.0,3,8,4,4,4,6,6,6,2,4,4,6,2,Medium
3,2,5,7.6,1,4,6,5,6,3,5,8,5,8,7,8,0,Low
3,3,5,6.2,2,4,5,5,7,2,4,8,3,5,6,3,0,Medium
5,6,6,7.9,0,2,6,2,5,1,4,7,3,5,7,9,0,Low
3,4,3,9.0,0,6,2,6,5,1,4,7,4,10,10,10,0,Low
6,7,7,8.4,0,6,1,2,3,0,4,7,5,4,9,9,0,Low
6,9,6,5.7,1,8,4,7,4,7,4,6,4,6,10,10,0,Medium
7,3,6,8.2,1,4,5,4,10,4,7,7,0,7,5,7,0,Medium
2,4,8,8.2,0,7,2,6,4,3,4,8,6,9,6,9,0,Low
2,5,3,6.0,0,3,4,4,9,5,2,8,4,6,3,4,0,Medium
5,12,10,5.7,4,5,5,5,6,0,8,5,1,4,8,8,0,High
4,6,6,8.0,5,6,6,6,6,7,6,8,4,6,6,6,4,Medium
2,8,5,8.0,1,1,8,8,7,3,6,6,4,7,6,8,0,Medium
4,4,4,7.0,1,5,4,4,5,1,4,8,4,9,10,8,0,Low
1,1,8,8.2,0,4,4,5,4,2,5,9,4,7,6,8,1,Low
6,6,4,6.0,3,8,4,6,6,6,4,6,2,6,6,4,2,Low
2,6,4,6.5,1,2,4,5,3,7,4,7,2,7,8,7,0,Low
3,7,5,6.7,1,3,4,4,7,7,8,6,1,5,4,4,1,High
5,8,6,8.9,1,7,1,1,5,1,3,8,4,5,6,7,0,Low
7,1,6,7.1,0,7,5,2,8,1,9,7,4,3,8,6,0,Medium
2,7,6,8.0,1,4,3,5,5,3,7,6,4,7,4,5,1,Medium
4,6,8,8.2,0,3,2,3,7,2,4,7,4,9,6,6,0,Low
4,4,4,7.1,0,3,3,3,5,0,4,8,3,8,9,10,0,Low
5,10,8,5.4,1,8,7,4,6,5,5,6,6,4,3,9,0,Medium
4,7,6,6.3,0,7,6,3,9,3,2,6,2,7,7,6,0,Medium
6,8,6,8.0,0,1,6,4,7,5,7,7,2,6,6,9,0,Medium
3,7,7,7.5,1,1,5,7,5,5,6,8,2,3,8,6,0,Medium
6,5,3,5.6,0,5,6,7,10,7,10,6,3,7,5,4,0,High
5,4,3,7.7,0,6,5,7,7,3,4,7,3,8,7,7,0,Medium
3,5,5,6.2,0,4,7,4,8,5,5,8,6,5,9,6,0,Medium
2,1,4,7.3,0,4,5,2,3,3,4,7,4,6,8,6,0,Low
4,8,6,8.0,4,8,6,6,6,6,4,6,4,4,6,4,4,Medium
5,8,4,8.8,0,5,7,7,7,5,10,5,1,7,3,5,1,High
2,3,8,7.9,0,3,6,6,3,5,3,6,1,4,3,6,0,Medium
4,7,8,6.0,1,6,6,4,7,5,6,7,5,4,6,6,0,Medium
4,5,7,6.5,2,4,6,5,7,5,10,8,3,4,3,4,1,High
6,7,10,7.8,0,5,4,3,1,1,1,7,1,6,7,8,0,Low
6,7,7,8.6,0,2,5,4,4,5,4,6,4,8,8,9,0,Medium
5,5,8,7.4,0,5,4,4,8,0,5,7,4,7,8,8,0,Low
3,5,2,7.7,1,6,3,3,7,8,3,6,1,4,9,8,0,Low
4,7,3,7.2,0,4,3,4,3,1,4,9,3,6,8,5,0,Low
5,8,7,7.6,1,4,5,6,5,4,5,6,2,5,6,4,0,Medium
1,1,4,8.9,1,6,5,5,7,4,7,7,0,6,6,6,0,Low
1,7,6,6.6,1,6,2,2,1,3,5,8,5,5,5,9,0,Low
4,7,2,7.6,0,8,6,5,6,1,3,9,4,5,7,8,0,Low
3,9,7,6.0,0,9,6,8,3,4,1,7,2,6,4,7,0,Medium
5,6,8,6.9,0,6,4,5,10,3,7,5,2,7,3,5,0,High
4,4,7,5.8,0,2,5,6,9,5,9,7,1,3,3,4,0,High
6,5,7,4.8,2,5,10,9,5,4,10,5,0,3,3,6,4,High
5,3,6,8.1,0,6,5,3,6,4,6,6,2,9,5,6,0,Medium
1,1,1,9.0,0,5,3,2,6,2,4,9,3,7,8,4,0,Low
3,6,3,8.3,0,3,4,2,1,0,2,7,6,5,8,10,0,Low
5,10,5,7.0,1,7,5,6,6,3,4,6,1,7,5,8,0,Medium
2,1,2,9.2,0,2,2,3,6,2,4,10,3,7,6,10,0,Low
3,6,5,7.1,1,5,3,5,2,5,4,8,3,6,7,6,0,Low
5,8,6,6.4,0,6,5,1,7,0,6,7,1,5,8,7,0,Medium
6,3,3,7.4,0,5,8,6,6,3,4,8,2,7,9,8,0,Low
5,7,4,7.7,0,9,8,9,9,3,6,7,2,1,4,5,1,Medium
3,4,7,7.8,0,5,5,4,6,5,6,8,3,5,5,7,1,Medium
5,9,7,6.3,1,6,4,6,4,2,4,6,4,6,8,6,0,Medium
5,6,5,8.1,0,4,4,4,3,3,2,6,3,6,7,8,1,Low
4,6,6,7.0,4,6,4,6,6,6,4,6,2,6,6,6,4,Low
6,9,9,6.9,0,5,4,4,5,0,2,6,3,4,6,7,0,Low
5,5,7,6.8,2,6,6,4,8,3,5,7,3,7,7,5,0,Low
5,6,5,8.6,0,1,10,6,7,3,8,5,1,9,4,3,0,High
5,5,4,8.6,2,4,7,3,3,6,8,8,1,4,8,4,1,Medium
5,6,8,7.6,0,5,9,8,6,8,10,8,6,6,3,2,0,High
3,5,1,7.4,1,2,7,2,3,4,7,8,2,7,7,5,0,Low
2,2,1,8.4,0,2,6,4,6,1,2,9,2,7,7,9,0,Low
3,7,5,6.2,0,7,4,4,6,2,3,9,3,6,5,8,0,Medium
1,1,3,9.1,0,6,5,4,7,3,5,9,5,7,6,9,0,Low
7,11,10,5.7,4,6,5,8,7,8,8,5,2,4,2,3,1,High
2,6,5,6.1,0,6,4,3,4,2,4,7,7,8,8,5,0,Low
4,3,6,8.4,0,1,7,7,6,5,8,6,1,6,4,6,0,Medium
2,3,7,7.7,1,4,3,7,5,0,4,8,3,9,7,8,0,Low
6,6,6,7.0,4,6,6,4,6,6,4,6,4,6,6,6,2,Low
3,1,3,6.5,0,7,8,2,9,2,4,8,1,6,6,4,0,Medium
5,9,5,7.2,1,8,5,5,5,3,6,7,5,6,6,6,1,Medium
6,12,9,6.6,2,8,8,5,6,2,2,6,3,7,4,8,1,High
5,4,8,7.2,0,4,5,5,4,3,6,8,2,4,8,5,0,Low
4,4,6,6.8,0,7,8,2,5,5,5,7,0,7,5,3,1,Medium
3,6,7,9.8,0,4,6,5,3,3,2,9,4,7,8,7,0,Low
2,3,8,7.3,0,5,2,3,3,0,3,7,6,9,8,7,0,Low
7,10,8,6.2,0,7,3,5,8,3,4,7,5,7,8,9,0,Medium
1,5,4,7.9,1,8,5,4,7,7,3,8,3,6,7,6,0,Low
7,9,9,4.8,6,6,6,8,7,9,6,6,2,3,5,3,0,High
5,8,9,5.7,2,8,8,3,5,4,5,8,4,5,6,7,0,Medium
2,1,3,9.1,0,3,5,5,8,4,6,6,5,3,6,7,0,Low
2,2,7,8.0,0,5,6,4,5,1,2,6,0,5,6,6,0,Medium
3,6,5,7.5,1,7,5,6,4,7,8,6,1,4,1,3,1,High
4,8,6,7.4,1,1,7,10,7,0,5,5,2,6,7,8,0,Medium
5,8,5,6.9,0,5,4,3,4,5,6,9,4,5,5,6,0,Low
8,12,10,5.2,3,6,8,6,5,5,7,5,1,5,4,8,0,High
1,1,5,7.6,0,5,4,4,4,0,8,8,3,5,5,3,0,Low
4,5,4,7.2,2,6,9,6,8,6,8,5,2,2,4,6,0,High
4,6,6,7.0,5,6,4,6,4,6,6,6,4,6,6,4,4,Medium
2,8,3,7.0,0,4,3,2,3,1,4,6,0,9,9,7,0,Low
4,8,4,8.4,0,5,5,6,6,1,4,7,5,9,9,5,0,Low
3,4,4,5.8,0,2,9,9,6,5,6,5,0,3,2,5,0,High
4,4,8,6.3,0,6,8,5,5,6,7,4,4,2,2,1,2,High
8,6,8,6.2,1,4,3,6,3,1,1,8,5,8,6,6,0,Medium
4,6,4,8.0,3,6,6,6,4,7,6,6,4,6,4,4,2,Medium
6,10,5,8.0,1,3,7,5,6,5,7,7,1,3,5,4,0,High
4,8,6,5.9,0,5,4,3,5,5,3,7,4,6,9,7,0,Low
5,7,4,6.5,1,5,4,2,7,4,2,8,3,7,7,10,0,Low
5,6,6,7.4,1,5,6,7,5,6,5,7,2,7,7,6,0,Medium
2,4,5,7.7,0,6,3,3,10,6,5,8,2,6,7,10,0,Low
3,6,6,7.7,0,6,3,7,6,5,5,7,4,4,5,6,0,Medium
3,4,6,8.6,0,4,2,5,6,3,4,7,3,3,6,9,0,Low
3,4,8,7.6,0,4,6,5,4,0,4,8,4,4,7,6,1,Low
5,8,6,6.6,0,6,3,6,7,6,6,6,2,3,6,5,1,High
2,1,4,7.6,0,2,6,8,6,7,4,8,2,4,3,5,1,Medium
1,7,6,8.1,0,4,7,6,8,6,6,5,3,8,5,6,1,Medium
4,8,6,6.0,4,6,6,6,6,5,6,8,4,6,6,4,4,Low
3,4,4,7.5,1,4,7,6,7,4,4,6,3,5,5,7,0,Medium
2,4,4,8.7,0,5,3,5,5,1,7,9,6,10,8,4,0,Low
4,3,3,8.6,1,3,4,2,7,3,3,8,2,6,8,10,1,Low
3,2,1,7.8,0,6,1,4,7,2,1,8,5,7,6,8,0,Low
2,4,4,7.6,0,8,1,2,6,6,4,7,1,9,6,8,0,Low
3,7,5,7.3,3,6,6,6,8,5,5,6,3,5,6,8,0,Medium
3,6,6,7.7,1,6,4,4,7,2,9,8,1,8,8,8,0,Low
3,3,3,5.9,0,7,7,6,7,2,4,7,2,5,6,8,0,Medium
4,5,4,7.1,0,3,4,3,6,2,2,7,5,5,8,8,0,Low
5,5,5,6.8,0,8,5,3,6,1,5,7,3,4,8,6,0,Low
3,9,7,7.1,0,3,8,7,10,7,6,8,2,5,4,5,1,High
3,4,4,8.4,0,8,5,8,7,3,4,7,3,6,6,4,0,Low
4,7,6,8.7,2,5,8,7,9,5,7,4,0,8,4,1,3,High
6,6,7,5.0,1,7,3,4,5,1,6,5,4,5,6,5,0,High
5,10,5,7.5,1,3,1,6,8,0,4,7,2,9,4,5,0,Medium
7,4,8,7.0,0,6,4,5,7,3,4,5,5,8,5,4,0,Medium
2,3,2,8.0,2,1,7,6,6,3,5,5,3,5,6,5,0,High
5,8,8,7.0,0,4,4,7,6,4,4,6,3,6,4,10,0,Medium
4,3,9,7.7,0,8,5,4,5,6,2,8,2,7,7,6,0,Medium
5,6,6,6.5,5,4,3,4,6,0,7,8,4,4,3,7,0,Medium
5,7,6,7.0,0,4,4,5,7,6,9,6,3,5,7,3,0,High
5,5,5,6.7,0,4,9,10,8,7,7,5,0,2,5,4,2,High
3,6,5,7.1,0,7,6,10,5,5,6,6,1,4,2,5,0,High
2,9,6,7.6,0,7,3,2,8,2,2,7,5,7,5,6,0,Low
4,5,4,7.1,0,7,1,7,6,5,6,6,3,6,7,6,0,Medium
6,4,7,9.7,1,4,4,3,5,2,1,10,5,6,8,7,0,Low
4,6,4,6.0,5,8,4,4,6,7,6,6,2,6,4,4,4,Low
4,4,3,8.1,1,3,4,8,8,2,6,7,5,3,7,7,0,Medium
8,9,10,5.4,0,6,9,6,7,3,6,4,4,6,5,6,0,High
3,4,2,8.1,0,3,3,4,5,0,6,8,1,7,9,7,0,Low
3,5,4,7.8,1,4,3,3,5,4,4,8,4,8,9,5,1,Low
3,6,3,7.1,0,4,1,3,6,0,2,9,7,8,10,7,0,Low
6,6,8,6.6,1,4,7,5,6,1,3,6,4,6,9,4,0,Medium
3,2,2,7.5,0,5,6,3,5,3,1,8,4,7,6,6,0,Low
5,7,5,7.1,0,1,6,7,5,1,6,8,1,6,8,6,0,Medium
4,9,6,6.4,0,6,6,3,5,5,3,6,3,7,8,7,0,Medium
3,5,6,7.7,0,2,4,6,8,3,7,9,2,6,3,6,0,Medium
4,6,7,8.7,1,5,5,3,3,2,2,8,6,9,9,5,0,Low
4,8,5,7.6,1,5,3,6,6,2,3,8,6,10,7,10,0,Low
7,8,10,5.0,2,8,5,6,9,7,8,4,1,6,3,4,0,High
1,2,7,6.9,0,6,3,5,5,3,2,8,2,10,6,7,0,Low
8,12,10,5.8,3,8,4,8,5,2,1,6,0,5,9,7,0,Medium
6,10,9,4.9,3,5,6,5,5,4,6,5,2,6,2,3,2,High
4,10,8,6.2,2,7,9,7,10,7,7,3,1,3,1,2,2,High
3,2,3,9.3,0,7,4,7,2,2,3,7,1,7,9,9,0,Low
3,6,3,7.0,1,5,5,4,6,0,6,9,4,5,7,7,0,Low
5,9,7,6.5,1,4,6,6,6,0,4,7,4,5,8,7,1,Medium
8,9,9,5.4,2,5,7,6,9,3,7,5,0,1,5,5,1,High
7,8,7,6.5,0,7,3,7,3,0,4,7,2,8,9,7,0,Low
6,7,7,7.2,0,5,2,2,4,2,3,8,7,6,5,4,0,Medium
3,4,2,7.1,0,2,6,8,8,3,7,7,2,4,5,8,0,Medium
5,8,6,6.2,1,4,5,3,6,4,7,7,6,8,8,7,1,Medium
5,5,7,6.8,0,4,4,2,2,4,5,5,4,6,5,9,0,Medium
3,1,5,8.1,0,1,2,3,6,4,5,7,5,5,6,6,0,Low
3,5,6,8.6,0,5,1,3,8,3,2,7,4,7,8,9,1,Low
3,6,7,7.7,1,6,6,4,7,5,5,6,2,9,7,6,0,Medium
6,6,6,8.1,2,5,2,3,4,3,3,7,1,6,8,8,0,Medium
5,4,4,6.4,1,4,5,4,7,0,4,6,4,7,6,9,0,Medium
3,6,6,7.9,2,7,3,3,7,0,4,7,2,5,10,10,2,Low
3,5,1,6.7,0,2,4,4,3,5,5,6,1,6,2,6,1,Medium
4,5,5,7.5,0,5,6,7,6,5,8,6,0,5,1,7,0,Medium
4,6,6,7.0,4,6,6,4,4,7,6,8,4,6,4,6,4,Medium
2,3,3,8.6,0,3,6,1,4,9,6,7,4,5,7,6,0,Medium
4,9,10,8.2,0,8,3,5,6,4,4,5,3,5,6,7,0,High
4,3,7,7.2,0,2,4,6,6,3,4,9,2,3,5,5,1,Low
4,5,8,7.0,0,4,6,4,5,3,5,8,6,4,4,5,1,Medium
5,7,6,5.9,1,5,5,3,9,2,6,7,0,3,5,7,0,High
3,8,8,7.7,1,10,5,6,8,5,4,6,6,4,5,5,1,High
7,5,8,6.4,3,7,7,5,7,6,3,6,0,3,3,2,1,High
3,6,4,7.0,0,6,8,6,6,8,9,5,2,4,4,4,0,High
4,4,4,7.7,0,4,2,5,9,1,7,8,3,4,6,9,0,Low
6,1,7,7.2,0,5,6,6,7,3,6,7,5,9,6,7,0,Low
2,5,3,8.3,1,6,3,5,5,1,5,6,1,7,6,6,0,Medium
1,6,6,6.9,0,1,5,7,8,3,7,5,2,6,4,3,0,High
8,9,9,5.3,2,7,4,7,7,5,5,6,2,3,6,6,0,High
2,2,2,6.4,1,4,5,4,5,4,3,8,4,6,3,6,0,Low
3,5,5,7.3,0,7,3,6,3,4,3,7,3,9,9,6,0,Low
2,3,3,6.3,0,2,6,1,7,4,5,8,0,6,3,6,0,Medium
5,7,8,6.0,0,4,4,8,3,3,4,6,3,5,6,3,0,Medium
6,5,4,7.3,0,3,5,2,4,6,1,6,4,7,7,6,0,Low
5,5,6,7.2,1,6,4,5,4,1,3,6,6,7,5,10,0,Low
4,6,2,7.1,0,5,4,8,7,2,3,6,4,6,10,4,0,Medium
4,6,6,7.0,5,6,6,4,6,5,6,8,2,6,6,6,4,Low
5,4,5,5.9,1,9,6,5,7,2,6,6,5,5,8,8,0,Medium
6,11,7,7.4,1,7,5,6,6,5,4,7,3,8,6,10,0,Medium
5,6,6,7.0,0,6,4,2,6,4,7,8,4,7,8,10,0,Low
4,3,5,7.2,0,4,5,3,7,4,5,8,2,6,7,7,1,Medium
6,6,4,7.0,0,7,9,7,8,4,9,6,1,4,4,3,2,High
6,9,7,6.8,0,8,3,2,3,0,3,6,6,10,10,8,0,Low
4,5,4,6.7,0,9,5,4,6,3,6,6,4,5,8,6,0,Medium
7,9,8,7.9,1,4,5,7,5,4,6,7,0,4,5,10,1,High
3,3,4,5.8,0,1,9,7,5,4,4,6,4,6,6,7,0,Medium
4,8,4,7.0,5,8,6,4,6,6,6,6,2,4,6,6,2,Low
3,2,4,7.8,0,7,3,4,4,1,3,9,5,8,9,9,0,Low
4,8,9,8.1,0,5,5,3,6,4,5,8,0,9,7,9,0,Low
4,4,4,6.7,0,7,8,4,7,4,10,6,3,4,5,3,1,High
4,5,3,10.0,0,3,1,2,5,2,4,7,5,8,10,8,1,Low
4,8,7,7.1,1,8,8,6,6,2,5,4,1,8,6,5,0,High
5,9,6,4.9,0,5,3,4,5,3,4,6,4,7,2,6,0,Medium
5,8,6,5.4,1,9,4,6,8,1,4,7,3,8,5,6,1,Medium
7,9,4,7.0,0,9,1,4,2,2,4,8,5,7,7,8,0,Low
3,4,4,6.5,0,4,3,7,6,4,2,7,1,6,7,7,0,Medium
4,3,4,7.4,0,6,6,7,6,3,8,4,0,4,3,7,0,High
4,8,10,6.0,1,7,7,4,3,6,5,7,1,6,5,5,0,High
6,6,10,5.3,0,7,9,8,7,9,8,5,2,5,2,5,0,High
3,7,5,6.5,1,6,10,5,5,4,6,5,5,6,1,3,0,High
4,8,6,6.0,3,6,6,6,6,5,4,6,4,6,6,4,2,Low
5,6,8,4.7,3,6,7,6,10,8,8,6,3,4,3,2,0,High
5,5,4,8.0,0,6,7,8,7,1,2,6,1,6,7,7,1,Medium
3,6,5,7.8,0,3,5,7,8,5,8,5,1,8,6,9,0,Medium
4,7,6,6.6,1,6,3,3,6,3,7,7,2,6,6,9,0,Low
6,7,6,5.8,3,4,4,4,4,5,7,7,3,4,8,6,0,High
5,8,6,7.4,1,6,4,10,5,2,3,5,5,5,6,9,0,Medium
3,1,2,7.5,0,5,3,4,6,6,7,7,2,5,5,3,1,Medium
4,2,4,6.4,1,5,5,2,1,1,3,7,3,6,9,9,0,Low
5,6,8,8.2,1,1,6,5,10,6,4,6,3,4,5,10,1,Medium
2,4,4,7.4,0,2,6,3,6,1,5,6,2,5,6,7,0,Low
5,4,6,6.0,1,5,4,4,6,6,4,5,1,5,1,5,0,High
5,6,2,7.6,0,3,5,6,7,5,7,4,2,8,6,5,0,High
6,6,8,6.5,1,6,6,8,5,1,9,6,4,2,5,5,2,High
5,11,7,7.4,3,4,6,3,5,4,8,4,4,7,4,6,0,High
8,11,9,6.6,0,8,3,2,7,3,4,6,7,9,10,8,0,Medium
3,6,5,7.4,0,5,6,4,5,1,4,7,1,6,6,6,1,Medium
4,8,6,6.0,5,8,4,6,4,5,6,8,4,6,6,4,4,Low
4,6,3,7.4,1,4,3,6,6,3,5,8,3,8,8,8,0,Low
6,9,10,6.7,2,7,10,5,7,4,9,6,1,5,3,7,0,High
5,7,8,7.1,0,8,5,3,6,5,8,7,0,5,8,7,1,Medium
4,7,7,7.6,0,1,3,6,9,2,4,9,6,4,6,7,0,Low
7,6,10,6.5,0,7,1,6,4,0,5,8,1,8,3,8,0,Medium
6,11,7,7.4,0,3,5,5,4,8,4,7,4,8,2,7,0,High
2,2,6,8.0,0,2,5,2,6,1,4,8,3,5,8,7,0,Low
4,3,5,7.8,2,4,2,4,3,3,4,8,2,5,4,9,0,Low
6,7,8,7.8,1,6,6,4,8,7,6,4,1,5,5,8,0,High
5,2,6,6.1,1,6,7,6,7,6,5,6,2,4,6,7,0,High
4,6,6,8.4,3,8,3,7,7,5,4,4,2,4,1,6,0,High
5,10,4,7.6,1,6,3,2,4,3,1,8,5,10,9,7,1,Low
4,5,4,6.5,0,6,5,5,6,5,6,5,0,9,5,2,0,High
6,3,6,7.6,0,3,3,4,8,5,3,7,0,6,4,6,0,Medium
1,2,3,8.5,0,5,7,7,8,5,5,8,0,5,6,4,0,Medium
4,4,3,6.8,0,1,9,7,8,5,9,7,3,5,3,4,1,High
2,5,3,9.1,0,7,1,1,1,3,4,8,7,6,10,7,0,Low
1,2,3,8.3,0,6,5,1,5,4,3,7,3,6,7,5,0,Low
4,6,6,7.0,4,8,4,6,6,5,6,6,4,6,4,6,2,High
4,8,6,8.0,4,6,6,4,4,6,6,6,4,4,6,4,4,Low
5,11,9,6.0,1,2,6,9,5,4,7,5,4,5,6,4,0,High
2,6,6,7.0,0,6,5,7,5,4,7,7,5,5,8,5,0,Medium
2,6,6,7.2,1,6,8,6,9,2,4,7,0,5,6,7,1,Medium
3,7,6,7.4,0,6,5,7,4,2,1,8,4,6,8,7,0,Low
3,3,4,7.6,0,2,3,5,6,4,5,7,4,7,4,3,2,Low
4,4,7,6.2,0,6,3,6,10,6,6,6,4,6,4,5,0,High
5,6,7,7.7,0,6,2,3,7,3,9,8,4,8,6,7,1,Medium
1,5,2,9.7,1,2,3,5,8,0,5,8,3,6,6,2,0,Medium
4,4,6,7.2,0,5,4,4,8,3,6,7,4,4,7,8,0,Medium
4,1,5,9.3,0,2,3,7,5,2,6,9,1,5,9,8,0,Low
6,3,4,8.1,0,4,5,7,6,4,4,7,1,6,6,9,0,Low
1,6,5,9.4,0,6,5,5,7,4,5,6,6,2,4,8,0,Low
3,5,4,7.5,0,7,5,6,5,3,6,7,4,5,4,5,0,Medium
6,9,10,6.0,3,8,8,5,10,5,7,7,5,4,5,5,0,High
3,7,5,8.6,0,6,1,1,4,6,3,9,4,6,7,7,0,Low
3,5,8,6.9,1,7,5,4,8,5,7,7,2,6,4,8,0,Medium
8,11,7,6.0,3,6,7,8,8,2,9,4,2,3,4,3,0,High
3,3,6,8.9,0,5,2,5,4,7,4,6,7,4,6,8,0,Low
6,10,9,7.4,1,9,5,3,6,5,5,6,2,8,8,10,0,Medium
6,5,5,7.2,0,3,6,6,6,7,6,6,3,5,8,7,0,Medium
6,9,8,6.2,2,4,6,5,4,2,10,5,4,6,7,6,1,High
6,8,4,6.0,5,6,6,6,4,5,4,8,4,6,6,6,2,Low
4,8,5,7.2,1,2,8,8,5,6,7,4,1,6,3,4,0,High
3,5,5,7.6,0,3,6,5,8,3,5,5,4,5,2,2,0,High
3,4,3,7.5,0,3,7,8,7,5,4,6,2,6,7,4,2,Medium
7,9,8,6.4,1,8,1,2,8,7,7,7,3,8,5,4,1,High
7,9,6,5.4,1,5,7,7,7,6,5,5,0,4,5,4,1,High
4,5,6,7.8,1,2,2,6,3,6,7,6,0,7,7,5,0,Medium
2,3,5,8.9,0,5,4,4,2,2,1,7,4,8,8,7,0,Low
5,7,7,7.3,0,4,5,6,10,2,5,5,4,1,1,6,1,High
3,7,7,6.4,2,5,7,5,10,1,6,8,3,6,7,8,0,Medium
4,7,8,6.5,0,5,7,5,10,6,5,6,3,8,9,9,0,Medium
3,5,5,6.2,2,6,7,4,4,3,7,6,2,5,5,5,0,Medium
5,4,4,7.2,1,2,5,3,2,4,2,9,4,7,8,6,0,Low
6,6,5,7.7,0,2,2,4,3,3,3,9,1,8,9,10,0,Low
6,6,4,7.0,3,6,6,4,6,5,6,6,4,4,4,6,2,Low
4,10,10,7.1,0,5,5,4,9,2,3,8,4,8,9,6,0,Medium
1,4,2,9.3,0,7,4,5,8,5,5,8,3,5,4,8,1,Low
4,8,2,7.1,0,4,4,3,7,7,6,8,1,6,6,6,0,Medium
3,4,5,7.7,0,4,5,7,5,3,5,8,5,4,3,8,0,Medium
4,6,6,7.2,0,6,2,5,4,3,4,8,3,8,5,9,0,Low
6,10,9,7.1,0,4,5,4,4,4,3,7,7,4,10,9,0,Low
2,5,5,7.0,0,4,6,3,8,4,5,8,0,5,8,7,0,Low
3,4,5,7.1,0,3,3,5,5,2,2,7,3,5,7,9,0,Low
2,5,7,6.6,1,6,4,4,7,3,7,7,5,4,5,5,0,Medium
5,10,8,6.9,1,4,6,6,7,1,4,5,2,1,6,6,0,High
4,6,8,6.3,0,6,7,10,6,1,8,6,0,5,8,4,1,High
5,6,5,6.4,3,5,6,7,6,5,5,4,1,6,6,6,2,High
6,7,7,6.9,1,7,4,4,6,6,6,6,3,4,6,6,0,Medium
2,2,4,6.7,0,3,3,5,6,3,7,7,5,6,6,7,0,Low
6,4,6,7.1,1,7,3,4,4,4,4,6,3,8,8,9,0,Low
2,7,5,8.2,0,8,5,5,7,5,5,7,5,7,5,6,0,Low
4,5,9,7.6,0,5,5,3,9,2,5,5,3,6,7,7,1,Medium
2,4,3,8.0,0,4,8,6,7,3,9,7,2,6,3,6,1,Medium
2,3,6,7.4,1,9,5,1,6,1,5,7,5,7,8,6,0,Low
4,7,7,6.5,1,6,6,3,8,5,5,9,4,4,7,4,0,Medium
5,6,5,6.8,3,2,5,8,6,3,5,7,3,5,6,10,0,Medium
4,8,6,7.0,5,6,6,6,6,7,4,6,4,6,6,4,2,Low
4,6,3,7.2,0,3,5,8,7,4,7,6,0,6,7,5,0,Medium
3,2,4,8.6,0,6,1,1,5,0,3,10,5,7,9,8,0,Low
5,5,5,8.0,1,5,4,1,8,3,1,7,3,7,8,9,0,Low
4,7,4,7.5,0,8,1,2,7,0,5,9,5,7,9,7,0,Low
5,9,3,7.8,0,7,2,7,4,0,3,10,5,9,10,8,0,Low
4,8,6,7.0,3,6,6,4,4,7,4,6,2,4,6,6,2,Low
7,6,7,6.2,0,4,7,9,5,7,6,6,2,6,3,7,1,High
5,8,6,7.5,2,7,3,5,5,6,7,6,1,3,6,8,0,Medium
1,4,2,6.5,0,6,6,5,8,4,6,6,4,6,3,5,0,Medium
3,10,7,6.9,1,3,5,5,10,4,10,6,3,5,5,3,0,High
5,6,8,5.9,0,5,5,5,6,8,8,5,6,5,3,3,0,High
1,4,5,5.9,0,5,5,6,6,2,2,8,2,6,6,7,1,Low
5,6,3,6.6,0,4,9,9,7,3,9,6,0,3,3,6,1,Medium
6,11,7,6.8,2,9,4,5,6,0,2,7,1,7,5,6,0,Medium
2,1,5,8.3,0,5,1,5,3,3,6,8,4,6,7,7,0,Low
2,4,5,8.2,0,6,3,4,6,0,6,7,5,9,7,5,0,Low
5,6,5,8.6,0,6,2,7,2,4,6,8,6,7,9,8,0,Low
3,5,5,6.1,2,7,7,4,7,1,5,8,6,7,6,9,0,Medium
2,3,3,8.1,0,4,5,8,8,1,5,7,4,5,7,6,0,Low
3,5,4,7.9,0,4,5,4,6,6,8,7,0,5,5,7,0,Medium
5,9,4,6.7,0,7,7,7,5,7,5,5,2,6,3,3,0,High
6,5,8,7.8,0,5,6,5,5,5,3,7,1,7,9,7,0,Medium
8,12,9,4.5,0,7,5,6,5,1,5,4,2,6,4,6,0,High
3,1,3,7.7,0,1,3,5,5,0,3,8,3,10,6,8,0,Low
5,7,7,8.0,0,7,5,4,7,7,5,5,3,4,7,5,0,Medium
4,6,5,7.7,0,6,6,4,4,0,5,8,4,5,3,7,0,Low
4,7,5,9.3,2,4,2,1,7,0,4,8,3,8,8,9,0,Low
1,4,4,6.4,0,4,8,6,6,5,9,8,1,2,5,8,0,High
2,5,4,9.1,0,3,6,4,7,0,4,9,4,7,7,7,1,Low
2,4,8,7.3,0,6,5,4,4,3,4,7,4,5,7,7,0,Low
3,6,6,8.5,0,7,3,5,5,0,1,7,5,6,7,9,0,Low
3,6,6,7.2,0,4,2,2,6,5,6,8,3,8,6,4,0,Medium
4,8,8,7.0,1,1,5,2,7,5,3,6,3,4,4,4,0,Medium
5,3,7,7.9,0,7,4,4,5,4,6,6,1,3,9,8,0,Low
5,1,2,7.3,2,4,4,9,5,3,6,7,1,2,7,5,0,Medium
3,4,6,7.4,1,6,5,6,6,2,7,6,0,6,6,5,0,Medium
3,6,6,6.6,0,7,7,5,6,5,5,8,1,6,4,6,0,High
4,5,8,7.0,1,6,4,5,6,1,5,6,5,5,6,7,1,Medium
4,3,3,6.1,0,3,1,3,8,5,6,8,6,9,8,10,0,Low
2,1,4,7.4,0,3,5,7,8,5,7,7,3,5,3,4,0,Medium
3,8,5,8.5,1,6,7,6,7,2,3,9,5,6,9,9,0,Low
7,6,9,6.8,3,8,7,7,9,8,4,5,3,6,3,5,0,High
5,4,4,7.8,1,8,4,6,6,4,8,5,3,3,4,8,0,Medium
4,6,5,7.5,0,6,7,7,3,6,4,7,0,7,10,7,1,Low
2,7,2,8.9,0,4,5,6,6,6,5,5,6,3,5,5,0,Medium
7,9,7,5.9,2,8,10,7,9,7,10,4,1,1,2,4,1,High
3,4,6,6.5,1,2,8,7,10,4,9,7,1,2,4,4,0,High
3,7,5,8.3,1,7,6,4,4,3,7,6,5,7,4,6,0,Medium
4,8,6,7.7,0,6,7,3,8,10,8,5,3,7,5,5,0,High
3,3,6,8.3,0,3,9,7,7,4,4,8,6,6,6,8,0,Low
6,6,9,6.7,1,5,3,6,5,2,6,7,2,7,10,8,1,Low
6,8,6,7.0,4,8,4,6,4,7,6,6,4,6,6,4,2,High
7,5,7,8.0,1,5,4,6,5,2,4,6,3,7,7,7,0,Medium
5,5,6,7.3,1,5,5,4,7,5,7,7,3,5,8,7,0,Medium
3,8,6,6.5,0,2,4,3,7,0,5,6,2,7,7,4,0,Medium
3,5,1,8.0,0,3,4,1,1,0,2,8,3,7,6,7,0,Low
4,5,7,7.7,0,4,2,2,5,2,4,8,7,8,8,10,0,Low
6,1,5,7.6,0,5,6,5,4,2,3,8,5,10,10,8,0,Low
5,4,4,5.6,1,5,7,3,5,3,9,9,4,8,5,7,0,Medium
6,6,5,8.5,1,1,5,5,6,3,5,8,1,7,6,5,0,Medium
7,8,9,5.1,5,6,6,8,10,4,8,6,0,3,3,3,1,High
5,4,6,6.0,2,3,8,8,6,7,4,6,1,5,5,3,0,High
4,6,6,6.0,5,6,6,4,4,7,6,8,2,6,6,6,2,Medium
4,8,5,8.0,0,7,7,5,3,2,7,8,3,6,6,1,0,Medium
4,6,4,8.0,3,6,6,6,4,7,6,8,2,6,4,4,2,Low
6,7,6,6.9,0,6,7,3,5,2,4,6,5,4,8,6,0,Medium
4,3,9,7.2,0,4,3,5,9,6,4,7,5,5,8,7,0,Low
4,3,7,7.4,0,4,5,2,7,6,4,9,3,6,5,8,1,Low
2,1,2,7.6,0,2,5,4,5,5,2,9,2,4,9,7,1,Low
2,1,8,5.7,2,5,7,6,6,3,8,7,3,7,3,5,1,Medium
6,6,7,6.4,1,6,3,2,6,0,1,10,4,7,9,9,0,Low
4,8,7,5.8,0,3,4,4,7,0,2,6,4,8,6,10,0,Medium
5,3,7,7.0,0,6,10,8,6,11,8,6,3,3,4,3,0,High
5,7,5,7.6,0,4,7,5,6,5,5,8,2,2,7,4,0,Medium
4,8,3,8.2,1,5,6,4,7,7,8,4,4,4,6,3,0,High
4,9,6,5.9,0,3,4,6,6,1,4,7,1,5,7,5,0,Medium
5,10,10,6.9,3,6,4,7,9,5,5,6,4,4,5,5,0,High
4,7,7,6.4,5,4,5,4,3,0,6,7,2,7,8,4,0,Medium
7,8,9,9.3,1,5,6,8,8,4,6,6,3,5,5,6,0,High
6,11,9,7.8,0,7,4,5,6,3,6,7,4,4,4,7,0,Medium
5,1,5,8.8,0,2,4,6,5,3,6,7,2,4,2,8,1,Medium
4,6,6,8.8,0,5,7,5,7,2,1,7,3,8,10,6,0,Low
3,3,7,7.7,0,5,2,4,6,6,4,7,1,5,5,7,1,Medium
5,4,6,6.7,1,10,8,6,4,4,8,7,3,3,5,6,0,High
1,1,3,7.9,1,4,6,6,1,6,8,7,4,5,5,7,0,Low
2,6,5,6.9,1,7,5,3,4,3,4,8,6,8,7,3,0,Low
3,3,2,7.9,1,1,4,5,5,5,5,8,2,6,4,3,0,Medium
6,6,7,8.3,1,2,4,6,6,4,3,8,1,7,6,4,0,Medium
4,7,8,6.5,0,5,7,7,8,5,8,6,3,6,2,8,1,High
2,4,4,7.8,0,8,2,3,4,2,1,10,2,5,6,7,0,Low
4,7,7,6.0,2,10,2,5,3,7,8,7,6,6,5,5,2,High
7,6,5,7.9,0,4,5,3,4,3,2,9,6,9,8,9,0,Low
1,5,1,9.3,0,3,4,5,4,0,2,8,3,4,10,10,0,Low
4,7,8,8.0,1,5,7,10,10,5,4,4,0,1,8,4,1,High
1,4,3,9.2,1,2,6,6,8,7,6,8,1,3,6,4,0,Medium
2,4,3,8.5,0,4,7,6,2,1,4,9,4,5,2,9,0,Low
2,5,6,8.3,0,5,2,3,4,2,3,9,3,7,10,9,0,Low
4,6,5,9.5,0,10,1,1,5,0,1,8,7,7,10,10,0,Low
4,8,4,7.1,1,6,6,3,6,6,7,5,5,7,4,6,0,Medium
4,7,7,6.2,2,8,9,6,5,5,9,6,0,7,5,4,1,High
4,3,3,9.1,0,1,4,5,8,2,6,8,4,4,5,1,0,Low
6,4,5,6.6,0,7,6,6,6,4,6,5,5,4,5,8,0,Medium
6,6,8,6.9,0,4,6,7,6,5,4,6,4,5,5,4,0,Medium
3,5,4,8.2,1,8,2,2,3,3,4,7,5,8,8,10,0,Low
5,6,4,7.5,1,7,5,4,8,4,6,7,2,6,7,9,0,Medium
4,6,6,8.0,5,6,6,6,4,5,6,8,2,4,6,6,2,Low
2,7,5,8.9,0,3,5,5,3,4,3,7,1,5,5,10,0,Low
4,6,6,6.0,3,6,4,6,4,7,4,6,4,6,6,6,2,Medium
1,2,3,8.5,1,4,6,5,7,3,4,7,4,10,4,6,1,Low
4,6,2,6.3,1,6,7,5,4,4,7,4,2,5,5,6,1,High
6,6,8,6.7,1,7,4,7,4,2,4,8,3,6,6,9,0,Medium
4,5,5,8.5,0,8,6,6,6,3,7,7,0,6,5,7,0,Medium
5,3,4,8.7,0,7,8,6,8,6,4,6,1,8,4,1,0,High
5,5,2,6.3,0,4,6,4,5,0,6,7,7,8,9,7,0,Low
6,6,7,7.3,0,6,5,4,5,4,4,7,3,7,8,6,0,Low
4,3,6,7.3,0,5,6,4,6,5,8,6,4,4,5,6,0,Medium
4,6,7,7.3,0,6,5,4,8,3,5,7,2,8,6,7,0,Medium
5,6,7,7.8,1,7,9,7,8,5,6,4,0,4,7,5,0,High
3,5,1,9.7,0,4,6,8,7,4,5,8,2,9,6,6,0,Medium
4,9,5,6.5,1,4,7,6,6,8,7,5,3,4,3,4,1,High
3,6,5,8.0,1,5,7,6,5,7,5,7,0,5,8,10,0,Medium
4,6,6,6.0,5,6,6,6,6,7,6,8,2,6,4,6,4,Medium
3,6,6,6.7,0,4,8,9,6,6,7,6,3,5,2,10,2,Medium
4,5,5,6.4,0,4,8,4,4,5,2,9,3,3,5,10,0,Low
4,7,7,8.2,0,3,5,6,6,0,3,8,2,9,7,7,0,Low
6,8,3,8.0,1,6,7,7,3,4,7,6,3,4,6,8,0,Medium
2,3,6,7.3,0,8,5,8,6,5,5,6,4,2,6,6,0,Medium
4,5,6,7.0,0,5,2,6,6,0,3,8,2,7,9,8,0,Low
5,4,3,9.2,0,6,8,6,7,3,7,7,2,7,5,5,1,Medium
2,4,4,8.1,0,4,1,5,4,3,8,7,5,6,8,6,0,Low
2,1,4,7.0,0,1,7,6,8,6,6,7,0,6,6,6,0,Medium
3,3,5,6.9,1,9,4,1,3,2,1,9,4,9,8,8,0,Low
1,5,5,8.8,0,1,5,5,7,6,5,8,1,8,6,8,1,Medium
4,4,5,8.5,0,5,1,3,5,1,2,9,2,10,8,8,0,Low
3,3,5,7.1,0,4,2,6,5,0,4,7,4,6,4,10,0,Low
5,8,5,7.3,1,8,5,7,5,5,6,5,4,6,6,8,0,Medium
3,4,4,8.5,1,4,6,3,4,6,4,7,2,3,6,5,0,Low
4,5,5,7.5,0,10,5,9,10,5,4,5,1,8,9,9,0,Medium
4,6,6,6.0,5,6,6,6,4,7,6,8,4,6,4,6,4,Low
7,8,9,7.1,1,5,6,3,3,7,7,6,3,6,5,8,0,High
6,9,8,7.9,0,3,4,2,7,2,4,8,4,6,9,9,0,Low
3,3,5,7.3,1,7,6,2,8,7,6,4,1,4,5,3,0,High
1,1,4,6.9,2,2,7,7,7,2,4,7,2,6,6,7,0,Low
4,6,5,5.7,2,5,4,5,3,0,6,6,4,6,3,6,1,Medium
5,5,3,7.2,0,7,7,4,7,2,5,8,3,4,4,9,1,Medium
4,8,6,8.0,4,6,4,6,6,5,6,6,2,4,4,4,4,Medium
5,6,5,7.6,1,3,8,7,8,6,10,6,2,5,3,5,0,High
3,7,4,7.9,0,4,6,6,7,2,3,8,2,8,8,4,0,Medium
3,6,4,7.0,0,2,4,2,7,3,6,5,2,3,7,10,0,Medium
5,7,5,6.8,0,2,5,2,4,4,4,8,4,6,8,8,0,Low
4,7,4,7.5,1,7,6,5,7,3,4,7,2,8,8,7,0,Medium
3,4,6,8.1,0,6,2,3,6,2,2,7,3,5,8,10,0,Low
1,1,1,9.2,0,4,5,5,3,5,4,8,5,6,9,10,0,Low
5,7,5,6.1,2,7,7,4,5,2,8,7,7,4,9,7,0,Low
8,8,10,5.6,2,6,5,8,5,3,1,5,0,6,2,6,1,High
4,6,6,8.7,2,8,6,5,6,3,2,7,2,5,4,4,0,Medium
3,3,3,9.5,1,1,4,6,6,4,4,6,5,5,7,6,0,Medium
1,2,6,6.6,0,3,8,7,3,4,7,6,0,8,7,3,0,Medium
4,7,7,7.9,1,6,2,7,3,5,7,7,2,6,6,8,1,Medium
5,6,7,5.8,1,6,7,4,4,5,6,7,6,7,5,9,1,Medium
4,1,2,7.8,0,4,2,6,8,2,2,8,2,7,6,5,0,Low
3,4,3,6.9,1,4,6,6,7,1,7,7,2,7,6,8,0,Medium
5,4,5,7.1,0,6,4,4,9,3,5,6,1,7,5,6,0,High
6,8,4,7.9,0,4,6,1,4,0,5,8,5,4,8,7,0,Low
3,5,5,7.6,1,4,5,5,4,2,4,6,0,9,5,7,0,Medium
2,4,1,8.5,0,4,4,8,3,0,3,7,2,8,6,6,1,Low
5,6,5,7.0,1,5,6,2,4,0,3,7,2,6,8,4,1,Low
4,7,7,7.0,3,6,6,4,5,5,6,5,2,3,2,6,0,High
3,8,4,8.0,1,5,3,3,1,0,4,10,7,6,10,6,0,Low
6,4,7,5.5,0,2,5,8,6,7,7,5,3,3,7,2,1,High
4,7,5,7.4,1,2,5,3,6,4,6,6,2,5,1,4,0,Medium
3,7,3,7.9,0,4,7,4,6,4,4,6,4,6,6,7,0,Medium
5,9,9,6.1,1,5,6,4,6,3,8,3,3,5,3,4,0,High
4,5,4,7.7,0,4,2,3,4,2,6,10,7,9,6,9,0,Low
5,9,8,7.2,0,7,4,3,2,2,4,8,5,7,9,8,0,Low
5,8,7,6.5,1,5,2,4,4,4,6,4,1,8,9,8,1,Medium
4,2,4,9.7,0,1,3,4,7,4,2,7,5,7,7,7,0,Low
5,4,5,9.0,0,7,5,7,6,5,8,9,3,8,7,7,2,Low
6,5,7,4.2,1,7,9,9,9,5,7,6,2,8,2,6,0,High
2,2,3,8.4,0,7,1,5,5,0,1,5,1,8,5,5,0,Low
3,9,6,8.0,0,4,6,5,6,2,6,7,4,6,7,10,0,Medium
3,4,8,7.1,0,5,8,8,7,5,5,7,3,6,4,8,0,Medium
3,4,7,7.9,0,2,4,5,6,6,9,6,1,6,4,4,4,High
2,3,6,9.1,0,5,3,4,4,0,5,8,6,9,9,6,0,Low
5,6,4,6.0,0,5,6,9,5,4,3,5,0,3,4,8,0,Medium
7,6,6,6.2,0,4,9,4,7,7,8,4,6,5,1,3,2,High
5,4,5,9.3,0,6,1,2,6,4,1,7,3,7,10,7,0,Low
3,6,6,6.6,0,5,4,2,4,2,5,8,5,8,7,7,0,Low
3,8,5,7.2,1,8,4,5,8,7,5,6,4,6,8,9,0,Medium
4,6,4,7.2,1,5,4,7,9,5,3,7,5,6,5,10,0,Medium
3,5,7,8.2,0,1,9,7,5,5,3,6,5,2,4,9,0,Medium
5,6,7,8.0,2,2,5,5,8,4,7,6,2,3,7,6,0,Medium
4,4,6,8.3,0,8,3,4,4,4,2,10,5,7,10,8,0,Low
7,10,7,6.3,1,6,5,5,7,2,5,7,2,5,7,6,0,Medium
4,7,6,5.5,1,7,5,5,5,1,5,8,2,6,6,6,0,Medium
5,9,8,7.6,3,6,8,7,9,3,5,4,2,5,6,4,0,High
4,8,5,7.1,0,8,6,7,6,2,2,8,3,5,8,6,0,Low
4,4,4,7.5,1,1,3,5,5,1,4,8,4,4,7,10,0,Low
4,2,3,8.5,0,6,6,6,6,4,4,6,2,7,4,4,0,Medium
5,4,5,7.3,0,7,6,9,5,4,6,5,3,6,6,6,0,Medium
6,3,7,7.9,0,5,3,2,5,2,4,5,4,4,5,7,0,Medium
4,5,2,8.3,1,6,1,3,7,4,1,7,2,9,10,10,0,Low
5,9,7,7.0,1,5,7,4,8,6,3,7,4,4,5,6,0,Medium
4,5,5,7.5,1,3,3,3,4,1,4,8,6,7,7,7,0,Low
1,7,4,6.7,0,5,9,6,4,6,7,7,1,6,8,4,0,Medium
4,3,4,8.1,0,5,5,5,6,2,5,8,4,6,8,7,0,Low
5,12,7,7.3,0,7,6,5,7,6,6,5,3,6,4,6,0,High
5,5,6,6.5,0,7,6,5,2,0,6,9,5,5,5,7,0,Medium
4,4,4,7.4,1,4,5,2,10,1,2,8,5,7,6,8,0,Low
3,4,5,6.4,0,8,6,4,7,5,7,6,4,5,2,7,0,Medium
3,4,8,7.4,0,5,3,5,9,3,5,7,3,4,6,5,0,Medium
6,8,5,8.7,1,6,5,4,6,2,3,6,2,8,8,8,0,Medium
5,8,7,6.9,1,5,9,9,5,5,8,6,1,6,3,7,0,High
6,12,7,4.5,1,9,3,8,6,4,5,8,6,6,10,4,1,High
4,3,5,7.7,3,5,2,4,3,4,6,7,2,6,4,7,1,Medium
6,8,5,6.5,0,6,4,2,6,7,3,7,4,5,6,9,0,Low
3,1,4,8.8,0,5,7,2,3,1,6,6,5,6,8,8,0,Low
2,2,4,7.2,0,1,6,4,6,4,7,6,4,5,5,5,0,Medium
4,6,4,7.0,4,8,6,4,6,6,6,6,4,6,6,6,2,Medium
6,7,6,7.2,1,4,4,4,6,1,5,5,3,6,9,6,0,Medium
1,1,1,8.6,0,1,6,4,5,5,9,8,2,7,6,6,1,Low
3,8,5,7.6,0,6,7,7,4,3,2,7,7,7,9,9,0,Low
7,10,8,6.6,0,7,1,3,1,3,1,8,7,7,8,10,0,Low
3,5,1,6.8,1,2,7,10,9,6,7,6,4,2,4,4,2,High
5,7,10,6.1,2,6,9,5,9,8,5,4,2,5,4,4,0,High
1,3,4,9.7,0,3,4,7,4,4,5,6,2,9,8,6,0,Low
4,8,6,6.0,4,8,6,6,4,6,6,6,4,6,6,6,4,Medium
4,6,6,8.0,3,6,6,6,6,5,6,6,4,6,6,4,2,Medium
1,1,3,8.0,1,4,5,5,6,2,5,7,5,7,7,9,0,Low
3,4,7,6.6,0,5,4,4,5,6,6,6,4,6,8,7,0,Medium
4,6,6,7.0,4,8,4,6,6,6,6,8,4,6,6,4,2,Low
6,10,4,6.2,0,5,4,7,5,6,3,6,2,6,3,7,0,High
7,7,10,7.5,1,7,4,2,9,5,6,7,0,8,4,9,0,High
3,3,6,8.6,0,4,4,6,5,2,5,8,6,10,9,10,2,Low
3,1,4,8.9,0,4,5,6,5,6,6,6,2,6,7,4,0,Medium
4,5,8,7.0,2,5,5,7,10,6,7,3,3,5,3,5,0,High
6,10,9,6.8,1,7,3,7,6,6,6,9,2,3,6,8,0,Medium
6,7,8,5.7,1,9,5,5,4,1,5,7,6,7,3,7,0,High
3,6,1,8.8,0,4,6,4,9,5,4,9,2,7,3,6,0,Low
3,4,4,7.9,0,1,5,4,5,4,6,5,2,5,6,8,0,Low
2,5,3,8.1,0,1,2,6,3,3,2,8,4,8,9,7,0,Low
2,2,3,9.1,0,4,6,3,6,1,6,7,0,5,7,7,0,Low
2,3,6,7.3,1,7,5,4,6,4,3,7,4,4,3,6,1,Medium
2,5,4,5.9,0,2,9,5,6,5,8,6,3,5,6,4,0,High
3,1,2,9.0,0,3,5,6,2,3,6,7,4,9,5,4,0,Low
5,9,6,5.9,2,10,6,7,8,2,8,5,5,3,3,3,4,High
4,6,6,7.0,1,5,5,2,3,2,4,7,2,7,9,5,1,Medium
5,6,6,6.4,0,9,5,4,6,4,6,7,0,3,5,10,0,Medium
6,6,8,6.6,1,3,4,5,5,1,6,5,1,6,8,4,1,High
2,1,2,8.0,0,2,5,5,3,0,3,9,4,6,8,9,0,Low
6,3,6,7.9,0,3,8,2,6,4,5,6,5,6,8,5,0,Low
5,6,7,6.0,0,3,7,5,6,6,5,6,2,6,4,1,0,High
4,5,6,5.9,1,2,3,5,4,3,4,8,2,7,8,7,0,Low
4,7,5,8.0,0,5,5,5,6,2,1,10,7,7,5,10,0,Low
3,5,5,6.7,0,6,6,6,4,4,5,7,3,5,6,5,0,Medium
5,6,3,7.8,1,3,4,3,5,1,5,6,2,8,5,10,0,Low
1,9,4,8.3,0,4,4,6,6,3,4,7,5,5,7,10,1,Low
4,8,7,6.9,0,9,7,4,3,1,6,8,4,8,6,5,0,Medium
3,6,4,9.2,0,7,1,1,2,0,5,8,5,8,10,5,0,Low
3,7,4,7.7,0,5,1,6,4,1,3,9,7,6,9,7,0,Low
3,9,7,8.0,0,6,9,6,6,6,4,7,2,3,4,8,0,Medium
5,5,4,7.4,1,1,3,5,4,3,6,7,4,6,6,3,0,Medium
5,7,3,8.2,0,6,3,2,4,4,3,10,3,8,10,10,0,Low
4,6,6,7.0,3,8,6,6,6,5,6,6,4,6,4,6,2,High
4,5,7,6.3,1,5,6,5,7,4,5,6,2,4,7,5,0,Medium
2,3,4,7.4,1,5,3,4,7,2,5,7,5,8,6,6,0,Low
4,7,5,6.9,0,4,4,2,7,6,3,7,3,3,9,8,0,Low
4,3,6,7.3,1,2,8,6,7,6,5,5,2,5,4,6,0,High
4,8,6,6.0,3,8,6,6,6,5,4,6,4,4,4,4,4,Medium
3,4,5,7.4,0,5,7,6,8,5,7,8,1,4,2,3,2,High
5,8,4,5.9,1,5,6,6,4,3,7,7,1,8,7,6,2,Medium
6,5,6,7.6,1,2,3,7,8,2,6,5,2,7,8,7,0,Medium
5,6,4,8.3,0,1,3,3,8,6,5,8,1,7,7,5,0,Low
3,5,7,8.4,1,8,6,5,7,5,6,8,2,7,8,8,1,Medium
8,9,8,7.6,1,7,6,3,9,4,4,5,2,8,5,4,1,High
4,3,5,7.0,0,6,5,4,9,4,5,6,2,7,5,6,0,Medium
4,7,6,7.7,0,2,5,2,6,1,7,7,4,6,7,7,0,Low
2,2,2,8.4,1,3,5,6,7,3,4,9,6,8,5,7,0,Low
3,1,2,8.2,0,3,4,2,7,3,2,8,1,8,9,10,0,Low
4,8,5,4.8,1,7,3,7,4,0,7,5,2,5,5,6,0,High
6,11,10,6.7,1,7,7,6,8,4,5,4,0,6,3,3,1,High
6,6,4,6.0,5,6,4,4,6,6,6,6,2,4,4,6,2,Medium
2,6,2,6.7,0,2,5,7,3,5,7,8,4,4,9,9,1,Low
8,7,7,5.9,1,7,5,5,10,3,5,7,1,8,5,7,0,Medium
3,5,5,7.4,1,1,4,7,8,0,7,8,4,5,6,6,0,Medium
5,4,5,7.1,2,3,7,9,9,3,7,7,4,2,6,7,0,High
7,11,6,7.5,1,6,2,5,5,4,5,7,5,10,10,8,0,Low
5,7,6,8.4,0,6,5,3,4,2,5,5,3,5,6,6,1,Medium
8,8,8,5.5,2,10,2,1,3,1,3,5,5,8,8,7,0,High
4,5,3,8.0,0,4,2,2,4,0,1,8,4,7,10,9,0,Low
3,5,5,7.2,0,5,3,4,6,2,2,7,5,6,7,4,0,Medium
4,4,3,9.0,0,1,4,1,6,3,3,8,4,6,7,7,0,Low
4,3,3,7.9,0,4,2,5,9,4,6,8,3,5,5,8,1,Low
3,5,3,6.7,1,3,6,2,6,10,8,7,0,6,6,4,0,Medium
4,5,6,7.7,0,6,6,7,5,1,3,4,3,10,7,7,0,Medium
3,6,5,8.5,0,6,5,5,5,2,6,10,2,7,8,6,0,Low
5,7,7,8.5,1,6,5,4,4,4,4,7,1,3,5,7,0,Medium
4,3,5,6.1,0,1,3,6,10,4,5,7,2,3,6,6,1,Medium
3,7,5,8.0,0,7,5,4,5,0,2,7,4,6,8,10,0,Low
2,7,6,7.4,1,6,6,5,6,3,4,7,2,7,6,7,0,Low
4,6,6,8.0,4,6,6,4,4,7,6,6,2,6,6,6,2,Medium
5,8,3,7.4,1,8,4,6,4,1,7,6,3,10,7,8,0,Low
3,1,4,8.5,0,7,7,4,7,3,4,7,2,5,2,5,2,Medium
5,6,7,7.7,1,3,6,5,6,6,6,8,3,7,6,8,0,Low
1,2,2,9.3,1,3,8,9,8,7,4,8,3,5,6,7,1,Low
5,9,4,7.7,0,3,5,3,5,0,5,8,3,7,8,6,0,Medium
7,12,8,7.8,4,10,3,5,1,0,5,4,4,5,7,5,0,High
3,3,3,7.8,0,6,4,3,4,5,5,8,3,6,3,6,0,Medium
4,6,6,6.6,0,7,4,7,2,6,3,8,6,6,6,5,0,Low
4,6,6,7.7,0,4,3,4,8,6,2,8,6,8,10,10,0,Low
4,7,5,7.3,0,6,6,4,9,2,7,7,2,4,6,3,0,Medium
4,8,6,8.0,1,5,4,6,2,6,7,6,2,10,6,9,0,Medium
5,8,6,7.1,0,5,3,2,3,2,2,9,5,8,8,6,0,Low
5,7,6,7.7,0,5,4,6,3,0,4,10,2,7,7,9,0,Low
7,8,10,5.3,1,2,5,8,7,3,5,5,0,5,4,7,0,High
4,3,4,9.1,0,4,1,6,2,0,1,10,6,6,8,6,0,Low
6,10,10,6.4,1,12,3,4,4,3,1,7,3,5,6,8,0,Medium
3,5,3,7.4,0,5,4,4,3,0,3,6,0,7,9,10,1,Low
4,4,6,8.3,3,5,8,3,8,7,6,7,2,4,4,5,0,High
2,1,1,8.9,0,3,5,5,3,5,8,7,4,6,8,8,0,Low
3,4,6,6.4,0,4,9,5,10,6,8,7,1,6,3,6,1,High
4,7,7,7.1,0,6,5,3,8,1,2,9,3,6,8,9,0,Low
1,3,1,10.0,0,3,3,3,9,3,5,9,5,10,6,10,0,Low
1,3,3,9.8,0,1,6,7,7,2,4,8,2,6,8,6,0,Low
1,6,6,8.0,1,6,7,4,9,5,5,6,3,5,10,6,0,Low
6,8,8,4.9,0,9,5,6,8,4,6,5,4,5,7,5,0,High
7,4,4,8.4,1,3,4,5,4,3,8,7,4,7,5,4,0,Medium
6,7,6,6.8,0,4,7,4,6,4,6,6,3,5,4,7,0,Medium
1,2,3,9.2,0,6,6,4,7,1,3,8,0,7,6,6,1,Low
4,6,6,6.0,5,8,6,4,6,5,4,8,4,6,6,6,2,High
3,7,7,7.0,0,6,7,8,7,5,8,5,2,5,6,9,2,High
1,1,3,8.3,0,11,2,2,6,4,4,9,5,5,9,7,0,Low
3,6,7,7.3,1,7,1,3,3,3,1,8,2,10,9,8,0,Low
4,6,4,6.0,5,6,6,6,6,7,6,6,4,4,6,6,2,High
5,7,8,5.2,1,8,9,6,4,4,7,5,1,6,3,8,0,High
5,7,7,9.3,1,7,6,1,6,0,7,7,5,6,8,5,0,Medium
5,7,5,6.9,0,4,4,4,3,3,4,9,6,9,5,9,0,Low
4,9,4,6.1,0,2,6,3,4,4,8,8,4,8,6,4,0,Medium
5,10,8,7.0,1,7,10,3,6,5,5,6,3,4,5,8,0,High
1,6,7,8.5,1,5,5,5,8,5,7,6,2,3,3,6,1,High
1,4,6,7.6,0,3,6,5,8,2,5,5,1,9,6,5,0,Low
1,5,5,7.0,0,7,3,3,5,5,6,9,5,7,8,10,0,Low
4,4,1,7.0,0,7,6,2,7,6,6,7,5,8,8,6,0,Low
4,8,5,6.3,0,7,4,6,9,6,6,8,2,4,9,7,0,High
2,5,5,7.5,0,5,6,5,5,3,5,9,0,5,5,3,0,Medium
5,5,6,7.1,0,2,3,5,7,3,4,8,5,7,7,9,0,Low
4,11,10,6.2,4,6,8,6,7,8,5,6,0,3,3,3,0,High
5,2,4,7.3,0,1,7,7,5,6,7,7,2,3,5,4,0,Medium
4,7,10,7.4,0,1,6,8,5,8,6,6,1,5,5,3,1,High
4,2,3,7.8,0,5,4,2,4,5,4,7,5,4,4,6,0,Low
5,7,5,6.5,0,7,8,5,6,10,5,7,1,6,4,4,1,High
3,9,8,7.0,3,2,6,7,10,5,4,5,2,4,4,8,0,High
1,1,3,8.8,0,1,7,6,5,0,3,7,0,7,8,7,0,Low
8,12,10,5.8,5,7,8,6,6,5,7,4,2,5,3,3,0,High
5,7,5,6.2,1,5,5,6,7,4,4,7,2,6,5,2,0,Medium
4,9,6,7.8,1,2,9,8,4,5,8,7,4,7,3,9,0,High
5,11,7,5.1,2,9,7,6,7,7,6,5,2,4,5,1,0,High
4,3,4,7.0,0,2,5,5,7,3,7,6,3,4,8,8,0,Low
3,5,4,8.9,0,2,4,3,7,0,1,10,4,10,7,10,0,Low
4,6,4,6.0,5,8,6,6,6,7,6,6,4,4,6,4,2,Medium
4,6,6,7.0,3,6,4,6,6,6,6,8,4,6,6,6,2,High
4,2,4,6.7,0,4,4,2,4,1,3,8,5,4,8,9,1,Low
5,7,6,5.3,1,4,2,5,7,6,8,5,0,5,5,6,1,Medium
7,6,7,4.8,3,7,6,4,8,9,7,6,1,3,2,6,0,High
6,2,9,6.6,0,6,8,4,7,6,8,7,2,6,3,7,0,High
6,5,5,7.8,1,1,4,1,6,0,7,8,6,5,4,3,0,Medium
6,7,9,7.2,1,7,8,5,6,4,4,5,5,4,7,4,2,High
7,9,10,7.0,4,10,6,4,7,2,4,6,1,5,8,5,0,High
6,1,5,7.8,0,5,5,7,7,1,6,7,2,5,7,6,1,Medium
3,4,5,7.0,1,5,1,4,4,1,5,7,0,5,9,8,0,Low
3,6,5,6.4,1,9,4,6,9,0,6,7,6,5,7,8,0,Low
6,7,8,7.3,0,5,6,7,6,4,2,5,3,6,3,6,0,High
3,5,4,9.3,1,4,5,1,2,2,4,8,5,10,7,9,0,Low
2,7,5,6.6,0,5,2,6,8,2,8,5,3,7,6,6,0,Medium
3,4,4,9.1,0,4,5,5,5,0,1,6,3,6,6,10,1,Low
5,6,3,5.6,0,3,5,8,7,8,9,7,3,4,2,3,0,High
2,7,5,7.5,0,5,6,3,6,4,9,7,1,1,3,4,0,Medium
5,4,6,7.2,0,8,5,4,8,5,7,7,1,5,4,7,2,Medium
3,10,8,6.2,1,8,9,4,6,4,5,5,2,6,5,8,1,High
4,8,8,7.0,0,5,4,3,7,6,6,6,3,5,5,5,0,High
5,3,4,7.2,0,3,6,9,3,4,5,7,4,5,7,6,0,Medium
2,2,3,8.5,0,3,5,3,3,2,4,9,4,3,7,7,2,Low
6,9,5,6.7,1,8,4,6,6,2,5,6,2,4,8,5,0,Medium
6,5,6,7.8,1,3,4,5,4,5,4,5,3,5,8,6,0,Medium
2,3,8,9.1,2,9,3,1,5,2,2,7,4,6,7,7,0,Low
4,4,6,7.4,1,5,4,5,8,3,5,6,4,1,6,8,0,Medium
6,8,6,5.9,0,4,4,6,5,4,8,6,4,5,5,6,0,High
5,4,2,7.6,0,4,2,4,3,1,2,8,4,8,8,8,0,Low
3,8,3,8.5,0,4,3,5,6,5,2,6,2,7,6,10,0,Low
7,8,8,7.0,4,7,5,9,3,1,10,6,1,4,5,9,0,High
3,4,8,7.5,0,2,6,8,9,9,6,4,4,6,6,8,1,High
2,5,5,7.3,0,4,7,7,7,6,6,6,1,8,8,4,0,Medium
6,5,5,7.7,0,2,6,7,6,4,4,7,2,4,8,8,1,Medium
3,3,3,8.9,1,3,4,6,4,3,4,8,4,5,6,10,0,Low
1,1,4,7.9,0,2,2,3,6,0,2,8,6,8,5,7,0,Low
4,6,6,8.0,4,8,6,6,6,5,6,8,2,6,4,4,2,Medium
5,10,6,5.7,0,5,7,4,9,5,5,6,4,4,5,5,0,Medium
3,3,5,6.8,2,5,6,4,4,5,5,6,1,7,3,5,0,Medium
2,7,9,8.3,0,6,5,5,7,6,2,7,2,3,7,8,1,Low
2,4,6,8.7,0,5,4,5,6,5,7,8,4,6,6,7,0,Low
3,2,7,8.0,1,7,3,3,5,1,3,9,6,8,8,7,0,Low
2,3,2,5.6,0,4,6,6,8,5,5,7,2,9,5,7,0,Low
4,6,4,6.0,4,6,6,6,6,6,4,8,4,6,6,6,4,Low
6,8,7,6.5,1,8,5,5,3,7,5,6,4,7,5,2,0,High
4,7,7,7.1,1,8,7,2,5,5,4,7,4,6,6,8,0,Medium
5,10,8,6.9,1,4,5,4,3,5,7,8,5,3,3,6,0,Medium
7,4,7,7.3,0,7,7,1,10,1,5,7,2,6,7,6,0,Medium
7,6,5,6.7,1,4,6,5,7,3,2,6,5,5,7,4,0,Medium
2,3,4,7.4,1,4,7,9,7,6,9,5,3,7,7,7,1,High
3,4,7,7.2,0,5,5,5,7,2,5,9,5,4,5,6,1,Medium
2,5,6,6.8,1,6,6,6,9,5,4,6,3,6,3,7,1,Medium
6,6,6,8.4,1,3,5,4,5,5,6,7,3,6,5,4,0,Medium
4,3,5,7.2,0,4,5,3,4,2,4,8,5,8,6,4,0,Low
4,5,5,5.9,0,3,3,7,6,1,5,8,2,6,7,5,1,Low
5,1,5,8.8,0,4,6,7,6,8,7,6,1,3,5,4,0,High
4,5,6,7.0,0,3,6,5,3,3,4,8,3,8,7,5,0,Low
4,7,5,9.0,0,5,3,5,3,0,4,8,4,8,9,9,0,Low
2,2,2,8.4,0,2,4,5,5,0,4,10,0,7,6,10,0,Low
4,7,6,7.5,1,7,3,5,8,5,6,6,2,10,5,2,0,Medium
6,6,7,6.8,1,6,4,5,4,3,2,7,3,4,8,5,1,Medium
6,10,7,6.9,1,11,5,4,6,5,2,9,4,7,7,6,0,Medium
6,6,5,6.8,2,5,7,7,7,3,5,7,1,6,3,5,2,High
2,5,4,8.1,0,2,1,1,1,1,1,9,4,8,8,10,0,Low
2,3,3,7.9,0,4,7,6,7,3,4,7,2,6,5,5,0,Low
3,7,8,6.3,1,5,9,8,7,9,5,5,3,5,5,4,0,High
3,3,5,6.1,1,4,3,1,3,3,4,9,4,7,6,7,0,Low
2,3,6,7.4,0,7,6,1,5,1,3,7,4,5,6,8,0,Low
1,6,6,10.0,1,4,7,4,6,4,1,7,5,7,4,10,0,Low
1,3,4,7.2,0,2,6,5,7,5,2,7,5,6,8,8,0,Low
4,7,6,7.2,1,6,4,5,6,3,4,6,2,9,5,10,1,Low
4,7,6,6.9,0,3,5,5,10,4,6,6,5,6,5,5,0,High
5,7,8,8.1,0,7,8,9,10,2,9,6,0,4,4,2,0,High
1,2,1,7.3,0,5,8,8,7,5,5,8,5,5,7,9,1,Low
4,8,6,8.0,4,6,4,4,4,6,6,8,2,6,6,6,4,High
3,8,9,8.0,1,6,5,4,8,3,7,5,5,5,8,9,0,Medium
6,7,8,6.5,4,4,10,7,6,2,7,7,1,4,3,6,1,High
4,10,7,6.5,2,3,7,5,7,7,5,5,2,4,9,8,1,High
5,12,8,6.5,0,6,2,7,2,6,5,7,1,5,6,5,0,High
4,5,6,6.5,0,5,7,6,5,4,4,3,1,4,6,4,0,High
4,6,8,5.3,3,2,9,8,6,9,10,4,0,2,1,3,0,High
6,3,9,7.0,1,5,5,5,6,4,3,6,1,8,5,3,1,Medium
5,8,4,7.6,0,3,4,2,3,1,6,6,2,6,7,5,0,Medium
6,7,4,7.4,1,3,7,8,7,2,7,6,1,5,7,4,0,Medium
6,7,6,7.2,0,8,3,6,7,4,5,8,5,6,5,5,1,Medium
8,5,7,7.7,0,7,4,4,4,1,5,7,2,7,6,7,0,Low
5,7,6,7.7,2,7,6,6,6,9,5,4,3,4,3,5,0,High
2,3,3,7.8,0,4,6,5,6,2,7,8,3,5,5,6,0,Low
2,5,4,8.3,2,6,5,2,6,6,4,9,3,5,6,4,0,Low
5,6,4,6.4,0,5,2,3,8,6,3,8,3,5,8,5,0,Low
5,8,3,5.0,0,9,5,5,5,1,6,5,4,8,6,7,0,Medium
5,5,4,8.6,0,3,4,5,7,3,3,5,4,6,4,6,1,Medium
3,9,6,7.2,0,6,1,3,5,1,2,8,6,7,8,9,0,Low
6,9,8,6.6,2,4,8,9,4,11,6,6,1,7,7,4,0,High
5,5,7,6.1,0,8,5,3,5,2,5,8,2,9,6,8,1,Medium
5,10,7,6.3,1,7,2,2,5,0,3,7,4,6,8,10,0,Low
2,6,3,7.3,0,6,3,5,5,4,3,7,3,6,7,4,0,Medium
6,7,5,7.5,0,3,5,3,9,2,5,6,4,6,6,6,1,Medium
6,5,5,7.5,0,3,2,5,8,3,3,7,3,5,6,4,0,Medium
1,6,4,7.5,0,1,6,5,5,4,6,7,3,4,5,7,0,Medium
4,2,6,7.4,0,5,3,4,6,3,2,8,4,7,10,10,0,Low
2,10,7,7.7,1,6,5,4,7,2,3,7,3,6,6,9,0,Low
5,5,8,8.0,1,7,5,4,6,2,2,7,3,10,6,7,0,Low
4,11,7,5.9,1,7,4,6,4,5,2,7,5,5,7,7,0,High
4,6,7,7.6,1,1,5,7,5,4,7,5,4,3,9,7,0,Medium
5,7,10,6.3,0,4,6,7,6,2,5,6,5,9,6,5,0,High
4,5,6,6.7,1,5,3,7,8,1,4,5,3,6,3,6,0,Medium
5,7,6,7.2,2,6,6,5,6,5,6,7,6,5,7,6,0,Medium
1,2,1,9.2,0,1,1,2,7,0,3,10,6,9,10,8,0,Low
4,6,7,6.8,0,6,5,3,7,2,1,8,2,6,7,8,0,Low
3,3,7,8.0,1,3,6,7,9,0,3,7,4,7,6,7,1,Low
5,5,4,9.7,0,2,6,6,8,4,4,7,4,6,5,5,0,Medium
4,6,4,6.0,3,6,6,6,4,6,6,8,4,6,6,6,4,High
4,4,7,6.8,1,6,5,6,4,3,6,7,1,6,6,7,0,Medium
5,12,8,6.6,2,5,6,6,6,2,4,7,0,10,7,6,0,Medium
6,5,7,7.5,0,1,2,8,7,7,7,5,2,4,7,5,0,High
4,6,6,6.5,0,5,4,4,4,1,3,9,1,6,7,10,0,Low
2,4,5,9.2,0,4,4,4,4,4,2,7,5,8,10,8,0,Low
4,7,7,8.1,0,4,1,2,3,4,5,7,4,9,9,7,0,Low
6,9,9,5.9,3,6,6,7,8,2,6,6,6,4,4,7,0,High
4,5,6,6.6,1,5,7,4,10,6,7,5,3,5,6,8,1,High
4,7,8,6.0,0,7,7,5,10,2,3,9,4,5,8,6,0,Medium
4,8,2,8.1,0,5,1,1,4,2,1,8,6,6,10,10,0,Low
5,2,5,8.1,0,5,3,2,4,0,4,9,4,7,9,8,1,Low
4,8,8,7.4,1,6,4,5,5,2,3,6,4,6,10,6,0,Medium
6,8,7,5.8,0,8,1,4,8,3,4,6,3,4,4,7,0,Medium
6,7,8,6.1,2,10,4,1,8,3,3,6,0,5,6,8,1,Medium
8,11,7,7.6,1,6,5,5,6,4,5,7,5,5,3,5,0,High
4,4,5,7.0,0,4,1,4,8,2,3,6,5,7,6,9,1,Low
5,3,6,4.9,1,2,7,8,7,4,7,7,4,3,5,5,0,High
4,6,5,7.2,0,7,4,2,4,4,3,7,4,7,7,7,0,Low
5,7,7,8.7,1,5,4,7,5,2,4,7,3,4,9,9,0,Low
5,6,5,7.6,0,10,7,7,9,3,8,5,1,5,9,6,0,High
3,6,6,7.2,0,10,2,3,6,0,4,7,2,9,8,7,0,Low
4,6,6,7.1,1,5,6,5,5,3,5,4,2,5,7,4,0,High
5,5,5,8.0,2,2,7,4,8,2,7,7,3,7,7,9,0,Medium
3,4,5,6.0,0,6,5,5,7,5,4,8,4,3,7,7,0,Medium
5,7,6,5.9,1,9,4,5,7,5,5,5,1,3,5,8,0,High
7,8,9,7.0,4,4,4,4,4,1,4,5,1,8,6,6,0,Medium
3,5,6,7.9,1,8,8,5,6,6,9,5,0,5,5,5,1,High
5,8,6,7.0,0,2,6,6,3,1,6,7,3,9,4,5,0,Low
3,3,3,9.5,0,2,3,4,4,0,3,8,2,8,8,6,0,Low
5,9,8,6.3,0,6,4,4,6,6,5,7,3,8,5,6,0,Medium
4,6,6,8.0,5,6,4,4,6,7,6,6,4,6,6,6,2,Low
5,11,9,7.4,0,7,6,3,7,2,8,6,2,7,5,8,0,High
5,7,8,7.5,1,6,6,6,7,8,5,6,6,3,6,8,0,High
7,7,7,7.4,1,8,8,3,3,5,8,7,1,7,7,9,0,Medium
4,5,7,8.2,0,7,7,6,6,2,5,7,3,6,6,9,0,Low
6,6,9,6.8,1,4,5,6,4,1,8,6,3,6,5,7,2,High
3,3,5,6.5,0,4,5,6,9,5,8,5,2,1,4,5,2,High
4,7,6,6.5,2,7,7,8,9,4,7,6,0,1,3,7,1,High
4,6,6,8.0,5,8,6,6,6,7,6,6,4,6,6,6,2,High
4,6,6,7.0,3,6,6,4,6,7,6,8,4,4,4,4,4,High
4,4,2,6.8,0,4,3,5,6,2,3,10,4,8,9,8,0,Low
4,6,2,6.6,0,6,5,1,6,6,6,7,3,9,3,8,0,Medium
6,6,5,6.7,1,5,2,6,5,4,6,6,4,6,9,8,0,Medium
7,8,6,4.1,0,8,3,5,4,1,7,4,1,3,5,6,0,High
1,1,4,6.5,0,4,5,6,5,3,4,9,4,9,4,5,0,Low
4,6,6,8.0,5,8,4,6,4,6,6,6,4,6,6,4,2,Low
4,3,3,6.9,1,5,7,6,6,3,6,6,4,4,2,5,1,Medium
4,4,5,7.2,0,3,5,4,5,6,5,6,5,9,8,5,1,Medium
5,8,7,4.8,1,7,5,6,3,4,7,7,1,5,7,6,0,Medium
5,6,3,8.3,0,6,5,3,8,4,4,8,5,4,5,7,0,Low
4,3,5,6.0,0,4,4,5,6,3,5,8,4,4,7,8,0,Low
5,11,6,6.4,0,3,5,4,8,4,6,6,4,6,5,7,0,Medium
4,4,4,6.5,1,8,10,3,8,2,5,6,2,7,5,7,0,Medium
3,3,5,8.0,1,5,7,5,8,8,6,5,2,4,7,5,0,Medium
3,5,8,7.0,0,4,5,8,9,9,9,6,1,4,3,4,0,High
4,8,6,6.0,4,6,6,6,4,7,6,6,4,6,6,6,4,Medium
1,3,4,7.2,0,6,8,5,9,1,5,7,0,5,8,5,0,Medium
2,5,1,8.5,0,6,5,4,4,3,4,7,3,10,7,7,0,Low
4,7,6,6.0,1,7,5,4,6,4,6,7,2,6,7,8,0,Medium
5,10,7,7.1,0,5,5,3,6,3,10,5,1,4,4,6,0,High
7,6,7,6.2,1,7,5,4,10,5,9,6,3,8,5,6,0,High
1,3,4,8.6,0,2,5,7,5,1,10,9,3,5,7,7,0,Low
5,5,8,8.1,0,4,6,8,9,7,4,6,1,5,5,8,0,High
4,6,6,7.0,3,8,6,6,4,7,4,6,4,4,6,6,2,Medium
1,3,2,6.6,0,3,9,8,7,5,9,7,2,2,3,5,1,High
4,7,9,6.4,3,3,7,3,6,5,5,7,2,5,4,9,0,Medium
3,2,2,7.2,0,7,7,4,4,2,4,7,0,7,6,9,0,Low
5,3,8,6.8,3,9,4,5,5,6,7,5,5,5,6,6,0,Medium
2,3,4,8.7,0,2,1,1,4,0,1,9,5,10,10,9,0,Low
3,9,9,6.2,0,7,6,4,6,4,4,6,3,4,5,5,1,Medium
7,12,10,6.1,0,6,1,1,1,0,1,10,6,10,10,10,0,Low
2,1,2,10.0,0,3,3,4,6,0,1,8,2,7,7,8,0,Low
5,10,4,6.4,1,2,6,3,6,3,6,4,2,7,7,4,0,High
3,2,3,9.9,0,3,8,6,7,3,7,7,3,8,5,4,1,Medium
6,5,9,7.6,1,5,3,5,7,4,2,7,4,9,7,7,0,Low
3,4,3,8.0,0,7,5,4,8,1,5,6,2,7,7,6,0,Low
6,4,7,6.7,1,8,8,6,3,2,8,6,2,5,3,1,0,High
3,5,1,8.2,0,7,5,3,5,2,5,8,4,6,5,9,0,Low
6,8,6,6.9,1,8,9,10,5,6,9,6,1,2,4,6,1,High
2,4,5,8.9,0,4,4,8,10,4,5,8,5,7,7,8,0,Low
6,7,7,5.1,3,7,4,5,7,6,8,5,4,2,3,2,0,High
1,5,5,7.5,1,5,8,9,9,2,8,4,2,4,4,4,1,High
2,1,3,8.3,0,1,3,4,5,7,3,8,2,8,6,7,0,Low
4,9,4,6.9,1,9,5,4,4,1,7,7,4,4,7,10,0,Low
6,6,6,8.7,0,6,3,3,8,3,3,10,4,7,6,10,0,Low
8,7,7,7.8,2,8,7,2,7,3,5,7,1,7,8,7,0,Medium
6,7,4,8.0,1,2,3,3,8,0,7,9,2,6,10,8,0,Low
3,4,4,7.4,0,5,7,4,4,2,5,6,3,5,8,8,0,Low
2,8,6,6.7,1,7,4,5,5,4,3,7,4,4,8,6,1,Medium
4,4,6,7.5,0,5,6,7,8,6,7,7,2,4,7,4,2,Medium
8,9,8,7.6,0,6,6,5,7,3,6,6,4,5,7,8,0,Medium
4,4,6,5.6,0,3,5,3,7,4,5,7,4,4,5,8,0,Medium
1,5,5,8.1,0,3,5,4,4,4,4,7,3,8,7,6,1,Low
5,6,5,7.1,0,5,5,8,5,3,3,6,2,4,4,3,2,Medium
6,5,7,5.6,0,5,5,7,7,5,4,5,4,6,4,2,0,High
7,8,8,7.4,0,6,7,6,2,1,2,7,6,6,9,8,0,Low
5,6,6,8.4,0,8,1,7,3,1,6,7,3,8,7,8,0,Low
5,4,5,6.8,2,2,5,5,7,4,4,5,3,5,3,5,2,High
3,6,6,6.9,0,4,6,6,4,0,5,7,3,8,6,9,0,Low
1,4,5,9.5,0,7,5,2,5,3,5,7,2,5,6,9,1,Low
2,3,3,7.3,0,3,4,7,6,4,7,8,0,4,6,2,1,Medium
4,5,4,8.4,0,4,3,7,5,4,8,7,5,7,5,10,0,Low
5,8,7,6.0,0,6,5,1,3,3,2,8,6,6,8,4,1,Low
4,6,7,7.6,2,6,4,6,9,4,6,6,3,5,6,5,0,High
4,8,4,7.0,0,2,5,4,7,6,8,5,4,6,5,4,0,Medium
1,2,5,9.1,0,2,6,5,7,7,7,9,1,5,4,7,0,Medium
7,6,8,8.0,1,6,4,5,7,5,7,6,4,6,3,3,1,High
6,3,5,7.3,0,3,5,5,3,1,1,9,5,7,8,9,0,Low
4,2,5,7.8,0,5,5,4,5,5,6,6,2,5,7,6,0,Medium
4,3,6,6.2,0,7,3,2,1,2,5,7,0,4,5,8,1,Low
2,8,4,6.6,0,5,3,3,4,2,4,9,1,6,6,3,0,Low
2,1,3,7.6,0,6,8,6,6,4,5,7,5,6,5,5,1,Low
8,10,5,6.6,1,5,6,7,8,7,8,5,5,4,4,6,0,High
3,5,4,7.8,2,6,8,9,7,7,6,6,0,5,3,2,0,High
5,7,9,8.4,2,6,7,7,9,7,6,6,0,4,5,5,0,High
3,1,4,7.5,0,4,2,6,5,4,6,9,5,7,5,7,0,Low
3,3,4,8.1,0,6,7,7,7,5,7,7,3,5,8,7,0,Low
6,9,6,7.6,1,6,8,7,7,6,7,7,1,3,4,5,1,High
8,10,6,7.1,0,4,8,7,7,2,4,6,1,7,8,8,0,Medium
4,5,5,7.0,0,7,2,9,8,5,3,6,1,4,3,7,0,Medium
3,1,4,7.7,1,3,1,7,5,4,5,7,4,4,2,6,1,Medium
4,4,5,7.1,2,5,6,5,9,3,7,5,3,6,6,6,0,Medium
3,8,4,7.5,0,4,3,3,4,2,4,8,1,4,9,6,0,Low
5,6,7,6.8,0,7,2,5,5,2,4,5,2,5,7,8,0,Medium
6,7,7,6.6,3,8,6,8,6,4,6,5,5,4,5,4,0,High
1,1,3,8.5,0,2,4,3,9,3,6,7,3,6,6,9,0,Low
4,4,7,6.0,0,5,3,8,4,5,4,7,0,5,5,10,1,Medium
2,5,4,8.2,0,1,6,5,8,7,5,6,1,5,8,4,0,High
2,2,3,8.6,0,2,5,4,2,4,6,8,3,6,6,5,0,Low
3,6,8,8.6,0,3,6,7,8,5,6,6,4,8,7,6,0,Medium
4,6,6,8.0,3,8,6,4,4,5,6,6,4,6,6,4,2,Medium
2,1,1,8.3,0,3,4,4,4,6,5,8,6,8,7,8,1,Low
6,6,8,5.9,0,4,4,5,6,4,6,8,2,4,3,6,1,Medium
4,8,5,7.2,1,6,4,6,5,2,1,5,0,5,8,8,0,Medium
3,6,3,8.4,0,5,3,4,4,4,3,9,5,6,10,7,0,Low
5,4,5,8.0,0,1,3,4,2,0,2,8,4,7,7,6,0,Low
2,5,3,7.0,0,6,2,4,4,3,4,7,3,9,8,4,0,Low
5,7,5,6.2,0,8,4,5,7,3,8,7,4,4,6,3,0,High
2,3,6,8.2,0,3,4,5,5,3,3,7,3,7,7,5,0,Low
7,6,4,7.5,1,7,6,4,4,3,6,6,4,5,8,6,0,Medium
5,7,6,5.9,0,4,8,5,7,2,7,5,2,7,3,7,0,Medium
5,6,3,7.4,0,2,8,2,7,4,6,7,2,5,4,7,0,Medium
2,2,4,8.2,0,7,3,8,7,6,6,7,5,4,5,7,0,Low
3,3,5,6.8,0,6,4,3,7,4,2,6,3,4,5,6,0,Low
7,9,8,6.3,0,7,7,8,9,11,6,6,3,8,5,10,0,High
3,1,3,8.2,0,3,4,2,4,1,2,10,4,8,9,7,0,Low
4,6,8,7.3,0,8,3,7,5,1,6,5,5,8,6,6,0,Low
5,9,4,9.0,0,3,2,4,6,0,4,9,5,9,9,10,0,Low
3,6,2,8.6,1,4,3,7,5,0,4,8,2,7,6,5,0,Low
7,10,7,6.0,3,7,5,5,5,5,2,8,5,5,5,6,0,Medium
3,1,3,7.8,0,2,5,4,4,8,4,7,2,5,1,3,1,Medium
4,6,6,7.0,5,6,6,4,6,7,6,8,2,6,6,6,2,High
7,9,6,6.5,1,7,3,5,10,2,5,7,1,4,7,9,1,Medium
7,9,6,7.3,0,7,2,4,5,1,2,5,2,6,3,7,0,Medium
8,10,9,8.2,1,4,10,3,8,5,4,7,4,5,7,9,0,Medium
3,4,6,6.2,0,5,4,4,7,2,5,7,3,6,6,10,0,Low
5,4,4,6.7,0,8,8,1,6,2,5,8,3,7,7,4,1,Low
4,4,6,7.2,1,5,9,6,9,3,9,7,2,8,3,3,0,High
3,8,3,6.0,0,7,2,5,3,6,4,6,3,5,3,10,1,Medium
3,3,4,7.5,1,5,7,5,6,4,7,7,1,6,4,5,0,Medium
5,9,7,7.1,0,4,4,5,3,6,6,6,2,4,5,3,1,High
5,6,8,5.6,1,7,3,4,3,3,5,6,3,4,8,9,1,Medium
5,7,5,7.0,0,5,3,8,4,3,9,7,2,9,3,8,1,Medium
4,2,4,6.7,0,1,3,8,3,4,7,6,3,5,6,8,0,Low
3,4,4,9.0,0,5,4,6,5,2,8,7,4,5,6,7,0,Low
4,7,6,7.4,0,4,3,4,6,5,5,7,6,8,6,10,0,Low
3,4,6,7.2,1,6,4,5,4,1,1,8,5,10,7,8,0,Low
5,6,7,6.1,1,5,3,7,5,4,3,8,2,7,7,5,1,Medium
4,3,6,7.7,1,8,6,6,5,3,7,8,1,9,6,8,0,Low
6,8,8,8.4,0,5,6,4,5,1,3,8,5,7,8,7,0,Medium
4,3,7,6.6,0,8,6,7,5,6,6,5,4,7,6,9,0,Medium
1,3,6,7.8,0,4,3,4,3,1,2,10,6,6,10,7,0,Low
3,5,4,7.0,1,5,5,3,7,0,7,8,3,5,3,6,1,Low
3,6,2,9.1,0,7,3,6,5,4,8,8,2,6,4,4,0,Medium
8,10,9,4.0,8,5,10,8,6,5,8,4,2,6,4,5,1,High
5,4,4,8.9,1,5,1,3,6,2,3,8,2,7,6,10,0,Low
7,8,9,6.1,1,7,9,8,4,7,9,6,2,6,5,6,1,High
4,1,3,7.5,0,5,6,2,8,4,7,9,6,6,6,6,0,Low
4,2,4,7.4,2,4,6,5,5,6,3,7,2,5,3,5,0,Medium
2,4,6,7.6,1,5,6,4,6,1,6,6,3,7,7,5,0,Low
6,6,7,6.0,0,8,6,4,5,6,6,7,2,4,7,8,0,Medium
2,2,5,8.5,1,5,4,5,6,3,5,7,6,8,6,6,1,Low
3,6,6,8.0,1,6,5,5,6,3,5,5,0,4,4,1,3,High
8,6,7,6.6,0,6,7,7,4,0,3,7,4,8,9,10,1,Low
5,7,9,7.1,1,7,7,7,4,4,2,6,1,5,2,6,0,High
5,7,7,6.5,0,9,2,3,4,1,3,8,2,7,8,7,0,Low
5,6,5,7.2,0,5,6,2,7,2,2,6,0,1,4,5,2,Medium
4,7,8,8.6,0,8,4,3,6,3,3,7,7,6,8,9,1,Low
4,6,5,6.2,1,5,5,5,5,7,6,6,4,4,5,4,0,High
6,5,8,8.0,0,1,5,6,6,4,5,8,0,5,4,4,0,Medium
4,2,6,8.2,0,3,6,9,6,4,7,9,1,6,9,7,0,Medium
4,8,6,6.0,3,8,6,4,6,5,4,6,4,4,4,6,4,Medium
2,5,4,8.7,0,4,4,4,5,0,4,9,5,8,9,6,0,Low
5,9,3,7.2,0,5,5,5,5,1,6,6,3,6,6,6,0,Medium
6,8,3,6.9,0,6,2,3,4,5,1,9,3,7,8,8,0,Low
4,6,6,7.1,1,7,5,1,5,2,4,7,4,8,9,7,0,Low
1,1,2,7.7,0,5,4,5,2,3,3,8,5,6,7,6,0,Low
8,9,8,5.5,2,8,5,7,6,4,4,3,3,8,5,5,1,High
6,8,4,6.0,4,6,6,4,6,5,4,8,2,6,6,4,2,High
7,7,7,7.0,1,7,3,5,8,2,4,5,2,7,8,8,1,Medium
4,3,3,6.3,1,1,4,9,9,9,7,8,2,5,5,4,0,High
4,4,6,7.4,0,2,7,2,6,4,5,7,3,5,6,6,0,Medium
2,4,4,8.6,0,2,2,4,4,4,3,6,5,5,7,6,0,Low
4,9,6,7.5,1,7,5,10,5,4,6,9,3,7,6,3,0,High
1,2,5,7.3,0,4,3,7,5,6,4,6,4,9,4,7,0,Low
3,5,4,6.8,0,6,4,3,4,4,5,8,0,6,5,8,0,Medium
4,2,6,8.1,1,7,8,5,4,2,4,7,3,7,6,7,0,Low
4,8,6,7.9,0,4,3,2,3,2,1,8,5,6,8,6,0,Low
4,8,7,7.7,2,10,4,3,2,3,2,8,7,9,8,6,0,Low
8,11,5,5.4,3,4,7,9,8,6,7,5,0,4,8,7,1,High
3,3,5,9.2,0,8,4,6,7,4,6,6,3,7,7,8,0,Low
4,8,5,7.3,0,5,6,2,5,3,2,6,1,7,7,8,0,Medium
2,1,3,8.1,1,3,6,4,7,5,4,6,3,8,6,8,0,Medium
4,7,7,6.6,0,5,7,6,7,0,5,5,4,2,6,7,0,Medium
2,5,6,8.4,3,3,4,5,5,4,7,8,4,8,9,7,1,Low
4,6,3,7.8,0,8,5,5,9,2,5,8,3,9,8,10,0,Low
6,4,9,6.6,2,5,7,5,6,5,5,5,2,6,4,8,1,High
4,6,4,7.0,4,6,6,6,6,6,6,6,4,4,4,6,2,High
5,7,4,8.4,0,2,5,4,7,6,8,7,2,7,6,7,3,Medium
8,7,6,7.0,0,5,10,5,8,2,7,6,1,8,8,6,2,High
4,8,6,7.0,3,8,4,6,6,7,6,6,2,4,6,4,2,High
5,5,5,7.0,2,3,6,7,9,3,8,6,0,7,3,6,0,High
3,6,5,7.3,0,4,5,4,7,3,6,4,3,7,7,5,1,High
3,5,6,7.2,0,2,6,8,5,2,5,7,4,7,5,6,0,Medium
6,7,8,8.0,2,10,5,7,5,8,7,6,4,7,3,5,0,High
5,6,4,7.2,1,5,5,4,5,4,4,9,5,7,8,8,0,Low
5,9,6,6.0,3,6,6,5,7,3,6,6,1,3,7,4,1,High
4,6,4,7.7,0,6,6,7,7,2,5,8,4,7,5,8,0,Low
7,9,7,6.0,0,11,3,7,7,2,3,8,5,8,8,7,0,Medium
7,12,5,7.1,0,8,7,4,4,5,5,4,1,4,2,7,0,High
5,7,6,6.2,0,4,5,8,6,3,7,5,1,2,5,8,1,High
5,7,7,6.4,0,3,10,10,5,3,9,7,3,4,3,6,0,High
4,6,6,7.7,0,5,2,6,8,2,1,8,2,5,8,4,0,Low
3,7,4,8.7,0,7,4,3,3,5,5,9,2,8,9,9,0,Low
2,6,5,8.3,0,5,5,4,6,1,5,7,2,8,4,8,0,Medium
4,2,4,8.3,1,6,3,8,5,6,4,6,7,6,3,6,0,Medium
6,9,6,6.8,2,7,9,7,3,5,4,5,5,4,4,8,0,Medium
3,3,5,7.3,0,1,5,7,5,4,8,6,3,4,5,7,1,Medium
1,2,4,8.7,0,4,5,9,5,4,6,6,2,5,3,4,1,Medium
3,4,3,6.3,0,6,8,4,7,4,4,6,4,5,5,8,0,Medium
3,2,3,6.5,0,4,3,4,6,0,4,9,7,8,9,7,0,Low
5,6,8,6.9,3,9,6,6,4,3,8,5,3,6,6,3,0,High
6,10,8,7.0,1,8,4,5,7,3,6,7,1,6,3,7,0,High
5,8,5,7.9,1,5,4,1,7,5,1,8,4,9,7,7,0,Low
3,1,5,6.8,0,6,6,6,7,2,6,7,3,5,5,8,0,Low
4,4,5,8.5,0,5,4,4,5,3,3,7,3,8,5,8,0,Low
3,4,3,8.7,0,1,1,3,6,1,5,9,2,6,6,8,0,Low
4,7,8,6.2,4,5,7,6,8,6,6,5,0,8,3,3,1,High
4,9,4,7.3,0,4,5,5,8,1,6,8,2,7,6,6,0,Medium
6,10,6,7.0,0,7,5,5,9,5,4,9,2,3,5,6,2,High
2,2,6,7.6,0,6,2,4,5,0,1,8,5,8,8,10,0,Low
2,5,7,7.4,0,4,2,6,5,0,4,7,3,5,9,10,0,Low
2,5,7,7.6,0,4,4,4,6,5,5,7,6,10,6,8,0,Low
4,4,8,6.8,2,6,7,3,6,0,5,6,4,6,5,6,0,Medium
1,1,2,6.3,0,8,7,6,8,6,6,6,3,7,4,4,0,Medium
4,5,5,7.2,1,2,6,3,5,1,2,8,3,8,4,7,0,Low
6,5,6,7.5,1,5,5,6,10,6,8,6,0,3,4,7,0,High
1,4,8,8.7,0,3,5,3,5,5,7,10,4,4,7,6,0,Low
1,4,3,8.8,0,2,3,9,8,2,4,7,3,8,7,8,1,Low
6,6,6,8.1,0,5,7,5,2,1,6,8,4,6,7,4,0,Medium
6,9,8,7.4,1,6,3,4,6,1,5,8,3,6,4,6,0,Medium
6,9,9,5.8,3,8,8,8,7,5,10,5,0,5,3,6,0,High
4,6,4,7.0,5,8,6,4,4,6,4,8,4,6,6,4,2,Low
4,6,6,7.0,5,6,4,6,6,6,4,8,4,6,6,6,4,Low
6,4,1,6.8,1,7,1,5,8,5,1,7,4,8,7,8,0,Low
5,11,9,5.9,3,8,2,5,6,2,8,8,4,3,7,7,0,High
3,1,4,6.4,0,3,6,8,5,6,5,6,6,7,7,2,0,Medium
2,1,2,9.4,2,5,4,1,5,6,8,6,3,5,5,8,3,Low
3,5,5,8.1,1,7,3,6,5,4,3,7,2,5,6,10,0,Low
1,2,4,7.1,0,5,6,5,8,4,6,7,2,6,7,5,1,Medium
4,8,4,6.0,5,6,6,6,6,7,6,6,4,6,4,6,2,High
2,3,7,7.5,0,5,3,2,4,3,4,6,4,8,6,6,0,Low
5,3,4,7.7,0,6,6,5,5,6,6,6,0,4,5,7,1,Medium
2,5,3,8.0,0,6,2,8,4,3,5,6,2,8,7,8,1,Low
4,7,4,6.9,0,4,3,6,5,1,4,8,3,7,7,8,1,Low
4,12,9,6.4,0,8,5,9,8,4,3,6,0,6,5,5,0,High
4,6,6,8.0,5,8,6,4,4,5,4,8,2,6,6,6,2,High
6,6,6,7.0,3,8,6,6,6,6,6,6,4,6,6,4,2,Low
4,3,7,6.9,0,6,5,4,9,7,6,5,2,6,6,7,0,Medium
5,5,4,8.2,0,5,2,1,3,2,1,8,5,8,10,10,0,Low
6,6,6,7.0,5,6,6,6,4,6,4,8,4,6,4,6,2,Low
4,6,7,7.9,0,4,4,1,4,1,5,7,7,9,8,10,0,Low
7,5,1,7.4,1,4,4,3,7,1,5,8,4,9,6,9,0,Low
3,5,8,7.9,2,5,7,5,7,6,4,8,1,5,4,7,0,Medium
4,2,5,8.6,0,1,4,6,5,0,2,7,7,10,5,8,0,Low
4,9,9,7.8,0,7,5,4,7,0,3,8,2,6,5,9,1,Low
4,6,4,7.9,0,6,2,2,5,3,4,6,4,7,9,6,0,Low
4,5,5,5.8,2,6,8,5,8,4,9,5,1,5,2,6,0,High
4,6,6,8.0,4,6,6,4,6,5,4,8,4,6,4,4,2,High
4,4,4,7.6,1,2,3,3,8,1,1,7,4,5,6,10,0,Low
6,10,7,6.7,0,5,4,5,5,2,6,7,4,6,5,7,0,Medium
7,7,7,7.1,0,9,3,3,4,2,4,9,6,8,7,5,0,Low
1,3,3,6.6,0,2,3,3,4,2,1,7,3,8,10,10,0,Low
4,5,7,8.0,0,6,6,7,9,6,3,8,4,2,6,6,0,Medium
3,1,4,7.6,1,2,5,6,7,2,4,7,5,6,7,4,0,Medium
4,9,6,7.0,0,7,5,6,5,4,5,8,7,4,6,10,0,Medium
3,6,6,9.2,0,4,3,2,5,1,1,9,5,7,6,10,0,Low
3,5,5,7.8,0,4,3,3,8,4,4,7,2,6,8,8,0,Low
5,7,3,7.6,0,4,5,6,7,2,5,6,5,6,8,7,0,Medium
3,1,5,8.5,0,5,4,8,7,3,7,8,2,5,5,7,0,Medium
3,5,1,8.1,1,7,5,3,3,4,5,8,1,6,6,7,0,Medium
4,6,4,8.0,3,8,6,6,6,7,4,6,4,6,6,6,2,Low
4,7,6,6.1,2,5,9,5,5,7,7,6,3,6,4,5,0,High
2,1,4,7.9,0,1,4,5,2,3,1,8,3,5,9,7,0,Low
3,8,6,8.5,0,2,5,10,3,2,4,6,5,5,5,6,0,Low
5,7,7,7.2,0,9,7,2,4,4,3,6,2,4,7,4,0,Medium
2,4,4,9.2,0,1,1,4,6,4,4,7,3,7,8,10,0,Low
5,3,5,7.6,1,4,6,4,8,2,3,7,4,7,6,7,0,Low
4,5,7,7.9,1,5,3,6,7,6,7,6,0,4,7,7,0,Medium
5,7,10,5.5,0,2,7,5,10,5,4,7,3,5,2,7,0,High
4,9,3,7.5,0,3,4,1,5,4,2,8,3,6,5,3,0,Medium
6,8,6,8.0,4,8,6,4,6,6,4,6,4,6,6,4,2,Medium
5,7,7,7.5,2,5,10,7,4,5,4,7,2,6,5,7,2,Medium
1,3,3,10.0,0,4,3,7,5,4,7,8,4,7,6,5,1,Low
5,2,5,7.4,1,7,4,7,3,5,5,6,2,4,5,6,0,Medium
4,4,5,6.2,0,3,8,10,5,3,9,4,3,1,5,4,0,High
4,7,8,5.6,0,4,10,6,9,7,7,5,2,3,2,5,2,High
5,7,4,6.6,0,6,4,3,2,2,4,7,4,5,10,8,0,Low
4,2,6,6.8,0,4,4,5,2,2,3,7,5,7,7,4,0,Low
3,4,6,4.8,1,5,7,6,4,1,10,6,2,5,4,3,1,High
4,7,6,7.1,2,6,2,6,6,3,2,9,7,7,8,9,0,Low
5,9,7,7.7,0,2,4,1,8,0,1,8,6,7,8,9,0,Low
2,6,6,8.0,0,5,4,6,5,1,5,7,3,5,8,10,0,Low
3,4,6,6.9,1,5,8,8,8,2,4,5,0,4,4,6,0,High
2,7,5,6.1,0,5,6,6,4,0,5,6,2,7,5,4,0,Medium
4,5,6,8.4,0,7,2,6,8,4,4,9,0,10,8,10,0,Low
2,5,4,8.8,0,1,4,3,4,7,3,9,5,7,6,9,0,Low
4,8,8,6.9,1,4,5,3,7,2,3,6,3,7,4,6,0,Medium
4,1,1,6.3,0,4,2,5,5,4,5,6,2,10,8,9,0,Low
7,10,8,5.5,4,2,6,6,5,6,7,4,2,4,2,4,0,High
5,4,3,7.8,0,4,5,6,5,4,5,9,2,4,7,5,1,Low
4,4,6,7.2,0,6,7,6,7,4,5,7,3,6,4,6,0,Medium
6,5,8,7.0,0,7,6,4,2,4,7,6,3,9,8,6,0,Medium
8,10,6,7.4,0,6,5,5,6,1,7,6,3,8,7,4,0,High
4,5,4,7.6,0,5,8,5,3,3,2,5,6,7,6,7,2,Medium
3,9,6,8.5,0,5,1,2,5,2,2,8,7,6,8,10,0,Low
4,6,6,8.0,5,6,4,4,4,6,4,6,2,6,6,4,2,Low
6,3,7,7.1,0,5,1,4,5,2,1,8,5,8,9,8,0,Low
4,6,4,8.0,3,6,6,6,6,7,6,6,4,6,6,6,4,Low
4,7,7,7.9,0,9,6,4,5,1,3,8,3,7,6,8,0,Medium
3,5,6,7.5,0,3,8,7,7,4,6,5,0,6,4,3,0,Medium
5,6,10,6.7,0,7,2,5,9,1,7,7,5,4,8,7,0,Medium
5,4,6,6.7,1,5,8,6,6,6,8,5,2,4,5,5,0,High
3,6,5,7.3,1,3,4,4,5,6,6,6,5,8,4,9,2,Medium
3,5,6,6.9,3,8,7,6,8,5,7,5,4,3,5,7,0,High
6,4,4,8.0,0,7,2,5,6,2,5,7,4,9,8,9,0,Low
4,4,5,9.3,1,2,6,6,6,5,6,7,5,6,4,3,0,High
5,6,7,6.3,0,5,5,6,4,1,8,6,4,5,5,7,0,Medium
5,10,4,9.7,1,6,3,5,7,2,2,7,4,7,7,9,0,Low
4,8,4,7.0,5,6,6,6,6,7,6,8,4,6,4,6,2,Medium
2,4,6,7.4,1,1,6,5,10,1,5,5,5,6,3,4,0,High
3,10,6,6.6,1,4,4,6,3,3,3,5,4,3,8,6,0,Medium
5,6,6,7.6,0,4,5,2,3,0,3,7,3,9,4,10,0,Low
1,5,5,8.6,0,3,7,4,6,3,6,7,2,8,7,10,0,Low
6,8,6,6.4,1,4,6,5,7,4,7,6,3,8,5,5,0,High
3,5,4,8.0,1,5,3,5,5,4,7,6,2,6,5,4,0,Medium
3,5,5,7.4,0,3,1,5,8,4,4,6,4,10,9,4,0,Low
3,7,6,5.7,0,7,5,5,7,4,5,7,2,5,5,4,0,High
1,4,5,8.2,0,4,7,4,6,5,7,8,2,8,7,5,1,Medium
1,6,3,7.6,0,5,6,7,7,5,6,7,4,4,5,5,0,Medium
4,7,5,6.6,1,1,8,6,10,4,8,4,4,5,4,5,0,High
5,8,10,5.9,0,5,7,4,10,8,10,5,1,6,4,6,2,High
2,6,6,8.0,1,5,5,5,5,5,5,7,3,7,8,8,0,Low
4,7,6,6.2,1,5,8,5,5,6,6,5,1,1,3,3,0,High
5,6,5,7.2,1,5,3,4,3,3,3,6,4,7,6,7,0,Low
6,12,7,7.1,5,6,7,7,4,6,8,4,3,4,4,4,0,High
3,7,7,8.3,0,6,3,5,5,6,6,6,2,7,4,6,0,Medium
4,3,5,9.0,0,4,5,3,6,6,6,9,4,5,7,7,0,Low
1,2,5,8.4,0,8,2,1,5,0,3,8,4,7,10,10,0,Low
6,7,8,6.7,1,7,5,4,8,5,3,5,3,5,6,8,0,Medium
3,7,4,7.5,0,5,3,1,1,1,5,9,3,7,7,7,0,Low
4,9,5,6.7,0,2,7,6,7,2,8,8,4,5,8,5,1,Medium
7,6,10,7.0,1,3,9,6,8,7,6,5,3,5,3,6,0,High
6,8,5,6.9,0,6,4,2,1,5,5,7,4,8,8,7,0,Medium
5,5,3,7.8,0,6,6,5,7,6,6,7,4,4,6,5,0,Medium
4,7,3,6.7,0,5,6,3,10,2,3,8,5,5,9,9,0,Low
5,11,6,8.2,1,6,7,5,7,3,2,6,5,6,7,8,1,Medium
1,6,6,7.3,0,3,6,6,7,6,7,7,4,5,5,6,0,Medium
4,5,5,8.2,1,2,4,7,5,4,3,6,2,5,6,5,1,Medium
3,5,7,6.6,1,5,7,8,8,8,6,6,0,3,3,2,0,High
4,5,4,7.4,1,4,5,3,8,5,7,9,2,9,7,7,1,Medium
3,5,7,8.2,1,5,6,2,6,4,7,7,6,5,3,6,1,Medium
5,4,5,6.5,1,6,2,3,8,4,6,6,3,4,7,4,0,High
4,4,4,5.9,0,3,8,5,8,4,6,7,5,6,9,7,0,Medium
4,6,5,7.0,0,5,6,2,9,3,2,7,4,6,5,6,0,Medium
4,8,6,8.0,0,3,7,4,8,0,6,7,3,9,7,3,0,Medium
4,3,4,8.5,1,4,7,5,6,7,6,7,2,5,6,8,1,Medium
2,6,6,6.8,1,5,4,3,5,1,5,6,3,6,5,7,0,Medium
4,10,8,6.0,1,9,6,6,6,3,5,5,2,5,6,5,0,High
1,2,4,7.6,1,3,7,5,8,4,5,4,2,4,4,7,1,Medium
5,5,5,8.2,0,2,4,4,5,2,7,5,3,6,4,9,0,Medium
6,10,6,6.4,1,5,6,10,8,5,5,8,1,5,6,6,0,High
3,3,3,8.2,0,4,7,7,7,6,8,4,1,5,3,4,0,High
4,4,7,7.9,1,1,6,5,3,6,4,5,5,6,8,4,0,Medium
7,11,9,7.3,2,10,5,7,7,4,6,7,6,6,6,7,0,High
4,7,2,6.7,0,5,3,6,3,2,8,6,4,9,7,7,0,Low
6,1,5,6.8,1,3,4,4,5,2,5,6,4,7,7,5,1,Medium
7,7,4,6.8,2,5,5,6,7,7,4,7,3,4,8,6,0,High
7,8,9,6.5,2,5,7,6,8,6,7,3,2,5,3,7,0,High
6,4,8,6.5,2,4,3,7,7,4,2,7,2,8,5,8,0,Medium
3,2,1,8.7,0,1,3,3,4,1,6,8,3,3,8,9,0,Low
5,7,6,6.6,0,7,7,6,9,6,3,5,3,3,8,7,1,Medium
6,9,8,6.9,0,7,2,3,2,0,3,8,6,9,7,10,0,Low
4,5,3,7.9,0,5,2,3,5,4,1,7,4,10,7,7,0,Low
2,2,6,8.4,2,5,5,4,9,5,5,7,1,5,3,6,0,Medium
4,3,7,6.4,0,5,6,2,3,4,5,6,2,7,5,8,0,Low
1,2,4,7.7,0,1,6,6,5,1,3,6,4,8,4,6,0,Low
6,9,5,6.2,0,7,4,3,4,2,3,9,3,7,9,9,0,Low
3,4,1,8.0,0,7,6,4,6,3,3,7,1,5,4,8,1,Low
6,6,8,6.3,1,6,10,10,6,6,6,6,2,4,3,6,1,High
1,2,8,8.3,2,3,4,5,5,1,6,6,2,5,4,7,0,Medium
6,4,8,7.5,1,2,5,4,6,2,7,6,3,6,7,6,0,Medium
4,9,7,6.4,2,5,4,1,5,2,6,3,5,8,7,5,0,High
3,6,4,7.2,0,5,6,3,5,4,4,7,3,9,5,10,1,Low
4,8,6,7.0,5,6,6,6,6,6,4,6,4,4,4,4,2,Low
4,1,4,6.5,1,2,4,4,3,6,4,7,3,4,4,6,0,Medium
4,6,6,8.0,3,6,6,4,6,6,4,6,4,6,6,6,2,Medium
2,2,4,8.6,0,6,3,1,4,0,1,9,6,8,10,10,0,Low
3,4,5,7.0,0,4,6,3,5,7,5,9,4,9,6,8,0,Low
3,6,8,7.7,0,9,3,2,4,3,2,10,2,8,8,7,0,Low
4,6,6,7.9,0,4,3,5,3,2,4,8,4,6,7,8,0,Low
7,8,7,6.7,2,9,4,5,7,5,3,6,2,5,6,9,0,Medium
4,5,2,8.6,0,5,2,1,9,2,4,8,6,8,10,7,0,Low
4,3,2,7.1,1,6,10,7,6,4,7,6,2,6,5,8,0,Medium
1,3,4,6.5,0,4,7,7,5,2,8,6,3,5,4,4,0,Medium
4,4,5,7.0,0,6,6,5,4,2,7,8,2,5,4,5,0,Medium
6,8,7,5.8,0,8,2,3,5,1,1,8,5,7,10,9,0,Low
1,1,2,8.0,0,5,4,2,4,4,2,10,4,7,8,10,0,Low
3,8,5,7.4,1,6,8,8,9,8,7,5,2,5,5,4,0,High
3,8,7,8.7,1,3,2,2,1,0,1,8,4,7,10,10,0,Low
3,5,4,10.0,0,4,5,5,6,3,5,6,4,7,8,4,1,Low
5,5,5,7.1,0,4,3,4,6,1,3,8,4,10,7,9,0,Low
6,6,10,5.7,0,5,5,4,8,6,8,5,1,6,6,4,1,High
3,4,6,7.9,0,6,5,7,7,2,6,7,3,7,10,6,0,Low
5,7,6,8.4,1,9,6,5,7,3,5,6,1,3,6,8,0,Medium
5,12,7,7.4,5,6,9,6,9,4,3,6,2,7,5,5,0,High
7,10,10,4.8,2,10,9,6,6,3,9,5,1,3,3,5,0,High
1,5,6,7.3,0,3,4,7,5,4,4,8,3,8,5,7,1,Low
2,4,3,8.1,1,7,4,7,6,3,5,6,0,9,6,6,1,Low
2,3,5,9.1,0,5,2,4,7,7,3,9,4,6,10,6,0,Low
8,11,9,6.8,2,6,5,4,8,4,7,5,4,4,5,5,0,High
1,5,5,7.9,0,6,3,4,7,2,3,9,6,8,7,7,0,Low
2,5,7,8.1,0,4,3,4,5,5,2,8,2,5,7,7,0,Low
4,6,9,8.0,0,7,4,4,7,5,5,7,5,6,4,8,0,Medium
5,5,7,7.4,0,4,2,2,2,3,4,8,7,7,8,6,0,Low
5,7,6,8.1,0,4,6,3,5,3,5,6,3,6,4,5,0,Medium
8,10,9,6.4,6,5,6,9,6,3,6,5,3,2,7,5,1,High
4,4,3,6.7,1,8,4,7,5,9,3,8,4,7,4,9,1,Low
2,6,4,8.9,0,7,5,3,4,3,4,7,4,10,6,5,0,Low
5,7,7,7.5,2,5,5,4,7,4,6,8,5,5,4,7,0,Medium
4,8,6,7.6,1,6,5,6,7,6,6,7,2,3,4,5,0,High
6,10,3,8.6,0,7,1,3,6,0,1,6,6,9,4,10,0,Low
2,6,5,7.6,0,5,1,3,1,1,4,7,6,6,8,6,0,Low
5,6,7,7.3,0,6,4,7,9,3,6,8,4,5,5,5,0,Medium
2,8,2,6.0,0,2,7,6,5,4,5,7,2,5,4,5,1,Medium
2,3,4,8.8,0,1,7,7,9,2,4,6,4,3,7,5,0,Medium
4,6,6,6.0,5,6,6,6,6,6,6,8,4,4,6,4,2,Medium
3,6,8,8.0,0,5,8,6,7,6,6,6,1,4,5,7,0,High
4,6,7,7.0,0,3,7,8,5,6,7,8,2,3,6,5,0,High
6,6,8,6.4,3,5,9,8,6,8,8,4,2,4,4,5,0,High
4,4,6,8.2,0,2,6,9,7,4,7,6,3,10,5,10,0,Medium
2,7,5,7.2,0,4,5,4,1,2,4,5,6,8,5,6,0,Medium
3,4,6,8.4,1,3,6,3,4,5,8,6,3,6,5,7,0,Medium
3,7,7,7.2,1,7,5,4,8,4,6,6,1,10,8,6,0,Medium
3,6,6,6.6,0,5,4,3,5,0,2,8,3,4,6,9,0,Low
3,2,1,8.7,0,3,1,5,3,1,5,8,3,8,9,7,0,Low
7,6,9,5.2,5,7,7,9,10,8,7,6,3,7,1,6,0,High
4,6,6,6.0,5,6,6,6,6,5,6,8,4,6,4,4,2,High
3,6,4,8.0,0,4,3,5,5,1,6,8,3,7,6,7,0,Low
6,7,3,6.6,3,6,3,9,9,4,4,6,3,4,5,6,1,High
4,4,5,8.5,0,8,6,3,9,0,2,6,2,6,6,7,0,Low
4,4,5,7.4,0,7,5,5,6,5,4,8,1,7,5,5,0,Medium
5,4,7,8.1,1,4,6,5,6,5,6,8,1,3,4,6,0,Medium
5,11,8,7.2,0,9,3,2,5,4,5,7,1,6,6,10,0,Medium
5,3,4,8.3,0,6,7,2,4,4,6,6,1,6,6,4,0,Medium
5,8,5,5.0,4,7,10,9,9,4,4,6,2,1,2,5,0,High
5,3,6,7.4,0,4,5,4,6,2,4,7,4,5,5,8,0,Medium
6,6,7,6.9,3,5,6,4,6,4,2,6,2,4,7,7,0,Medium
4,7,6,7.7,2,4,6,5,6,4,1,7,0,4,8,7,1,Medium
4,11,8,7.1,1,6,4,3,4,1,4,6,3,8,8,7,0,Low
1,4,4,7.3,0,3,7,3,6,1,5,6,4,6,7,5,1,Low
4,7,8,6.6,1,5,6,5,3,3,6,6,5,6,5,7,0,Medium
7,11,10,7.3,0,8,4,5,6,5,7,5,3,4,3,8,0,High
2,6,2,6.8,0,8,5,1,2,3,2,9,3,8,7,8,0,Low
4,5,4,7.5,2,6,4,7,5,6,8,6,3,4,5,5,0,High
1,9,8,8.7,1,4,3,4,2,3,4,7,4,5,8,5,0,Low
3,5,7,7.8,0,5,7,6,6,6,6,8,4,7,4,7,0,Medium
4,9,5,8.5,0,9,5,4,6,2,2,7,2,6,7,6,0,Low
3,5,3,8.0,1,5,7,8,8,5,6,5,3,7,6,5,1,Medium
3,5,5,7.6,2,4,6,7,9,7,6,7,3,4,2,1,0,High
5,11,6,5.7,2,7,6,5,5,6,4,5,0,6,7,5,0,High
4,5,5,7.9,0,3,2,5,4,3,4,10,3,8,9,9,0,Low
6,11,8,6.5,1,8,7,5,8,4,6,6,0,6,4,4,0,High
2,5,5,7.4,0,3,5,4,6,4,7,7,1,6,5,5,0,Medium
5,7,6,7.3,0,6,2,2,5,0,2,8,4,9,10,7,0,Low
6,6,6,7.0,3,6,6,6,6,5,4,8,4,6,6,6,2,Low
2,5,5,7.2,1,6,5,4,6,3,3,7,4,4,7,5,1,Low
1,4,2,6.8,1,3,6,6,6,1,7,5,4,8,8,8,0,Low
6,7,7,6.5,0,4,3,3,4,3,6,6,3,5,6,9,0,Medium
4,5,9,5.1,0,5,3,8,6,2,4,7,2,3,6,6,0,Medium
6,8,6,7.4,0,9,8,3,9,0,9,5,2,6,7,8,0,High
3,6,7,7.9,1,1,5,5,8,4,9,9,4,6,3,8,0,Medium
3,3,1,9.0,0,4,1,1,6,1,1,9,6,10,10,10,0,Low
6,6,6,8.5,1,4,7,6,6,4,7,7,0,6,7,5,0,High
3,4,2,9.0,0,6,6,6,2,4,2,9,0,5,4,7,0,Low
2,7,5,8.1,0,7,4,3,6,4,3,9,3,7,7,9,0,Low
5,6,8,6.1,1,7,6,3,6,3,1,6,3,6,5,5,0,Medium
8,9,9,5.8,3,8,9,4,7,3,8,6,0,4,5,9,1,High
1,4,6,8.9,0,4,5,4,7,3,1,8,4,5,7,9,0,Low
5,1,4,7.3,2,4,5,4,6,5,2,7,0,5,5,4,0,Medium
4,6,2,7.9,0,4,2,3,6,0,4,6,4,6,8,8,0,Low
6,6,4,6.0,5,8,6,4,6,7,4,8,4,4,4,4,2,Low
1,4,5,7.2,1,3,7,6,5,6,6,5,5,6,1,6,1,High
4,7,6,8.2,0,5,3,1,4,3,5,7,3,5,7,7,0,Low
3,5,6,6.9,2,2,4,3,6,5,8,6,2,6,6,4,0,Medium
6,7,9,7.1,2,9,2,1,5,0,1,8,7,7,8,10,1,Low
4,2,7,5.9,0,8,10,6,6,3,6,4,3,5,4,8,0,High
6,10,7,6.3,1,5,3,6,9,3,8,5,3,4,6,5,0,High
2,4,3,9.7,0,6,5,5,4,5,5,7,3,6,7,6,0,Low
6,8,4,7.0,4,6,6,6,4,7,6,6,2,6,6,4,4,Medium
5,5,6,7.9,1,5,2,1,5,2,1,7,3,8,8,7,0,Low
4,9,8,5.9,1,5,8,7,8,8,4,7,0,2,1,7,0,High
4,1,3,6.1,0,4,3,3,7,3,2,7,3,6,9,7,0,Low
4,4,5,7.8,0,4,4,8,10,2,6,7,3,4,8,5,1,Medium
2,3,3,7.7,0,5,5,4,4,0,6,7,5,5,9,6,0,Low
4,6,4,7.9,2,4,5,3,6,3,6,7,4,6,7,7,0,Low
5,10,6,7.4,1,4,5,6,6,6,7,5,4,6,6,6,0,High
2,4,6,7.6,0,5,7,6,8,6,7,7,0,3,6,4,0,High
3,4,5,7.4,3,4,5,5,7,6,5,7,2,2,6,6,0,High
4,2,3,7.2,0,3,6,6,6,4,2,6,5,8,8,3,0,Low
3,3,4,8.0,0,4,5,8,4,7,3,7,1,5,3,7,0,Medium
4,12,7,6.4,3,4,6,6,5,1,2,6,3,4,7,8,0,Medium
5,8,8,4.8,1,8,10,7,6,8,5,6,3,3,2,2,1,High
2,5,4,9.1,0,5,3,6,4,2,1,7,3,7,6,8,0,Low
3,5,6,7.9,1,4,7,7,6,5,5,5,3,4,4,4,0,High
1,3,5,8.7,0,3,6,5,6,3,8,7,1,5,2,4,1,Medium
4,5,6,9.9,0,5,3,4,4,3,4,7,4,4,5,7,1,Low
4,8,9,6.3,2,7,7,7,7,8,10,4,2,4,1,4,2,High
3,5,6,7.4,0,8,6,5,6,1,4,6,0,4,4,4,0,Medium
7,8,9,6.8,1,6,5,7,5,6,7,6,1,5,5,6,0,High
6,5,5,6.6,2,7,4,2,6,0,7,8,4,7,7,9,1,Low
5,5,6,6.1,0,3,1,7,4,1,4,7,2,8,9,8,1,Low
4,5,5,6.7,0,4,7,6,5,3,4,6,3,9,6,6,0,Medium
3,1,1,9.5,0,5,8,2,6,7,8,8,4,3,7,8,1,Low
3,7,7,6.1,1,4,8,8,3,5,6,6,2,5,4,7,1,High
4,5,6,7.6,0,3,4,6,10,5,8,7,3,7,6,8,0,Medium
6,6,6,7.4,0,6,2,6,6,1,1,8,6,6,8,8,0,Low
4,8,9,6.7,0,8,4,9,7,4,9,5,6,5,6,6,1,Medium
4,3,4,6.5,0,2,7,9,6,5,8,6,2,7,5,7,0,Medium
5,8,5,6.7,0,6,8,5,7,7,4,5,2,5,4,8,0,High
5,7,5,6.8,0,1,6,7,4,3,5,6,4,7,6,4,1,Medium
1,2,2,9.2,0,3,6,4,7,2,3,6,2,6,5,7,0,Medium
4,9,6,8.5,0,7,5,6,2,4,3,7,6,8,8,9,0,Low
3,5,4,7.4,0,3,3,1,3,2,1,8,3,8,7,8,0,Low
7,9,8,8.6,1,4,4,1,3,2,1,5,4,6,5,9,0,Low
4,5,7,7.3,1,4,7,5,9,5,3,6,1,6,5,8,1,Medium
6,8,4,5.9,0,4,3,5,4,2,7,7,2,5,8,5,1,Medium
6,7,5,7.0,0,7,6,5,6,0,1,7,5,8,6,9,0,Low
4,6,6,9.2,0,7,1,4,1,2,3,7,6,8,10,8,0,Low
6,6,7,6.8,1,7,3,3,5,2,5,8,4,7,7,7,0,Low
7,8,5,6.1,2,6,7,4,10,3,9,6,5,3,4,2,0,High
5,7,6,6.2,0,4,5,4,6,4,5,8,4,7,8,6,0,Low
2,6,3,6.1,1,4,7,4,3,8,8,6,3,6,5,7,0,Medium
4,7,5,6.6,0,7,2,4,5,4,1,8,2,7,6,9,0,Low
6,4,8,5.8,1,8,8,9,6,9,9,5,1,8,1,4,0,High
2,4,10,6.8,1,3,3,7,8,1,10,6,2,5,5,7,0,High
7,8,7,7.7,1,5,5,7,6,4,5,5,2,4,4,7,1,High
7,10,7,5.5,4,5,8,7,6,7,8,4,0,3,1,2,0,High
4,7,6,7.3,1,6,9,6,7,5,5,6,1,5,2,7,0,High
1,6,5,8.5,2,4,5,5,4,3,5,9,4,4,5,8,0,Medium
5,8,6,5.9,0,7,4,3,2,0,5,7,3,9,5,5,0,Medium
7,8,5,6.4,1,5,7,3,5,6,1,6,6,6,9,10,0,Low
3,6,6,7.6,0,6,5,6,6,1,7,6,4,8,3,5,0,Medium
3,2,6,7.0,0,4,4,3,7,5,7,8,2,8,7,5,0,Low
3,6,5,7.9,1,3,1,6,7,3,3,9,4,7,7,5,0,Low
6,5,5,8.1,0,7,7,6,7,5,6,7,2,4,5,2,0,High
3,2,4,6.5,1,4,3,6,3,3,6,8,5,4,6,6,1,Low
4,5,6,6.0,2,5,8,8,7,7,7,6,2,3,5,2,0,High
6,6,4,7.0,0,6,6,7,6,5,6,7,3,4,6,4,0,High
5,3,5,6.4,2,2,6,3,10,7,8,6,4,2,3,4,2,High
4,6,8,6.2,2,7,4,8,6,4,9,7,4,6,7,9,0,Medium
4,11,7,5.9,1,5,4,8,7,2,6,6,3,6,4,4,0,High
6,4,4,7.1,0,6,3,5,5,0,3,8,6,4,5,7,1,Low
3,4,6,7.9,0,7,2,5,5,4,4,7,5,6,8,9,0,Low
3,5,7,7.5,0,7,9,7,10,4,6,8,3,4,7,9,0,Medium
2,5,4,6.8,1,5,9,5,7,3,9,5,2,7,5,6,2,Medium
1,3,3,8.8,1,4,7,5,6,2,8,8,0,3,5,7,0,Medium
3,5,4,7.0,1,1,1,5,5,2,2,7,1,10,8,10,0,Low
1,6,6,6.8,0,4,3,1,4,0,3,7,4,8,9,9,0,Low
5,12,7,6.3,0,8,1,4,2,2,2,5,3,3,6,5,0,Medium
4,9,6,7.6,0,5,6,3,1,4,1,7,4,7,5,7,0,Medium
4,8,4,6.0,3,6,6,6,6,7,6,6,4,6,4,6,2,Medium
7,4,4,7.9,0,6,5,4,9,2,9,5,1,4,6,4,0,High
4,5,8,7.5,1,8,6,4,8,5,4,7,0,6,4,4,0,High
2,4,4,9.3,1,3,1,1,2,3,1,7,3,10,7,9,0,Low
2,4,2,9.3,0,5,5,2,6,5,9,9,2,6,7,8,0,Low
6,8,6,8.0,5,8,6,4,4,5,4,8,4,4,4,6,2,Low
4,6,4,8.0,4,8,6,6,6,5,6,8,2,6,6,6,4,High
1,3,2,10.0,0,2,5,2,7,3,4,10,7,5,10,5,0,Low
3,9,7,8.4,1,8,5,6,7,8,5,6,4,8,6,7,0,Medium
4,6,6,7.0,4,6,6,6,6,5,4,6,2,6,6,6,2,High
5,5,5,7.9,1,4,1,7,7,6,7,7,3,8,7,7,2,Medium
2,5,4,6.3,0,8,8,4,4,3,6,10,1,6,5,6,1,Medium
4,3,4,6.9,0,4,4,5,9,2,5,6,6,6,7,5,0,Medium
5,9,4,5.5,6,9,6,4,7,4,4,6,2,6,7,4,0,High
6,4,9,7.0,0,4,10,7,7,4,6,6,4,9,5,8,0,High
1,3,4,7.6,0,5,2,4,4,2,6,7,0,7,7,8,0,Low
3,5,7,7.1,0,7,6,7,6,4,8,6,2,5,7,4,0,Medium
4,7,6,7.6,1,4,4,4,6,1,3,8,4,7,9,10,0,Low
4,6,3,6.3,0,4,7,2,8,3,4,6,2,6,7,6,0,Medium
4,2,3,8.3,1,6,5,5,9,5,7,7,1,5,6,5,0,Medium
6,11,9,5.6,3,4,6,2,4,1,5,6,4,5,6,9,0,High
4,5,5,6.9,0,9,4,6,6,3,6,7,5,5,3,8,1,Medium
3,4,3,7.0,0,6,5,5,2,1,3,10,7,5,8,8,0,Low
3,2,3,7.0,1,4,4,5,1,2,4,8,6,7,7,8,0,Low
5,4,5,7.5,0,5,4,4,7,3,6,8,5,5,7,5,1,Medium
3,4,5,9.7,0,6,4,1,3,0,2,8,7,7,10,6,0,Low
4,6,7,5.9,1,4,4,6,3,4,8,7,6,5,7,5,0,Medium
5,7,6,6.9,0,5,3,4,3,2,6,7,2,8,8,4,0,Medium
7,7,9,5.4,0,8,4,5,7,4,6,3,3,4,5,6,0,High
6,7,10,6.2,1,5,3,4,6,1,3,7,2,10,9,8,0,Low
5,7,7,7.0,0,6,6,1,3,4,5,6,4,9,8,7,1,Low
6,10,10,7.4,0,7,5,4,8,3,4,6,3,7,6,10,0,Medium
8,12,9,4.0,2,7,7,6,6,7,9,5,2,6,4,3,0,High
4,7,8,7.2,1,3,3,3,7,2,4,8,2,4,6,6,0,Medium
5,9,5,6.5,2,5,5,6,6,3,3,5,0,5,5,5,0,High
5,5,8,5.6,1,7,6,5,6,3,6,6,0,5,4,8,0,Medium
5,2,3,8.5,0,3,3,3,2,1,3,9,6,6,7,7,0,Low
5,9,6,7.8,0,3,7,6,6,4,5,7,2,5,9,10,0,Medium
3,6,10,6.7,1,7,7,8,8,4,9,6,3,8,1,2,2,High
5,6,7,6.2,1,6,5,3,6,5,7,7,3,6,4,7,1,Medium
4,4,5,7.5,0,4,7,4,6,7,6,7,0,8,2,7,0,Medium
5,3,4,6.8,0,6,5,9,8,4,6,6,0,8,6,7,0,Medium
4,7,7,7.2,0,6,6,8,6,3,6,6,1,4,3,3,0,High
3,5,3,9.0,0,8,1,4,5,1,3,8,3,8,10,7,0,Low
1,2,4,9.7,0,4,2,4,4,1,1,8,4,7,8,8,1,Low
6,6,6,6.0,3,8,4,6,6,7,4,6,4,6,6,4,2,Low
1,4,3,9.1,0,3,5,4,3,4,6,7,4,7,6,7,0,Low
4,3,8,6.4,0,3,8,6,10,2,10,5,2,7,4,7,1,High
5,4,8,8.6,0,6,6,5,5,4,2,6,5,7,8,5,0,Low
5,8,5,7.1,1,5,5,1,8,4,3,8,6,9,10,8,0,Low
5,11,7,5.7,1,4,3,5,6,4,1,9,3,6,9,8,1,Low
4,10,4,9.1,0,7,3,1,5,2,4,9,2,6,10,10,0,Low
6,9,6,6.3,0,8,8,6,5,2,5,6,2,7,6,8,0,High
4,6,5,7.2,0,5,5,6,7,6,9,8,3,6,7,9,0,Medium
5,6,5,6.5,0,6,2,8,7,4,3,7,2,7,5,6,1,High
7,9,7,8.2,2,4,5,6,7,7,6,7,3,7,4,4,0,High
7,7,5,7.8,3,5,7,5,8,7,7,5,0,5,6,6,2,High
5,8,7,8.4,0,5,2,5,1,4,6,7,6,7,8,7,0,Low
4,3,7,7.6,0,7,1,4,3,0,4,8,6,10,7,10,0,Low
2,1,3,9.0,0,3,5,6,7,8,7,7,2,5,6,6,0,Medium
4,7,1,7.2,0,4,6,4,7,1,5,8,1,4,4,5,0,Medium
3,4,5,8.2,0,4,8,6,8,4,7,6,3,9,5,9,0,Medium
7,7,5,6.0,1,3,7,6,6,2,10,6,4,6,7,6,1,High
6,9,6,8.2,1,9,2,2,4,2,5,7,3,8,5,9,0,Low
2,6,7,6.9,0,1,10,4,9,7,6,6,0,2,1,1,1,High
6,8,6,6.0,4,6,4,6,6,5,6,6,4,6,4,6,2,Low
3,1,3,7.2,0,4,3,7,8,3,3,7,0,6,6,8,0,Low
1,1,4,8.7,0,3,1,4,4,0,4,8,6,6,8,9,0,Low
2,2,4,7.5,0,5,2,4,10,3,1,7,5,8,9,7,0,Low
6,3,5,7.2,1,3,5,8,8,4,8,6,3,4,4,1,0,High
4,1,7,7.8,0,5,5,3,6,4,5,5,5,3,7,7,1,Medium
6,9,7,7.3,0,3,2,6,10,4,8,6,1,4,5,8,0,Medium
6,6,8,8.1,0,6,7,6,9,4,5,5,3,7,5,6,1,High
7,7,7,6.9,0,5,6,3,7,5,7,7,3,5,7,7,2,Medium
5,3,6,8.7,0,4,6,6,6,6,8,7,4,9,3,4,0,Medium
4,6,7,8.3,0,4,6,4,6,4,6,6,3,7,8,6,0,Medium
4,8,7,9.7,0,5,1,2,5,1,2,9,2,10,10,9,0,Low
7,7,5,6.7,2,8,3,3,9,3,3,8,3,5,9,8,0,Low
1,4,2,7.2,0,2,7,3,10,3,3,7,4,4,9,7,0,Low
4,5,5,7.1,1,6,5,7,5,4,4,6,4,5,6,7,0,Medium
5,5,4,7.4,0,7,2,6,6,2,3,8,4,6,8,8,1,Low
2,4,5,7.4,0,4,4,3,4,5,4,9,3,6,8,8,0,Low
3,6,5,5.9,0,6,6,6,5,2,5,10,4,9,6,5,0,Low
4,9,8,8.3,0,9,7,5,4,1,3,6,4,6,6,7,0,Medium
2,5,6,6.7,0,2,4,3,8,2,3,9,4,5,7,5,0,Low
2,6,7,8.3,0,7,4,2,6,5,6,7,3,7,9,5,0,Low
6,6,4,9.0,0,8,5,3,6,4,5,6,4,9,6,8,0,Medium
3,7,4,6.5,0,6,5,7,7,4,6,6,2,2,4,7,1,High
4,3,4,7.5,1,8,8,4,7,7,7,6,4,3,5,3,0,Medium
3,5,7,7.1,0,8,6,4,7,0,7,7,3,6,5,8,2,Medium
5,11,4,8.1,0,4,8,4,4,5,5,8,2,4,6,7,1,Medium
3,1,2,7.2,1,3,4,1,3,3,4,8,7,6,5,8,0,Low
4,7,4,7.3,0,6,2,5,3,4,3,8,2,9,8,10,0,Low
2,5,8,8.9,0,3,4,5,2,4,3,10,2,7,5,4,0,Low
5,7,6,7.0,0,11,3,5,6,3,3,7,2,8,7,10,0,Medium
5,6,7,6.0,0,7,6,6,4,3,5,7,2,7,7,9,0,Low
5,7,4,8.2,0,6,6,3,7,1,6,7,5,6,8,9,0,Low
3,3,6,6.7,1,1,8,8,7,7,5,7,0,4,10,6,0,Medium
4,5,3,7.3,0,5,6,4,3,5,5,6,3,7,7,7,1,Low
3,2,2,9.0,0,2,4,3,4,2,1,7,3,8,10,9,0,Low
3,8,4,7.7,0,6,4,4,2,6,8,6,2,6,4,8,0,Medium
6,7,7,8.8,0,2,5,5,4,2,6,7,0,6,7,7,0,Medium
5,9,6,7.0,1,9,5,5,5,3,4,7,3,5,6,7,0,Medium
6,2,6,7.7,0,3,5,5,4,5,5,8,0,6,4,8,0,Low
3,6,5,8.6,0,1,6,2,8,5,5,8,4,6,8,5,0,Low
4,6,4,8.0,0,5,1,3,6,2,3,7,5,8,9,8,0,Low
5,7,8,7.0,0,6,5,1,5,4,6,5,0,4,7,6,1,Medium
2,1,3,8.0,0,3,6,7,9,2,6,6,3,9,6,5,0,Medium
1,1,1,8.6,0,6,3,1,2,3,2,8,2,9,9,10,0,Low
5,10,8,7.1,2,6,4,5,6,2,1,5,6,6,5,9,0,Medium
1,1,1,7.4,0,4,6,5,9,4,6,7,2,3,5,5,0,Medium
4,6,6,6.1,1,4,4,6,4,4,4,6,2,8,7,7,1,Medium
2,4,5,7.9,0,6,2,5,8,3,7,6,3,5,6,6,1,Medium
6,8,5,6.9,1,3,6,1,6,0,4,6,2,8,4,5,0,Medium
5,4,8,7.5,0,5,2,5,7,1,5,8,0,5,6,5,0,Medium
4,3,3,7.5,0,3,1,2,8,2,4,9,6,5,9,7,1,Low
2,5,7,7.2,1,8,3,2,5,3,1,8,4,10,9,10,0,Low
4,5,7,5.9,1,5,6,7,7,7,6,7,2,6,4,5,0,High
5,5,5,8.8,0,6,3,2,2,3,2,8,4,6,7,8,0,Low
8,6,5,8.4,0,6,4,4,6,3,2,7,2,10,5,7,0,Low
5,4,5,7.7,0,9,5,2,4,3,3,6,2,7,9,8,0,Low
7,8,9,6.6,3,4,2,5,5,4,3,6,5,9,8,10,0,Medium
6,5,8,5.6,0,6,6,5,5,4,6,6,4,4,2,7,0,High
4,9,6,7.6,2,4,2,4,6,3,5,8,4,6,6,10,0,Low
5,6,3,6.9,0,1,6,3,5,4,4,8,4,5,4,5,0,Medium
2,5,4,6.5,0,3,7,7,7,6,5,6,3,4,5,4,0,Medium
2,6,7,7.3,0,7,8,7,4,1,8,7,5,4,5,8,0,Medium
2,8,7,7.0,0,5,3,4,3,4,8,8,5,6,6,7,0,Low
4,4,6,6.0,1,4,7,7,7,6,7,6,3,4,4,6,0,High
5,6,4,6.0,1,8,6,5,6,0,4,6,5,7,6,10,1,Medium
4,6,6,6.0,5,8,4,4,6,7,4,8,4,6,4,6,2,Medium
4,3,8,6.5,0,6,6,7,7,7,8,6,3,6,5,6,0,High
4,7,7,6.9,2,6,7,6,6,2,10,6,1,3,4,4,0,High
3,4,8,7.9,1,6,4,3,3,1,2,9,5,8,9,8,0,Low
4,5,4,7.9,1,5,4,4,7,2,6,8,6,6,8,7,0,Low
1,3,6,6.8,0,6,8,8,6,4,8,7,2,4,3,6,2,Medium
3,7,4,7.4,0,3,6,4,7,3,5,5,1,2,6,6,0,Medium
3,7,7,7.8,0,5,3,7,4,3,4,5,4,6,9,3,1,Medium
5,8,7,6.6,0,8,4,2,6,4,9,7,3,5,7,10,0,Medium
4,5,7,8.7,1,4,4,6,7,5,6,7,6,7,5,7,0,Medium
1,1,3,7.1,0,2,5,7,7,5,7,8,3,10,6,9,0,Low
2,1,3,7.3,0,8,5,6,7,2,4,9,3,7,6,5,0,Low
6,6,5,6.0,0,7,5,5,7,5,5,8,3,7,4,6,0,Medium
3,2,5,6.6,2,5,4,6,7,5,3,7,3,5,6,6,0,Medium
6,5,6,6.6,0,5,6,4,7,0,5,6,0,7,5,7,0,Medium
5,6,9,7.5,0,2,6,4,6,6,5,7,1,5,3,7,0,Medium
6,7,9,6.0,1,6,10,9,10,7,7,5,2,2,3,5,2,High
6,8,4,8.0,5,6,4,4,4,7,6,8,2,6,4,4,4,Low
5,10,7,5.4,1,7,4,7,10,1,9,3,3,6,8,5,0,High
4,6,4,6.0,5,6,6,6,6,7,6,8,4,6,6,4,2,Low
4,5,5,7.4,0,5,5,6,4,5,6,7,1,4,7,7,1,Medium
3,6,5,8.5,0,3,6,6,6,5,3,6,3,8,8,5,0,Low
4,11,10,6.0,2,7,7,7,5,2,6,6,1,8,7,7,0,High
6,6,6,8.0,4,8,4,6,6,7,4,6,4,4,6,6,2,High
4,3,7,6.8,0,6,4,4,8,5,6,6,3,7,5,5,0,Medium
3,5,5,6.6,1,6,9,7,6,5,5,7,5,2,5,1,0,Medium
4,3,5,7.7,1,5,1,2,2,0,3,8,6,7,10,10,0,Low
4,5,5,8.0,0,5,8,8,8,5,4,5,3,2,7,7,1,Medium
2,3,5,7.5,1,3,5,8,5,2,4,6,4,5,4,4,0,Medium
1,4,6,5.8,0,5,6,3,5,4,8,7,2,5,6,6,0,Medium
3,6,7,8.4,0,5,4,6,4,4,6,6,4,5,8,9,0,Medium
3,1,7,9.3,0,3,6,4,6,3,4,6,2,6,7,7,0,Low
2,2,6,7.3,0,6,6,4,3,4,5,7,4,4,7,7,0,Low
3,2,3,7.3,0,1,4,4,5,1,5,6,3,6,2,8,0,Medium
6,6,4,7.8,1,4,8,4,10,4,9,9,2,6,6,6,0,Medium
5,5,7,8.5,0,6,7,7,10,5,6,5,2,7,3,6,2,High
3,4,6,8.8,0,7,3,1,7,0,3,9,3,5,10,8,0,Low
2,5,6,5.5,1,6,8,8,7,7,5,8,3,7,5,7,0,Medium
6,4,4,7.5,1,5,6,6,7,5,4,7,5,8,9,3,0,Medium
5,6,9,7.4,2,6,9,5,5,2,5,6,1,5,9,8,0,Medium
5,6,6,6.8,0,6,3,1,1,2,5,8,6,7,7,10,0,Low
6,5,6,8.3,0,8,7,3,5,1,6,8,5,6,6,5,0,Low
2,4,2,8.9,0,6,3,2,3,1,3,7,3,10,10,8,0,Low
1,5,5,8.6,2,6,7,6,7,6,4,8,0,2,6,9,2,Medium
2,5,5,7.3,0,5,2,5,6,0,1,9,4,7,9,9,0,Low
5,4,6,7.6,1,3,4,1,9,4,6,9,3,7,8,4,0,Low
3,1,3,7.0,1,2,6,4,6,4,4,8,3,6,8,6,0,Low
3,8,6,7.0,3,5,5,8,5,10,5,6,4,5,5,2,0,High
1,4,3,9.0,1,5,4,4,5,8,5,8,3,4,8,6,1,Low
1,1,6,7.3,0,2,4,3,7,3,4,7,7,6,8,7,0,Low
3,7,8,6.0,0,7,6,2,5,2,4,6,1,6,9,8,1,Medium
4,7,5,7.8,0,3,7,8,6,5,9,6,1,3,4,5,0,High
3,7,3,7.5,0,3,6,5,7,6,9,6,1,7,7,9,0,Medium
2,4,4,8.9,0,6,3,6,4,0,6,7,3,6,6,7,0,Low
4,8,5,6.5,3,7,7,7,4,0,5,9,5,5,7,3,0,Medium
5,5,6,7.3,1,6,5,6,5,0,5,9,2,10,10,9,0,Low
4,5,4,7.9,1,3,7,5,5,5,6,4,1,6,7,6,1,High
3,4,3,8.3,0,6,1,2,4,3,2,8,3,8,9,8,0,Low
6,8,7,5.0,5,8,7,5,7,5,5,5,2,5,5,7,1,High
2,5,3,10.0,0,4,4,8,6,6,4,9,3,5,7,8,0,Low
6,10,10,5.5,6,7,9,7,6,6,10,4,0,2,4,2,0,High
6,8,9,5.4,0,5,4,6,6,2,1,8,2,5,8,8,0,Low
1,1,1,8.9,0,2,6,6,4,4,4,7,3,6,7,9,0,Low
7,9,4,7.0,0,7,6,6,10,9,7,4,4,2,1,4,0,High
2,5,6,8.0,1,3,5,6,6,6,4,6,4,6,5,3,0,Medium
3,6,4,8.5,3,5,3,6,6,2,3,7,3,6,5,8,0,Low
4,4,7,7.2,0,8,6,5,8,4,5,7,3,7,4,6,0,Medium
5,7,7,5.5,0,5,5,4,5,6,7,8,4,5,7,7,1,Medium
5,4,3,7.6,0,5,6,4,5,3,5,7,4,6,6,4,0,Medium
2,4,2,6.7,0,2,2,5,7,2,4,7,6,4,5,8,1,Low
3,3,4,8.4,0,6,5,4,3,3,2,7,4,5,3,6,1,Low
5,5,6,7.1,0,4,5,4,2,3,1,6,2,7,8,10,0,Low
5,2,3,8.3,0,1,6,9,7,2,2,5,0,6,3,9,1,Medium
4,1,4,7.4,0,2,6,6,6,5,7,8,4,4,3,6,1,Medium
6,8,6,6.0,2,7,5,8,5,1,4,5,1,9,5,5,0,High
3,2,4,7.6,0,2,2,2,4,1,3,10,6,8,10,7,0,Low
4,5,6,7.5,0,2,9,7,5,5,7,6,1,5,3,6,1,High
4,5,7,6.9,1,6,6,8,10,7,7,7,1,3,2,7,0,High
3,9,6,7.9,0,5,4,7,7,4,7,8,4,7,9,6,0,Medium
7,9,6,6.0,2,5,6,7,4,3,5,7,2,8,8,6,0,High
4,7,8,7.4,0,5,5,3,4,1,2,7,5,6,9,9,0,Low
2,3,3,8.5,0,7,2,5,6,1,5,8,4,6,7,10,0,Low
1,4,5,8.3,0,6,4,3,4,1,8,8,0,6,10,7,0,Low
4,6,5,6.3,1,4,10,9,6,8,6,6,4,4,5,6,2,High
1,5,5,8.3,0,6,7,3,5,1,3,8,6,5,7,7,0,Low
1,4,3,7.7,0,3,6,8,5,7,2,6,4,6,5,6,0,Medium
4,2,7,7.5,1,3,5,6,7,3,1,7,5,8,7,6,0,Medium
3,7,6,7.7,1,1,5,7,5,4,8,6,2,6,5,7,0,Medium
8,11,6,7.1,1,5,5,8,6,4,5,6,5,5,8,9,0,Medium
4,6,6,7.0,4,8,6,4,4,6,6,6,4,4,4,6,4,High
5,2,5,7.0,0,5,4,2,8,1,4,6,0,10,9,8,0,Low
5,8,4,8.1,0,4,2,4,4,3,7,8,3,7,8,7,0,Low
3,2,1,8.1,0,5,6,1,9,2,3,8,3,8,9,9,1,Low
7,7,6,8.4,1,6,4,4,5,4,7,6,6,4,5,3,0,High
2,2,4,8.1,0,6,5,3,4,2,2,9,2,6,6,9,0,Low
2,8,4,6.6,0,2,5,7,8,3,8,7,2,7,7,9,0,Medium
4,2,6,7.2,0,6,4,3,9,4,3,8,1,5,8,6,0,Low
4,5,7,5.8,0,3,9,6,8,4,7,7,0,2,1,3,4,High
3,1,4,9.0,0,6,1,4,7,4,1,9,6,8,7,10,0,Low
5,7,5,7.4,0,8,6,7,8,4,5,5,1,5,4,5,0,High
2,3,3,8.1,0,6,3,4,4,1,5,7,5,8,8,9,0,Low
8,11,8,6.9,1,6,3,8,6,4,4,8,2,5,6,6,1,High
1,2,4,7.8,1,5,4,5,6,2,7,7,6,6,4,7,0,Low
6,10,5,8.1,0,4,5,4,2,1,1,8,5,9,9,9,0,Low
3,2,3,8.1,0,1,5,6,7,4,5,7,3,5,5,1,0,Medium
3,6,8,7.1,1,6,7,7,8,8,7,5,1,2,5,2,0,High
2,4,4,7.6,1,7,6,7,6,3,7,9,4,6,6,7,0,Low
3,6,6,6.9,1,2,4,4,6,2,6,7,0,4,8,10,0,Low
6,8,8,7.0,0,6,8,3,6,6,7,8,2,4,1,5,1,High
5,9,7,7.9,2,7,5,5,10,5,4,6,2,6,7,5,1,High
5,8,8,7.8,0,5,2,4,6,0,3,6,2,7,10,8,0,Low
1,5,4,9.7,1,4,1,4,6,0,1,8,7,10,9,4,0,Low
7,4,7,7.1,1,6,4,4,7,8,8,5,5,4,5,8,0,High
3,5,1,7.0,1,4,5,6,9,3,2,8,5,6,5,8,0,Low
3,6,2,7.5,0,4,2,5,4,2,3,7,5,9,5,7,0,Low
2,1,3,8.9,0,2,4,6,6,4,7,6,4,6,7,8,1,Low
3,5,4,6.3,0,5,5,6,5,2,2,8,6,8,6,8,0,Low
6,7,6,8.6,0,5,4,4,4,0,5,5,4,6,8,7,0,Medium
1,5,4,7.4,0,2,8,6,7,2,4,6,4,7,6,7,1,Low
4,6,5,9.4,0,4,5,4,4,1,3,8,6,7,9,8,0,Low
5,9,7,6.1,2,6,6,6,4,4,6,6,3,3,3,6,1,High
4,8,6,7.0,3,6,6,6,4,6,6,6,2,4,6,4,2,Low
2,3,7,9.8,1,4,2,4,5,0,5,8,5,7,7,7,0,Low
2,3,4,7.0,1,3,9,7,9,5,6,5,2,4,4,4,1,High
5,4,6,6.3,2,4,7,5,4,7,6,7,3,3,1,3,0,High
1,4,2,7.9,0,1,7,5,5,2,5,9,4,8,7,4,1,Low
5,8,6,6.3,1,8,3,4,4,2,4,6,2,8,10,5,0,Low
3,3,4,7.4,0,6,4,4,7,5,5,7,2,6,5,8,0,Low
5,9,5,5.9,1,5,5,7,5,2,6,4,4,8,7,6,1,High
4,4,1,7.1,0,5,7,7,8,9,1,8,3,8,6,4,0,Medium
4,9,8,6.7,0,4,5,1,6,5,6,5,3,6,5,6,0,High
4,4,7,7.7,0,4,3,3,7,4,5,6,3,5,5,5,2,Medium
3,1,7,6.8,0,4,6,1,8,3,4,7,0,7,8,7,0,Medium
2,3,3,8.4,0,3,2,3,3,4,4,7,4,7,8,10,0,Low
6,5,4,8.3,0,7,6,4,5,2,6,6,3,10,7,10,0,Low
8,8,6,5.5,0,5,7,6,8,4,5,6,3,3,2,5,2,High
7,10,5,8.5,2,6,5,5,5,5,5,7,5,10,9,8,0,Medium
6,9,4,6.3,0,7,6,5,3,3,7,7,3,6,8,3,0,Medium
5,7,5,8.1,0,5,5,3,7,2,5,8,6,6,8,5,0,Medium
3,6,5,8.8,0,3,7,5,6,2,3,6,1,5,4,9,1,Low
4,6,7,9.4,0,4,6,4,6,0,8,7,4,7,7,7,0,Low
7,11,8,6.3,4,8,6,4,7,7,7,5,1,3,7,7,2,High
3,7,3,6.9,0,6,4,7,1,4,6,6,4,5,5,2,0,Medium
6,8,6,6.5,0,4,2,4,6,4,3,9,4,5,9,8,0,Low
3,4,6,6.3,1,3,7,8,8,4,7,6,1,2,5,3,0,High
5,10,5,9.0,0,7,1,2,5,2,5,6,4,6,7,4,1,Low
2,5,5,7.4,0,4,4,2,3,2,4,7,4,9,7,6,2,Low
3,9,5,7.1,0,2,5,4,5,5,3,6,3,6,5,9,1,Medium
4,4,5,6.7,0,4,6,5,7,1,6,8,4,6,6,6,0,Medium
4,6,6,6.0,3,6,6,6,6,5,4,8,4,4,4,4,2,Medium
5,2,8,7.3,1,5,3,5,5,3,2,8,3,3,9,7,0,Low
4,4,5,7.4,1,6,6,5,5,1,4,7,1,7,7,9,0,Low
3,4,6,7.8,0,3,4,6,6,2,3,7,4,5,7,9,0,Low
3,7,5,6.0,0,7,4,4,3,3,5,8,4,7,7,10,0,Low
5,8,6,6.8,0,5,6,8,7,4,7,6,5,4,7,4,1,High
5,5,8,8.0,0,3,6,9,9,8,5,5,2,4,4,6,1,High
4,6,4,6.2,1,4,7,5,6,6,7,6,2,5,5,5,2,High
2,6,5,7.7,0,5,7,7,8,6,7,4,1,3,4,8,0,High
6,12,9,4.1,0,7,6,2,7,2,5,8,5,6,7,9,0,Medium
7,10,7,5.9,1,7,5,3,7,3,6,6,2,4,8,6,0,Medium
6,6,5,5.8,0,5,3,4,6,1,5,7,4,8,9,10,0,Low
2,2,4,8.8,0,6,2,1,6,1,4,5,4,6,8,10,0,Low
3,8,5,8.4,0,4,4,3,6,4,5,9,5,5,5,6,0,Low
4,9,8,6.2,1,11,3,6,5,5,4,6,7,4,7,8,0,High
2,5,6,8.1,0,2,3,4,7,1,5,7,4,7,6,7,0,Medium
2,1,5,8.6,0,9,3,6,5,4,6,7,1,6,7,4,0,Medium
6,7,9,7.9,1,5,4,1,3,1,3,7,2,7,9,8,0,Low
4,8,6,8.0,4,6,6,4,4,6,6,8,4,6,6,6,4,Medium
5,9,8,5.0,1,8,4,7,4,0,5,5,1,8,7,8,0,Medium
3,1,4,6.2,2,2,8,7,7,5,9,5,1,3,5,3,0,High
4,7,8,7.8,0,7,6,4,4,1,3,8,2,4,7,7,0,Low
8,6,8,7.9,1,6,6,6,4,3,6,5,7,9,7,6,0,Medium
3,8,1,7.8,0,6,3,2,6,0,4,8,2,7,7,7,0,Low
4,6,9,6.3,1,5,9,8,6,2,7,8,1,8,6,1,0,High
2,3,5,9.4,0,3,9,3,8,2,7,6,3,4,5,3,0,Medium
4,9,6,7.0,1,5,7,1,8,4,7,8,2,4,6,6,0,Medium
3,4,3,7.2,0,5,1,4,9,0,6,9,3,10,8,8,0,Low
4,8,6,7.2,0,3,4,4,5,3,5,7,1,6,5,8,1,Low
2,3,2,9.2,0,2,3,3,5,3,3,8,3,9,6,7,1,Low
8,9,7,5.9,1,8,8,8,6,4,8,3,0,3,4,3,0,High
7,7,7,7.0,1,7,5,7,5,4,4,7,2,3,7,5,1,Medium
2,6,5,6.0,0,3,4,3,5,7,7,7,6,4,5,2,0,Medium
3,6,2,7.7,0,2,1,3,2,0,1,10,7,4,10,10,0,Low
4,6,6,8.0,3,8,6,6,4,5,6,6,2,6,6,6,2,Low
3,6,6,7.0,0,6,7,6,7,5,8,6,2,2,2,8,0,High
3,2,5,7.6,0,5,5,6,5,3,3,8,3,5,4,6,1,Low
1,1,5,8.2,1,1,6,4,8,4,9,7,2,5,2,3,1,Medium
5,4,4,10.0,0,6,1,2,6,1,5,7,3,6,9,7,0,Low
3,4,2,7.3,0,7,2,1,5,4,6,7,0,7,3,6,0,Low
3,4,8,7.0,0,2,7,6,9,3,7,6,0,5,5,4,0,High
4,4,7,7.0,1,5,3,4,5,3,1,5,5,10,7,6,0,Low
2,5,7,8.4,1,2,5,4,6,6,4,6,1,9,5,5,0,Medium
4,7,8,7.9,0,7,8,5,3,0,6,9,2,6,7,8,0,Low
2,3,4,7.4,0,4,2,3,3,4,5,5,4,7,6,8,0,Low
2,3,1,9.7,0,4,1,5,7,1,3,7,1,9,9,10,0,Low
7,8,6,5.9,2,7,3,2,8,3,5,4,6,9,6,5,0,High
5,6,6,8.4,0,4,1,4,9,4,5,6,3,4,6,9,0,Medium
4,7,6,8.3,2,5,4,3,9,6,3,5,3,5,5,7,1,Medium
2,1,3,7.2,0,4,5,5,8,3,5,7,2,4,4,8,0,Medium
6,8,3,7.2,0,5,5,6,6,5,3,8,4,5,7,7,0,Low
3,6,5,5.4,1,4,7,1,7,3,4,8,1,5,7,2,0,Medium
4,5,5,7.3,2,6,6,7,5,5,8,6,5,4,7,8,0,Medium
3,5,4,6.6,1,5,4,7,6,2,2,9,5,7,7,7,1,Low
4,9,7,7.6,0,7,4,5,7,3,4,6,2,7,6,5,0,Medium
5,4,5,7.5,1,7,6,4,7,3,7,6,3,6,6,10,0,Low
3,6,2,9.2,0,2,1,3,4,1,4,8,6,8,10,9,0,Low
6,11,7,7.3,1,9,1,5,3,1,6,4,3,8,7,5,0,High
1,4,6,7.7,0,4,6,8,3,1,4,5,3,7,5,5,0,Medium
6,6,6,6.6,0,5,5,6,7,6,7,7,2,4,8,5,0,High
4,7,8,7.1,2,3,9,8,6,7,4,7,2,4,5,2,0,High
7,5,3,7.0,1,9,4,7,5,0,4,7,4,7,8,8,0,Medium
2,1,2,8.2,0,9,3,5,2,0,3,9,5,10,8,9,0,Low
5,5,3,6.9,1,8,5,5,9,2,4,7,2,5,5,7,0,Medium
6,4,2,7.2,0,4,4,5,4,4,4,7,1,4,6,3,1,Medium
5,7,6,5.7,0,6,5,9,9,4,8,6,5,4,7,5,1,High
4,4,4,6.4,0,8,6,3,3,4,3,8,4,6,9,5,0,Low
2,4,3,4.8,0,4,7,5,8,2,3,7,1,4,5,7,0,Medium
6,7,7,6.7,0,6,8,4,5,5,5,8,1,4,3,7,0,Medium
3,6,7,7.3,0,6,6,2,6,3,6,7,4,7,4,2,0,Medium
4,2,6,5.6,0,8,3,3,8,2,7,5,2,6,6,6,0,Low
3,7,5,8.4,0,7,4,1,6,2,2,7,4,8,9,10,0,Low
6,8,6,7.0,5,8,6,6,4,5,6,6,2,4,4,6,2,Low
5,12,9,4.7,4,10,7,7,6,5,7,6,1,6,6,4,1,High
7,5,8,6.2,1,6,7,6,4,7,7,6,1,4,4,6,0,High
4,6,5,8.4,0,4,5,6,2,3,4,7,4,9,8,9,0,Low
4,9,8,5.7,3,6,5,6,5,8,7,4,1,5,5,9,2,High
3,2,2,8.0,0,3,6,6,5,0,3,8,1,4,4,5,0,Low
1,1,2,8.2,0,1,6,6,5,5,5,8,3,6,6,7,0,Low
4,1,5,7.2,0,4,3,7,5,0,4,6,3,8,7,7,0,Low
3,6,6,8.9,1,1,6,4,6,2,7,8,4,7,5,6,0,Medium
5,6,7,7.4,0,3,7,7,7,3,5,7,4,5,6,5,0,Medium
2,8,7,7.0,1,6,6,3,5,5,5,7,3,6,7,7,0,Medium
6,8,6,9.2,1,8,5,3,4,1,4,9,5,6,7,9,0,Low
3,5,4,8.5,1,6,5,9,6,2,4,8,1,5,6,6,0,Low
4,6,4,5.5,1,6,4,7,8,5,5,7,4,5,7,5,0,Medium
4,6,4,6.9,2,2,5,3,5,1,5,6,4,6,6,5,1,Medium
3,9,5,9.0,1,4,5,3,3,7,5,6,5,8,5,7,0,Medium
4,5,6,6.9,0,4,6,7,5,1,6,7,5,6,8,7,0,Low
4,12,9,6.1,2,8,8,7,7,5,6,8,2,6,4,5,0,High
3,2,6,8.7,0,4,5,4,2,6,5,8,7,7,6,8,0,Low
6,6,9,7.2,1,5,1,3,5,2,4,7,5,8,7,10,0,Low
4,6,5,8.3,0,7,4,4,4,4,5,8,5,9,5,9,0,Low
4,6,5,7.2,1,4,6,8,7,4,7,5,2,4,5,7,0,High
5,9,4,7.9,1,3,4,2,5,2,3,8,4,5,10,8,0,Low
4,7,3,7.4,0,5,7,3,4,0,3,7,4,5,6,6,0,Medium
4,9,6,8.1,1,6,1,4,5,2,2,7,3,10,9,8,0,Low
2,7,5,7.1,0,4,4,3,5,6,6,7,3,6,7,6,0,Low
1,1,1,8.7,0,2,3,2,5,0,4,7,4,6,7,7,0,Low
1,1,3,10.0,0,1,3,5,5,1,1,9,5,9,9,8,0,Low
5,11,6,6.1,1,5,4,6,6,3,5,6,4,5,5,6,0,Medium
7,5,8,8.3,0,6,4,3,3,1,3,8,4,6,7,6,0,Low
6,12,6,6.5,0,3,7,6,3,5,6,6,2,5,8,9,2,Medium
3,7,6,7.3,0,7,5,5,8,2,2,6,6,8,7,8,0,Low
3,3,4,6.2,0,1,4,2,7,4,6,8,0,4,5,6,0,Medium
3,6,7,9.0,0,3,5,7,5,7,7,8,0,8,5,8,1,Low
4,6,3,7.6,1,7,2,3,7,0,5,8,4,8,7,6,0,Medium
4,3,2,6.1,0,5,6,6,10,4,5,8,3,8,7,6,0,Low
6,11,9,6.8,4,7,9,10,4,5,4,4,2,6,3,5,1,High
7,12,8,6.0,2,4,3,5,6,4,5,6,0,6,7,7,1,Medium
4,6,5,6.9,0,4,4,2,6,0,6,6,3,9,10,9,1,Low
2,5,5,7.8,0,5,5,8,4,4,5,6,5,5,5,10,0,Low
3,5,5,6.3,0,3,4,2,2,2,7,7,6,6,5,6,0,Low
6,5,9,5.4,1,9,7,10,9,5,8,3,3,6,5,5,0,High
5,7,7,6.6,1,9,4,5,7,6,6,6,1,5,5,5,0,High
4,6,4,8.0,1,6,7,4,5,2,6,7,2,8,7,7,0,Low
4,5,7,8.8,1,5,5,9,3,1,6,8,2,8,6,8,1,Low
4,6,3,7.5,0,7,4,5,6,0,4,8,2,7,8,7,0,Low
4,6,5,7.3,1,4,6,9,4,5,5,6,2,7,4,6,0,Medium
2,2,1,10.0,0,1,3,5,4,4,8,8,3,7,7,6,1,Low
5,9,7,6.7,2,4,5,5,4,2,8,6,0,7,6,9,0,High
5,4,7,7.4,1,1,3,1,6,2,6,6,4,4,5,5,1,Medium
5,9,7,6.0,1,5,1,6,4,6,3,7,3,7,8,2,0,High
6,1,4,9.2,0,4,3,5,4,5,2,7,3,7,8,6,0,Low
6,5,5,7.3,1,2,3,3,7,4,7,8,1,8,6,10,0,Low
3,3,4,8.5,0,2,1,5,5,3,5,9,5,8,9,6,0,Low
6,6,6,6.0,5,6,6,6,6,5,6,6,2,6,6,6,2,Low
1,5,5,7.5,1,4,5,4,7,4,5,6,3,9,5,4,1,Medium
2,5,4,6.5,1,3,7,8,6,3,6,6,0,4,4,5,0,High
4,8,7,6.9,0,7,8,6,8,3,5,5,2,6,4,7,2,High
4,6,2,9.3,0,5,6,4,5,2,1,8,2,8,8,8,0,Low
2,3,5,9.7,0,6,7,5,5,6,5,8,2,6,2,8,0,Low
2,6,4,6.7,2,4,5,6,8,5,7,5,2,3,4,7,0,High
6,6,8,6.7,0,10,5,4,6,4,5,7,4,6,6,8,0,Medium
6,4,1,6.8,0,5,7,4,7,3,4,7,4,5,6,6,0,Low
5,5,7,10.0,0,4,1,2,7,2,3,9,5,6,9,9,0,Low
6,6,3,7.2,1,9,4,6,6,5,4,6,5,6,9,5,1,Medium
6,6,4,7.0,4,6,6,6,6,5,4,8,4,4,6,6,2,Low
2,4,5,8.3,0,3,4,3,6,4,6,6,6,4,3,7,1,Medium
4,6,5,9.7,0,2,4,5,5,5,4,10,6,10,8,9,0,Low
8,5,7,6.4,0,3,8,5,4,4,6,5,2,7,5,7,1,High
3,6,6,6.5,0,1,8,7,3,7,5,6,4,8,5,7,1,High
3,4,3,9.3,0,6,5,4,5,4,2,7,6,7,6,7,1,Low
3,1,3,9.2,1,1,4,3,7,0,1,8,6,7,9,10,0,Low
6,10,5,8.1,1,5,3,1,6,3,3,8,3,9,9,6,0,Low
3,7,4,8.7,0,7,5,3,6,2,2,8,3,7,7,10,0,Low
2,6,1,8.4,0,5,6,3,8,2,4,8,5,6,9,7,1,Low
3,6,5,9.1,0,6,3,4,5,3,3,7,4,6,8,7,0,Low
3,3,4,7.9,0,6,6,5,6,3,4,8,3,7,3,6,0,Low
4,3,6,8.7,0,7,4,3,6,3,4,8,4,4,6,10,0,Low
1,4,1,8.9,0,1,4,1,4,3,4,10,2,8,5,7,0,Low
4,5,3,7.8,0,5,4,5,3,1,4,8,5,6,6,7,0,Low
6,8,10,6.0,1,6,4,8,5,4,7,5,2,6,1,3,0,High
6,8,5,7.1,0,4,7,7,6,4,5,6,2,7,6,6,0,Medium
5,6,7,7.3,4,3,7,3,7,5,4,7,2,7,4,9,0,Medium
3,2,6,7.1,0,3,6,7,4,7,4,7,2,4,6,6,0,Medium
5,3,6,7.7,0,5,4,5,3,0,3,7,5,5,7,7,0,Low
2,1,7,8.1,1,7,6,6,7,4,5,7,3,4,6,6,0,Medium
2,5,6,7.4,0,3,5,4,5,3,4,7,4,5,8,7,0,Low
4,5,4,7.6,0,1,5,4,5,3,5,8,3,4,6,8,0,Low
7,11,10,5.5,4,7,5,9,6,7,2,6,3,6,4,8,0,High
3,6,5,7.1,1,3,3,7,9,3,6,8,1,5,6,6,0,Medium
3,6,5,6.1,0,4,6,5,7,3,3,7,3,5,3,5,0,High
4,6,4,6.0,5,8,4,4,4,7,6,8,4,6,6,4,4,High
5,8,5,6.6,0,7,3,1,4,2,2,9,6,10,10,10,0,Low
3,2,3,7.7,0,3,7,8,8,4,8,7,0,4,4,5,1,High
2,6,3,8.4,0,4,1,3,7,0,1,10,7,8,10,10,0,Low
3,2,4,6.0,1,6,6,5,5,3,4,7,4,7,8,3,0,Low
4,6,7,8.9,0,3,5,5,7,6,7,7,3,5,4,6,1,Medium
3,4,3,7.4,0,6,3,5,6,2,5,7,4,6,7,10,0,Low
4,8,6,8.0,3,8,6,6,4,7,6,6,4,4,6,4,2,Low
5,8,9,6.6,1,7,1,4,8,5,5,9,5,6,7,8,0,Medium
2,3,2,9.0,1,1,6,10,6,6,7,6,4,6,1,5,0,High
4,4,4,7.2,0,6,3,4,5,3,3,8,5,10,8,7,1,Low
6,10,10,6.5,3,6,6,5,7,4,8,5,3,5,4,4,0,High
4,5,5,6.5,2,5,7,4,3,2,5,7,4,5,4,8,2,Medium
5,7,6,10.0,0,6,5,2,7,1,5,7,5,5,9,9,0,Low
2,3,5,8.0,0,2,6,6,8,0,4,7,6,6,6,6,0,Low
3,5,5,8.5,0,5,1,6,7,2,1,6,4,8,8,7,0,Low
3,4,5,7.7,0,5,8,9,6,3,8,6,2,5,5,4,1,Medium
3,7,3,6.9,1,5,6,5,4,4,7,6,2,5,5,6,1,Medium
3,1,2,9.1,0,5,5,4,6,2,3,9,5,8,8,8,0,Low
4,7,7,8.1,0,6,4,7,4,3,5,6,1,6,5,7,0,Medium
3,5,5,8.1,0,4,4,7,3,1,6,8,6,7,5,6,0,Low
4,7,10,6.8,2,7,7,4,8,3,7,6,2,3,6,8,0,High
4,8,7,7.5,1,7,2,5,6,0,6,8,4,8,8,9,0,Low
2,6,7,8.4,0,3,4,5,7,6,8,7,0,5,2,4,1,High
3,4,6,7.3,0,3,1,4,6,4,4,9,3,8,7,5,0,Low
4,7,5,6.6,2,4,8,2,5,0,1,9,2,6,6,7,0,Low
4,6,5,6.8,1,6,1,3,4,5,4,7,1,8,8,9,0,Low
6,10,5,6.8,0,1,1,2,5,4,6,8,2,8,8,10,0,Low
4,4,3,7.5,0,3,4,2,2,0,2,8,4,7,7,7,0,Low
2,4,4,7.6,0,2,3,4,7,4,6,9,2,5,3,6,1,Low
5,3,4,8.1,0,2,1,4,10,2,6,8,4,9,7,5,0,Low
4,8,6,8.2,0,4,1,3,4,1,1,10,7,6,9,6,0,Low
4,4,4,7.6,0,5,5,2,8,3,5,7,4,5,4,7,0,Low
5,8,6,6.8,0,5,1,8,4,3,4,8,1,6,7,8,0,Low
8,8,10,7.4,1,6,5,3,3,5,5,7,4,6,9,7,1,Medium
5,7,6,7.7,0,3,4,2,9,3,1,7,5,7,7,7,0,Medium
5,7,9,8.2,1,6,4,5,4,3,3,7,3,9,10,8,0,Low
6,6,8,6.8,2,3,7,7,10,9,4,3,2,3,4,4,0,High
5,8,8,6.1,2,9,5,4,6,3,3,7,3,9,6,8,0,Medium
7,12,8,7.3,1,10,4,6,8,2,7,5,1,7,4,10,0,High
5,8,5,7.8,0,5,1,2,4,3,2,8,6,7,7,7,0,Low
4,4,3,7.8,1,4,2,4,3,1,5,4,3,6,7,5,0,Medium
4,7,7,7.9,1,6,8,8,5,2,7,5,2,6,5,9,0,Medium
2,4,8,7.6,0,6,3,4,9,5,2,8,5,7,7,8,0,Low
4,7,6,7.2,0,8,3,7,7,1,6,6,0,3,5,7,0,Medium
4,7,6,7.4,0,9,4,3,9,3,1,7,6,6,7,6,0,Low
6,5,4,7.1,0,1,3,5,5,1,5,8,2,4,8,5,1,Low
4,8,7,5.9,0,7,4,3,7,4,5,8,6,9,7,9,0,Medium
1,1,3,7.9,0,2,5,4,4,7,5,10,5,6,5,4,0,Low
4,10,8,6.9,1,8,7,4,5,1,1,7,2,6,7,10,0,Low
5,7,3,8.4,0,6,4,4,10,0,2,8,4,5,3,8,0,Low
4,5,5,7.8,0,7,6,7,4,4,9,6,2,5,7,6,0,Medium
5,7,7,6.6,2,8,5,5,4,1,5,6,2,4,8,10,0,Medium
5,6,8,6.4,3,4,3,2,8,4,5,5,0,6,2,7,0,High
7,9,9,6.3,2,5,6,8,6,4,7,6,4,7,3,6,0,High
3,1,2,7.2,1,6,4,6,9,4,7,8,2,9,6,7,0,Low
7,11,6,4.6,2,6,3,6,5,4,6,7,5,8,6,4,0,High
6,5,8,5.2,3,9,4,6,7,4,6,6,3,6,5,3,1,High
4,8,4,8.4,1,4,6,2,6,4,4,8,1,8,6,8,0,Low
6,9,8,8.2,0,6,9,2,4,3,6,8,5,6,9,7,1,Medium
3,7,2,8.4,0,3,4,8,4,3,5,7,4,4,5,9,0,Low
4,8,6,6.0,5,6,6,4,4,5,6,6,2,6,6,4,4,High
5,7,6,6.0,0,4,4,1,1,3,3,6,6,6,7,6,0,Low
1,1,4,7.8,0,5,5,5,7,3,7,6,2,5,5,4,0,Medium
4,6,3,8.3,0,2,5,1,2,2,4,7,3,6,8,7,0,Low
6,6,3,7.6,0,10,9,6,5,3,3,6,3,8,4,5,0,Medium
6,8,6,6.0,3,6,6,4,4,5,4,6,2,6,4,6,2,High
1,1,5,8.9,0,2,8,6,5,6,7,8,0,3,6,8,0,Low
4,6,6,6.0,4,6,6,6,4,7,6,8,2,6,6,6,2,High
5,7,4,7.5,0,1,3,5,3,4,3,8,6,8,7,9,1,Low
2,4,6,9.8,0,4,5,8,5,2,7,7,5,6,6,7,0,Medium
3,6,5,6.4,0,3,6,2,9,3,7,7,6,6,7,6,1,Medium
2,2,6,7.5,1,2,4,6,5,4,1,9,5,8,8,5,0,Low
4,7,6,7.4,0,4,6,6,8,4,7,5,3,6,9,8,0,Medium
3,1,2,8.2,0,7,6,5,10,8,2,8,3,6,4,6,0,Medium
3,10,6,7.1,1,6,6,4,5,3,4,6,3,8,6,9,0,Medium
2,1,4,7.6,0,5,5,5,4,1,2,5,5,5,7,6,1,Low
2,1,4,10.0,0,2,6,2,1,1,2,9,5,6,7,10,0,Low
3,4,3,7.0,0,2,4,3,7,2,6,6,2,3,7,9,1,Low
3,9,6,6.1,0,5,5,7,7,3,7,7,3,9,7,4,0,Medium
5,7,7,8.7,0,1,5,3,8,4,8,8,5,6,9,7,0,Medium
4,6,6,7.6,0,3,5,4,9,4,4,5,2,7,4,3,0,High
4,9,6,7.8,0,3,4,4,4,6,7,8,1,4,4,5,0,High
6,7,10,6.8,2,2,6,6,10,6,5,4,3,8,5,4,0,High
4,6,4,6.2,0,6,6,4,6,5,5,7,1,5,4,5,0,Medium
4,7,6,7.9,0,4,5,4,7,3,8,9,2,8,7,6,0,Medium
3,5,7,6.3,1,4,6,6,5,5,6,6,4,6,8,6,0,Medium
4,6,7,6.4,0,7,6,7,7,8,5,7,2,2,4,4,1,High
2,4,3,8.7,0,1,4,3,3,6,4,8,4,8,10,4,0,Low
3,5,4,8.9,0,2,2,5,6,2,3,8,2,7,7,9,0,Low
2,5,5,7.4,0,6,6,6,5,4,5,8,7,4,4,4,0,Medium
6,6,6,8.0,5,6,6,6,6,6,6,6,4,4,6,4,2,Medium
3,3,3,7.5,0,5,5,4,4,7,4,7,5,8,7,7,0,Low
4,6,4,8.0,3,6,4,6,6,6,6,6,2,6,6,6,4,High
1,3,3,8.7,0,2,5,6,3,6,5,7,2,6,6,6,0,Low
3,3,2,7.9,0,2,6,1,1,2,3,7,4,7,8,10,0,Low
3,8,2,7.4,1,5,5,8,9,7,7,5,1,5,3,6,0,High
5,6,6,8.0,0,7,4,4,9,4,6,6,3,6,3,4,0,High
2,2,2,8.6,0,4,1,1,1,4,5,6,3,8,9,8,0,Low
4,6,3,6.2,1,6,8,6,8,6,8,4,2,4,2,4,0,High
3,7,5,7.4,1,3,5,5,7,7,7,7,1,6,5,7,2,Medium
1,6,4,7.9,0,6,6,4,4,4,5,8,5,7,8,7,0,Low
3,8,9,5.9,0,4,7,5,9,4,5,5,2,6,5,4,0,High
3,2,4,6.8,0,5,8,7,8,5,5,8,3,2,7,5,1,Medium
6,4,8,7.0,0,8,6,3,8,3,4,4,3,5,8,7,0,High
2,8,8,8.0,2,5,3,1,9,1,5,7,3,8,7,7,0,Medium
3,5,4,9.2,1,2,5,5,8,5,7,8,3,9,4,5,0,Medium
3,6,6,7.6,1,6,7,9,5,3,5,7,5,7,9,4,2,Medium
4,7,8,6.3,1,5,3,3,6,3,5,7,2,8,7,8,0,Low
5,11,7,8.6,0,6,6,3,6,3,1,4,4,10,8,5,0,Medium
4,7,5,8.4,0,6,5,4,9,0,5,9,2,6,6,7,0,Low
6,9,6,5.3,0,8,6,8,5,3,1,8,0,9,4,7,0,Medium
4,4,6,7.0,0,6,3,3,4,4,5,9,5,8,7,7,0,Low
6,6,6,6.7,1,7,2,2,2,1,7,9,6,6,10,7,0,Low
5,4,5,7.1,1,5,5,6,8,1,5,6,3,3,2,6,0,Medium
7,6,4,6.3,0,5,4,3,4,0,2,10,7,8,9,9,0,Low
2,7,4,7.3,0,6,5,6,5,5,6,8,2,7,6,5,0,Low
4,8,6,7.9,0,5,9,3,7,2,3,7,2,6,6,9,1,Medium
6,6,6,6.0,4,6,6,4,6,6,6,8,2,6,6,4,2,High
7,8,8,7.3,1,5,3,6,3,2,5,7,5,10,4,7,1,Medium
5,5,6,7.7,2,9,3,6,9,5,6,8,4,5,4,4,0,Medium
4,3,3,7.0,0,5,6,6,2,2,5,9,2,10,7,9,0,Low
1,4,4,6.6,1,5,5,5,6,5,5,7,2,7,6,9,0,Medium
5,2,5,6.9,0,3,7,8,6,4,5,7,0,7,5,6,0,Medium
4,10,8,5.1,0,9,8,5,3,5,5,7,7,6,7,10,0,Low
5,2,4,7.1,0,2,7,5,7,4,9,4,1,5,4,4,0,High
3,7,5,7.3,0,5,4,5,4,0,1,7,2,7,7,9,0,Low
3,1,7,6.9,0,5,7,4,9,5,2,7,3,6,4,5,0,Medium
4,7,6,7.6,0,6,7,9,9,5,4,5,2,6,5,5,0,High
6,8,7,6.5,0,5,4,7,7,5,5,7,4,7,3,8,0,Medium
2,2,3,7.8,1,2,10,7,3,7,7,6,1,8,1,4,1,High
7,7,8,6.3,1,6,4,4,4,1,4,4,3,6,8,6,0,High
2,4,7,8.7,0,5,6,4,4,0,3,8,3,7,7,5,1,Low
4,4,5,8.7,0,8,5,4,7,5,3,9,3,9,10,8,0,Low
5,6,8,6.4,2,7,8,8,7,5,8,5,5,5,4,4,0,High
6,10,7,7.3,1,8,5,5,7,3,4,5,3,3,5,9,0,Medium
6,6,4,7.7,0,4,3,3,8,0,7,5,4,7,8,10,0,Low
5,8,5,7.6,1,7,4,3,8,0,7,7,4,6,9,2,0,Medium
3,6,5,8.1,3,3,8,7,9,3,4,5,0,6,5,9,0,High
6,7,7,6.3,0,7,3,5,6,1,1,6,7,10,8,7,0,Low
8,7,9,6.2,1,6,6,6,7,5,7,7,3,6,6,7,0,Medium
8,12,10,4.6,8,10,5,7,9,4,10,4,1,4,2,5,2,High
2,7,6,7.3,0,9,5,5,6,3,6,6,0,8,5,8,0,Medium
2,3,2,7.8,0,3,4,5,8,2,2,9,2,5,5,9,0,Low
8,9,9,5.6,3,6,5,1,5,2,2,6,6,7,10,5,0,Medium
3,1,2,9.6,0,3,3,2,6,6,2,8,7,8,8,7,1,Low
5,7,5,8.2,1,6,4,5,6,5,5,7,3,8,6,9,0,Medium
3,10,6,7.5,0,7,6,3,6,3,3,7,6,5,7,8,0,Medium
6,8,5,6.3,0,7,4,3,3,1,3,7,7,6,8,9,0,Low
2,8,5,8.4,0,5,8,9,7,4,8,6,1,4,2,4,1,High
6,6,6,7.3,3,7,6,4,7,4,7,8,5,7,8,8,0,Medium
4,1,7,7.6,1,3,5,4,6,1,4,6,5,9,5,4,0,Low
5,6,7,6.7,1,5,6,5,1,4,5,7,5,5,7,10,1,Medium
6,7,5,6.5,0,6,3,4,4,3,7,5,5,6,9,10,0,Low
4,8,6,6.1,3,5,7,5,7,5,5,6,1,5,4,2,0,High
1,2,3,8.9,0,1,7,8,9,0,4,9,4,4,7,9,0,Low
3,5,6,6.8,0,3,4,4,6,4,6,6,2,4,3,3,0,High
7,8,6,7.5,0,7,3,4,5,3,3,6,2,3,5,8,0,Medium
3,5,5,7.3,0,5,3,5,8,1,3,6,6,7,7,5,1,Low
4,6,6,7.0,5,6,4,6,6,7,4,6,4,6,6,4,4,Low
2,5,4,9.6,0,3,1,1,6,0,2,9,5,10,10,7,0,Low
5,5,4,7.9,0,6,3,8,5,4,6,7,3,7,6,8,0,Low
6,6,9,7.0,1,6,6,4,5,5,4,7,0,6,6,6,1,High
4,1,1,9.4,0,4,1,3,6,0,3,8,4,6,7,8,0,Low
6,10,6,5.6,3,5,3,6,7,4,7,7,4,7,8,7,0,Medium
4,7,2,7.1,0,6,7,9,5,4,7,7,3,6,6,3,1,Medium
1,5,3,7.4,0,3,1,2,2,3,2,10,4,9,8,10,0,Low
6,4,4,7.6,0,5,3,2,2,4,4,8,4,9,6,7,0,Low
5,5,6,6.8,1,6,6,6,4,3,4,4,4,4,4,3,0,High
5,9,10,6.7,1,6,6,9,5,3,6,6,0,5,7,7,0,High
3,7,5,8.8,0,5,3,4,6,2,6,6,4,9,8,7,1,Low
4,7,8,5.6,0,5,6,5,3,2,7,5,3,8,10,6,0,Medium
5,7,8,5.8,1,6,9,7,4,3,6,5,5,3,4,6,0,High
4,3,7,7.4,0,5,4,2,7,4,7,7,4,4,3,5,0,Medium
4,6,4,7.9,0,5,4,4,9,0,4,6,1,5,6,7,0,Medium
3,6,7,6.8,0,4,4,1,8,1,3,8,6,7,10,8,0,Low
3,6,7,8.1,0,4,5,4,2,2,4,6,3,4,7,7,1,Medium
2,4,6,8.4,0,5,6,5,7,9,6,7,0,6,5,8,0,Medium
3,6,5,8.1,1,5,5,1,8,3,6,10,1,6,5,8,0,Low
2,2,4,6.7,0,1,3,6,6,5,6,7,5,4,5,5,0,Low
4,10,7,7.0,0,3,3,6,6,3,6,5,4,6,8,5,0,Medium
3,5,5,7.5,0,3,6,6,7,5,2,6,1,5,4,7,0,Medium
5,5,7,6.9,2,5,4,3,7,2,5,6,5,5,6,9,0,Medium
7,8,10,7.4,0,2,5,8,7,2,5,5,4,8,5,8,0,Medium
2,3,3,7.5,0,5,6,9,8,7,4,7,2,4,5,4,0,Medium
4,7,7,9.3,0,5,8,5,6,0,5,7,4,7,7,7,0,Low
4,6,4,8.7,0,1,2,2,3,4,5,7,3,7,6,7,0,Low
4,9,9,6.7,2,3,9,6,7,5,7,6,5,6,4,7,1,High
6,8,7,7.3,0,6,7,6,5,2,7,7,1,4,5,7,0,High
2,2,3,9.9,0,1,4,3,4,1,2,8,2,8,10,7,0,Low
3,6,6,8.0,0,7,3,5,6,6,7,7,4,5,7,7,0,Medium
6,7,5,6.4,2,6,6,7,5,3,3,4,7,2,5,4,0,High
4,8,8,7.0,0,6,4,3,8,2,4,7,1,5,7,6,0,Low
4,7,4,6.7,0,3,8,3,4,5,6,9,5,5,7,8,0,Medium
3,7,7,4.6,1,6,7,6,8,6,7,6,2,5,1,4,0,High
4,4,4,7.7,1,4,3,5,7,6,6,8,4,6,8,8,0,Medium
6,9,4,7.0,0,5,7,1,6,5,1,7,5,3,5,8,0,Medium
7,7,6,6.7,1,6,5,5,3,3,5,6,2,3,5,3,0,Medium
4,4,4,8.5,0,4,6,5,7,6,5,7,2,6,6,3,0,Medium
4,10,5,6.5,1,7,7,5,5,1,5,7,1,6,8,5,1,Medium
6,7,7,7.9,0,6,7,8,4,6,4,5,5,5,3,4,0,High
4,5,4,6.7,2,4,5,7,7,3,5,7,5,5,4,7,0,Medium
3,3,4,7.1,1,5,7,6,4,5,5,6,1,6,3,5,0,Medium
3,3,5,6.5,1,7,4,8,6,7,5,7,4,3,5,8,0,Medium
2,6,2,7.8,0,5,7,7,9,1,7,6,5,3,9,7,0,Low
2,2,3,8.8,0,6,5,5,7,5,5,7,0,4,3,8,0,Medium
4,4,6,6.9,0,4,7,4,6,5,6,7,5,5,1,5,0,High
3,2,3,6.8,1,3,8,5,6,6,8,7,2,6,6,5,0,High
5,6,7,8.0,1,6,7,6,8,2,8,6,2,4,7,9,2,Medium
4,4,6,6.0,0,5,5,4,5,3,1,7,5,5,6,5,0,Low
2,3,2,9.3,0,3,6,2,4,1,5,10,5,8,7,9,0,Low
5,6,6,6.6,0,4,6,4,4,4,6,7,1,5,7,8,0,Medium
4,5,7,7.7,0,3,1,7,4,1,5,5,4,6,7,7,0,Medium
5,11,5,7.8,2,6,4,1,8,3,5,6,4,6,4,8,1,Medium
6,5,6,7.0,1,7,8,10,7,7,6,5,0,2,1,4,3,High
3,5,6,7.7,0,6,5,5,7,2,1,6,4,9,5,8,0,Low
3,6,4,8.6,1,5,7,5,8,3,7,8,2,4,4,6,0,Medium
4,5,6,7.4,0,7,9,7,5,3,8,8,4,8,6,3,0,Medium
4,6,4,10.0,0,5,6,7,5,4,5,6,2,7,7,6,0,Low
4,7,7,4.9,1,3,5,8,9,6,9,6,1,4,2,1,2,High
4,5,6,6.2,0,4,5,6,6,2,6,8,2,4,7,8,0,Low
3,4,2,8.2,1,4,7,7,6,3,3,7,2,6,5,7,1,Medium
3,4,4,7.8,0,4,4,4,6,3,4,8,0,7,6,9,2,Low
6,10,9,6.8,0,9,5,3,8,1,4,5,5,6,5,5,0,High
3,1,5,6.7,0,6,5,5,6,4,6,8,5,4,6,6,0,Low
4,7,5,7.3,2,1,8,2,6,5,6,8,2,7,6,6,1,Medium
8,12,8,5.9,5,8,5,6,6,4,7,6,3,7,6,10,0,High
2,7,8,6.2,0,1,8,6,6,4,4,6,1,2,4,5,1,High
3,4,3,8.2,0,3,6,4,6,4,7,7,5,5,8,6,0,Low
5,9,7,5.9,1,6,5,6,6,5,4,8,4,6,9,7,0,Medium
3,2,7,7.0,0,7,9,6,7,8,8,5,1,4,1,6,1,High
6,9,6,7.8,0,9,6,6,6,4,3,6,5,6,4,8,1,Medium
2,4,6,6.7,0,6,6,4,5,0,4,8,1,7,5,9,0,Low
5,9,4,6.8,1,3,5,4,7,6,4,7,0,7,8,7,0,Medium
6,8,9,7.8,1,5,5,4,4,2,4,6,4,10,7,7,0,Medium
2,8,9,5.6,0,4,5,9,5,5,5,7,2,5,5,8,1,Medium
5,7,8,7.6,0,9,3,5,5,2,3,5,1,8,7,6,0,Medium
4,10,6,7.1,0,4,5,7,7,3,6,7,3,9,6,5,1,Medium
3,4,9,7.2,0,4,6,7,7,6,2,6,4,9,5,4,1,Medium
4,6,4,8.0,3,8,6,6,6,5,4,6,2,6,6,6,2,High
5,9,7,7.8,1,4,3,1,7,2,7,8,2,8,7,10,0,Low
3,6,5,7.9,0,6,5,3,7,5,7,8,3,8,9,4,0,Low
4,9,6,4.6,1,7,4,3,6,2,4,5,3,8,3,9,1,Medium
7,6,9,7.2,0,2,7,10,5,1,7,5,4,5,4,5,1,High
4,1,5,6.2,0,3,6,4,6,0,5,7,4,5,3,7,0,Low
6,6,6,7.0,4,6,6,6,4,7,6,6,2,6,4,4,2,Low
3,5,8,7.0,0,5,5,1,7,3,7,7,3,9,3,5,0,Medium
3,5,4,9.7,0,3,4,2,4,2,4,7,3,9,5,8,0,Low
2,6,4,7.4,0,6,4,5,6,5,3,7,3,6,8,5,1,Low
4,8,5,6.4,0,3,2,6,5,3,3,9,3,5,6,6,1,Low
3,7,2,8.2,0,4,8,5,6,3,6,5,1,4,1,6,0,High
4,2,6,7.5,1,6,8,8,7,7,6,5,4,5,6,6,0,High
3,7,7,7.7,1,4,7,6,6,4,6,5,4,6,5,6,0,High
5,7,7,7.6,1,6,7,6,6,5,6,6,1,2,7,8,0,Medium
6,10,7,7.2,0,4,8,8,7,6,8,6,1,2,1,3,3,High
4,6,4,7.2,0,4,3,6,5,0,4,8,4,10,7,10,0,Low
1,4,5,7.2,0,1,4,4,3,3,5,7,2,8,6,7,0,Low
6,8,7,7.3,1,3,4,2,9,0,3,6,2,5,8,8,0,Medium
5,3,8,7.5,0,4,5,5,8,2,4,8,6,8,4,9,0,Low
2,4,4,7.6,0,6,3,5,2,5,2,6,3,9,7,7,0,Low
3,2,5,6.7,0,4,2,4,7,4,9,5,4,10,7,7,0,Medium
2,3,4,8.5,0,7,5,5,7,2,2,8,5,7,9,5,0,Low
5,6,10,6.7,0,6,6,1,5,2,6,7,1,5,4,6,0,Medium
6,5,7,6.5,0,3,5,6,7,3,6,7,4,6,6,7,1,Medium
4,7,10,5.8,0,6,4,7,6,3,5,7,3,7,4,7,0,Medium
3,6,5,8.1,1,3,4,3,8,7,4,8,3,3,3,6,0,Medium
7,7,9,7.0,2,6,5,3,6,3,5,6,2,5,5,9,0,High
5,5,6,8.3,1,1,4,6,7,2,3,7,3,6,6,4,0,Medium
2,4,8,4.9,1,4,7,9,8,6,8,5,2,6,4,2,0,High
3,6,4,7.1,0,7,3,8,6,2,4,7,1,5,9,4,0,Low
4,3,4,7.7,1,6,6,2,5,2,3,10,7,8,9,9,0,Low
4,6,4,7.6,2,5,6,4,7,6,1,7,5,8,7,6,0,Medium
6,3,5,8.6,0,5,3,4,1,1,1,8,1,7,9,6,0,Low
5,8,4,7.3,1,5,5,2,1,2,4,8,3,5,5,6,0,Low
4,3,5,7.7,0,4,8,5,7,3,6,8,7,9,7,4,0,Medium
3,7,8,7.1,1,7,7,5,4,1,1,5,4,7,6,8,0,Medium
4,8,6,8.0,4,6,6,4,6,7,6,8,4,6,6,6,2,High
2,5,3,6.6,1,3,6,5,6,7,7,7,4,7,5,4,0,Medium
5,6,2,8.2,1,2,6,8,10,7,3,4,0,5,5,7,0,Medium
3,1,4,7.8,0,5,3,4,3,4,5,8,4,6,10,5,1,Low
4,6,8,8.1,0,5,3,7,7,2,2,6,3,6,6,7,1,Medium
4,6,3,8.4,0,2,5,6,5,3,6,7,3,5,7,7,0,Low
6,5,8,8.3,1,6,6,6,4,3,6,7,1,5,5,6,0,Medium
5,11,6,7.7,0,6,3,1,3,6,4,9,4,7,10,6,0,Low
4,7,2,7.3,1,3,7,3,3,3,4,8,0,7,4,8,0,Medium
3,6,3,7.3,0,6,4,8,3,3,6,8,2,4,5,6,0,Medium
3,3,5,8.4,0,3,6,6,5,3,7,9,3,8,5,10,0,Low
3,5,6,5.5,2,3,2,4,3,3,3,7,5,8,9,9,0,Low
5,6,8,8.1,0,7,5,4,5,0,4,5,7,8,9,10,0,Low
5,6,4,6.6,2,4,6,5,6,4,6,4,2,7,5,5,0,High
7,5,6,6.9,1,11,6,3,5,0,1,7,4,7,4,4,0,Medium
2,4,6,7.0,0,4,5,5,8,7,4,6,2,5,4,8,0,Medium
3,6,5,7.1,1,1,7,7,6,2,8,8,2,4,6,6,0,Medium
4,7,4,6.8,0,7,7,6,5,2,5,8,3,6,7,10,1,Low
5,9,6,7.0,1,6,3,4,2,0,4,5,3,4,6,9,0,Medium
5,6,7,7.2,1,6,6,8,7,7,4,6,6,6,7,8,0,Medium
2,6,5,5.8,1,5,7,7,10,4,6,7,2,4,6,7,0,Medium
3,6,6,6.4,0,2,4,3,7,7,4,6,2,7,5,5,1,Medium
2,5,7,7.9,1,1,9,4,6,8,3,8,3,6,2,4,0,High
2,4,3,8.0,0,7,10,7,5,7,8,6,0,5,8,2,0,High
3,6,4,6.9,1,2,8,6,10,3,6,5,1,4,4,4,0,High
4,6,8,6.3,1,7,9,6,7,6,7,4,3,3,1,4,1,High
2,4,2,8.7,0,5,1,4,4,5,1,10,3,6,8,7,0,Low
2,2,3,7.1,0,4,3,6,5,4,4,7,4,5,3,7,0,Low
2,1,3,8.0,0,2,5,6,10,3,7,8,3,6,8,3,0,Medium
3,5,4,6.5,0,9,4,5,6,4,6,6,3,6,8,7,0,Low
3,6,3,7.5,0,4,5,1,6,4,4,7,2,10,7,10,0,Low
1,3,3,7.5,0,3,1,5,4,0,2,9,5,10,6,7,0,Low
4,6,6,8.0,4,6,6,6,4,5,6,6,4,4,6,6,4,Medium
5,7,5,8.0,0,4,4,5,5,4,5,8,2,6,9,5,0,Low
5,8,7,6.5,0,4,4,5,9,5,3,8,3,4,6,5,0,Medium
3,1,4,8.6,0,5,7,8,5,3,4,8,5,7,7,7,0,Low
3,6,5,7.4,0,5,3,7,2,1,5,9,4,7,6,8,0,Low
2,5,5,7.1,1,8,3,4,7,3,5,6,4,6,5,8,0,Low
2,4,1,7.4,1,7,6,3,6,2,5,7,1,7,6,5,0,Low
4,9,7,7.4,1,2,6,3,7,4,5,5,2,7,4,5,2,High
2,7,7,7.4,1,6,8,8,7,8,8,5,2,1,1,1,1,High
4,9,6,7.8,1,4,9,4,5,8,8,7,3,8,8,7,0,Medium
3,5,7,7.3,1,3,6,4,8,2,8,7,1,7,5,5,0,Medium
6,5,5,4.8,0,5,5,3,8,4,3,8,3,6,7,7,0,Medium
4,1,4,8.0,0,3,4,4,1,3,3,10,4,9,8,10,0,Low
3,6,8,8.3,0,2,9,7,8,3,9,4,3,4,4,5,0,High
4,8,5,7.2,0,1,3,3,4,2,5,6,7,7,7,10,0,Low
5,6,6,5.6,1,9,2,3,3,2,5,7,2,7,6,9,1,Low
7,8,7,6.8,0,8,6,5,2,3,2,8,3,5,6,6,0,Low
4,6,6,7.0,3,6,6,6,4,5,4,6,2,6,6,6,2,High
6,7,8,6.2,1,5,5,4,4,6,3,7,4,10,8,7,0,Medium
4,7,8,7.4,0,7,4,2,5,5,5,7,3,7,7,9,0,Low
5,8,8,5.6,0,6,7,7,9,5,5,6,3,5,5,3,0,High
4,3,3,8.5,1,3,1,3,4,3,7,9,0,10,6,6,1,Low
4,11,4,7.7,0,2,2,2,4,6,2,7,4,5,10,7,0,Low
1,1,3,7.2,0,4,5,5,4,3,9,6,2,5,5,5,0,Low
3,5,1,7.7,1,3,6,8,5,6,6,7,3,5,6,7,0,Medium
4,6,6,8.0,5,8,6,6,6,6,4,6,2,6,4,4,2,Low
1,2,2,9.8,0,4,1,3,6,0,2,9,5,8,8,9,0,Low
5,6,6,8.1,0,6,3,3,8,4,3,5,6,6,6,5,0,Medium
4,9,9,6.8,0,6,6,3,4,0,5,7,5,3,6,8,0,Low
3,4,6,7.1,0,4,7,5,8,4,7,6,2,3,3,7,0,High
3,3,1,9.0,0,5,2,4,7,5,5,9,3,6,5,7,0,Low
2,4,4,7.4,0,6,6,5,7,2,5,7,3,5,9,5,1,Medium
4,2,5,8.1,0,7,8,5,9,8,7,7,4,4,6,7,0,Medium
4,6,4,9.5,0,3,3,4,5,0,4,9,5,8,9,10,0,Low
3,7,9,6.4,1,7,3,7,7,7,8,5,0,5,5,6,1,High
3,5,6,9.2,0,2,4,1,1,0,4,7,5,4,9,7,1,Low
5,8,9,7.4,5,8,5,6,7,4,6,6,3,4,5,4,0,High
4,4,4,7.8,0,3,2,7,7,4,4,6,6,6,5,7,0,Low
8,10,9,5.8,3,8,4,7,9,4,7,5,1,5,7,2,1,High
2,6,3,7.8,1,7,7,7,5,4,4,6,3,3,4,3,0,High
4,7,6,8.0,0,5,2,2,4,0,4,10,6,10,10,10,0,Low
5,8,6,6.4,2,6,4,4,2,5,4,8,3,8,7,10,0,Low
5,10,5,7.1,1,6,4,5,3,1,7,8,1,10,6,8,0,Low
3,4,6,6.8,0,4,6,5,7,1,7,5,4,9,6,7,0,Low
4,6,9,6.6,0,8,4,5,9,4,6,6,2,4,4,2,0,High
5,9,6,6.5,2,5,5,8,9,3,5,7,2,5,4,1,1,High
3,6,8,6.2,0,1,5,8,7,6,2,7,3,5,6,5,0,Medium
4,6,4,7.6,1,7,2,4,9,2,6,7,1,8,5,10,0,Low
4,6,6,7.0,3,6,6,6,4,5,6,6,4,6,6,6,2,Low
5,6,6,8.3,1,6,6,2,7,3,6,8,3,9,8,9,0,Low
5,5,6,6.7,0,4,4,6,4,6,7,6,3,6,6,7,1,Medium
6,9,5,7.1,0,4,5,5,1,1,5,7,5,6,6,7,0,Low
1,4,4,7.1,0,2,7,6,6,1,6,8,3,3,7,5,0,Low
6,5,6,6.7,0,6,6,7,7,3,4,8,4,7,7,2,1,Medium
2,2,4,7.8,1,1,3,4,7,6,7,6,3,7,5,7,0,Low
3,2,3,9.4,0,5,1,1,3,0,1,10,7,10,8,9,0,Low
6,8,6,6.8,1,7,1,3,6,1,2,7,5,3,6,10,0,Low
3,5,6,8.3,0,7,7,10,10,6,7,6,0,4,2,4,2,High
5,6,3,8.3,0,6,5,5,7,2,4,9,3,9,9,7,0,Low
7,5,4,6.7,2,5,4,4,3,3,2,9,7,6,9,5,1,Low
3,8,6,6.4,1,1,6,8,3,6,6,6,0,6,2,6,0,High
4,3,8,7.9,0,3,4,4,4,3,6,5,4,5,8,7,0,Medium
6,6,9,5.4,2,9,5,7,9,6,4,5,6,3,4,7,0,High
6,9,6,7.6,0,6,5,6,5,6,5,6,1,5,7,5,0,Medium
1,5,3,8.6,0,5,7,4,8,2,2,4,5,8,5,6,0,Medium
5,6,6,7.6,1,4,6,6,7,2,4,7,5,7,3,7,1,Medium
3,6,7,6.5,0,5,6,8,7,9,3,6,2,5,2,3,0,High
4,10,5,6.4,2,4,9,7,8,7,9,4,0,7,2,3,1,High
3,5,5,7.5,0,6,6,3,6,8,7,6,3,2,5,3,1,Medium
7,5,7,6.9,0,4,1,4,9,3,2,7,4,7,9,6,0,Low
5,4,6,6.1,2,3,4,4,5,5,1,7,2,8,8,5,0,Low
6,6,6,6.0,4,8,4,6,4,7,4,6,2,4,4,6,4,Medium
6,9,7,6.4,2,5,4,5,9,3,5,8,2,4,4,5,0,High
4,9,4,7.5,1,6,4,5,7,4,4,8,1,6,5,8,0,Medium
3,4,5,8.4,3,1,6,8,7,3,8,7,2,4,6,6,0,High
3,5,5,7.6,0,6,5,6,4,4,4,6,3,7,7,7,0,Low
4,6,7,6.4,2,6,6,5,6,8,6,5,2,2,1,3,0,High
5,6,6,7.9,0,4,2,5,4,3,1,9,6,10,7,6,0,Low
4,7,6,7.0,0,7,1,4,6,4,4,8,0,4,7,5,0,Medium
4,1,6,7.0,0,7,6,5,7,6,1,7,5,9,5,8,0,Low
4,11,6,6.2,0,6,5,6,6,6,2,8,3,8,4,9,0,Medium
6,6,2,8.2,0,1,3,3,6,2,5,8,4,6,7,10,0,Low
2,3,3,9.2,0,2,1,1,5,2,4,9,7,9,10,10,0,Low
6,4,4,7.5,0,8,6,3,2,1,5,7,2,8,5,6,1,Medium
4,7,7,6.5,1,5,6,6,2,4,5,7,2,7,5,4,0,Medium
5,5,6,7.8,1,5,3,5,3,4,8,8,4,3,10,5,0,Low
3,7,8,7.4,1,4,9,7,9,6,7,5,1,5,5,1,1,High
2,3,6,8.9,0,2,5,6,2,3,4,7,4,4,7,8,0,Low
3,4,5,7.1,0,6,7,5,7,3,6,6,0,6,3,6,0,Medium
4,6,4,9.0,0,7,4,6,5,4,8,6,5,7,7,10,0,Medium
5,6,4,9.6,1,6,4,7,7,2,7,7,4,3,2,5,0,Medium
6,9,5,6.0,0,8,3,4,6,4,6,5,2,3,5,6,0,High
6,6,4,6.5,2,6,10,4,8,5,7,7,4,4,3,6,1,High
3,8,7,7.7,1,5,4,2,5,5,4,6,4,6,7,8,0,Low
3,2,3,6.6,1,2,6,6,8,2,5,8,1,6,2,5,1,Medium
4,4,4,7.8,0,2,6,8,9,5,4,7,4,6,9,6,0,Medium
2,3,4,8.1,1,6,5,4,8,4,4,8,4,6,6,8,0,Low
4,4,5,7.5,0,5,5,6,6,4,6,8,0,6,8,9,0,Medium
2,4,7,6.4,2,5,8,3,6,7,8,7,0,2,4,2,1,High
5,7,5,6.9,0,5,5,5,6,4,6,8,3,5,7,7,0,Medium
1,1,1,6.8,0,3,4,4,10,0,6,10,2,7,6,6,0,Low
5,1,6,8.5,1,4,6,6,7,3,7,6,3,6,4,4,0,High
6,8,9,6.9,2,8,3,6,9,9,5,4,1,4,4,7,0,High
6,7,4,7.4,0,4,2,2,7,5,3,6,2,4,7,10,0,Medium
6,7,6,7.9,0,8,1,8,5,0,1,9,7,10,9,10,0,Low
6,8,6,7.0,3,6,6,4,6,5,6,8,2,6,6,6,2,High
5,7,4,7.3,1,6,2,4,2,2,1,7,2,10,10,7,0,Low
6,5,9,6.7,0,2,8,9,6,8,7,5,4,6,3,5,0,High
3,2,5,6.9,0,4,6,6,6,3,6,6,5,4,5,8,0,Low
7,7,7,5.0,1,5,7,4,9,4,5,5,2,7,5,5,0,High
5,4,5,6.8,0,5,2,4,7,2,4,7,3,8,8,8,0,Low
7,9,9,6.7,1,9,3,1,5,1,3,8,1,6,7,10,0,Medium
4,6,4,7.4,0,5,6,5,8,3,3,6,1,7,4,7,0,Medium
7,10,7,7.1,0,11,8,8,5,4,4,5,3,5,6,7,0,High
5,7,6,9.2,1,6,4,2,4,2,4,8,3,8,7,5,1,Low
6,8,6,6.0,4,8,6,6,6,5,6,6,4,6,6,4,4,Medium
7,12,10,5.2,4,7,8,10,8,10,6,3,1,4,2,4,1,High
3,5,2,8.9,2,5,5,6,6,3,6,9,5,4,6,7,1,Low
3,5,5,5.9,1,6,8,5,9,5,6,6,1,6,3,3,1,High
5,5,2,5.8,1,2,9,7,8,2,8,5,1,6,4,5,0,High
2,3,3,6.6,0,5,7,6,7,7,7,5,2,3,3,6,0,High
3,3,8,7.7,1,3,4,1,6,5,4,5,3,6,6,4,0,Medium
4,3,6,8.4,0,6,3,1,3,0,3,10,7,10,8,9,0,Low
2,7,7,6.4,2,7,5,8,3,2,6,7,3,9,5,9,0,Medium
3,7,4,6.1,0,6,10,6,5,6,4,5,4,4,6,4,0,Medium
3,2,1,7.6,0,1,5,6,7,2,3,9,7,4,7,10,0,Low
6,6,7,5.7,1,3,3,3,6,6,1,8,6,9,7,7,0,Low
4,1,6,9.0,0,6,6,4,3,1,2,7,3,10,7,8,0,Low
5,9,6,6.3,2,1,8,6,10,7,9,7,1,7,3,6,0,High
3,6,6,8.1,1,7,7,5,10,8,4,6,1,5,7,4,0,High
4,7,6,5.6,2,8,7,6,9,5,6,5,3,6,4,3,0,High
4,4,8,7.5,1,7,7,4,7,3,6,8,0,4,6,5,0,Medium
1,4,2,8.6,0,2,6,7,6,2,4,7,7,8,7,7,0,Low
4,8,6,7.0,3,6,6,6,6,6,6,6,2,4,4,6,4,Medium
3,4,5,7.9,0,6,4,3,5,3,6,9,4,6,7,8,0,Low
2,5,5,9.5,0,1,2,3,5,0,4,9,5,8,8,8,0,Low
4,6,4,7.6,0,6,6,5,7,3,9,7,1,5,6,7,0,Medium
4,4,7,6.5,0,7,6,2,7,4,1,6,4,7,4,6,0,Medium
3,3,3,8.1,0,5,6,5,1,8,7,6,3,3,4,8,0,Medium
5,6,9,6.3,1,5,7,6,9,9,3,5,1,9,3,6,0,High
4,3,3,6.3,1,6,7,6,8,5,7,6,2,5,3,6,2,Medium
3,6,4,8.5,0,7,1,5,3,0,3,8,4,6,8,7,1,Low
1,4,7,8.4,1,7,6,6,6,3,3,8,3,5,8,6,0,Low
4,6,4,7.0,5,8,6,6,6,7,6,6,4,4,6,4,4,High
5,7,8,6.0,1,2,7,6,5,9,8,5,1,3,1,4,0,High
4,6,6,6.0,3,8,6,6,4,5,4,6,4,4,6,6,2,High
2,1,5,5.6,0,6,6,7,5,3,4,6,1,4,8,3,0,Medium
4,5,8,7.0,0,7,4,4,4,3,3,7,4,5,7,6,1,Low
4,9,7,7.6,0,7,4,2,6,2,5,6,1,8,7,10,0,Medium
6,5,8,6.2,1,8,8,5,6,4,7,9,4,7,7,5,0,Medium
3,7,6,8.5,0,2,4,4,5,1,8,5,2,6,7,6,0,Medium
4,4,6,6.9,1,7,3,8,7,1,5,6,0,6,8,9,0,Medium
3,3,5,7.9,2,4,4,5,5,4,6,8,2,3,6,8,0,Low
3,7,6,6.9,1,6,8,5,9,6,7,7,2,4,4,5,1,High
3,6,5,8.3,0,8,5,8,8,2,7,6,3,10,6,8,0,Medium
3,1,1,7.9,1,3,3,2,5,2,1,8,6,10,10,9,0,Low
4,5,6,7.5,0,7,6,4,8,1,5,7,2,6,5,6,1,Medium
2,5,3,8.1,0,5,5,4,7,2,4,7,3,5,7,8,0,Low
6,6,4,6.0,5,8,4,4,6,6,6,6,4,6,6,6,2,Medium
3,6,7,7.5,0,3,3,7,7,5,6,8,6,5,7,6,2,Medium
4,3,6,7.4,0,5,8,2,4,2,4,8,3,8,6,5,0,Low
3,5,5,8.2,0,5,8,7,7,6,7,6,6,7,3,5,1,Medium
4,8,6,7.9,0,6,7,3,5,0,1,9,7,8,8,8,0,Low
3,4,6,8.2,1,3,3,3,5,4,5,7,2,8,6,4,0,Low
5,10,8,6.6,1,7,7,5,10,7,3,5,4,4,5,7,0,High
4,4,5,8.7,0,4,4,4,5,1,4,6,3,7,7,8,0,Low
6,7,8,7.4,0,8,4,3,1,2,7,8,5,9,10,10,0,Low
5,2,5,6.7,2,8,7,5,7,5,6,6,0,8,6,3,0,High
5,2,6,8.1,0,2,7,6,9,3,6,7,2,3,4,3,2,Medium
3,5,5,7.1,0,5,6,4,4,4,6,7,7,8,7,8,0,Low
1,2,4,9.1,0,6,2,7,4,0,2,10,3,10,10,7,0,Low
5,3,8,8.9,0,5,5,7,7,3,4,5,4,3,4,6,0,Medium
2,3,3,7.6,0,2,4,4,4,1,1,7,5,5,8,8,0,Low
4,7,7,8.2,0,7,5,5,5,3,5,7,2,8,5,9,0,Medium
1,3,4,7.9,0,3,4,5,7,4,3,8,6,6,8,7,0,Low
3,5,4,8.8,0,5,1,4,9,2,3,8,3,7,10,8,0,Low
3,8,8,7.7,0,4,5,5,4,7,6,7,3,8,8,7,0,Medium
5,6,8,7.4,2,7,3,4,3,2,7,6,4,5,6,5,2,Medium
2,6,4,7.8,0,3,4,5,5,4,5,7,6,7,8,6,0,Low
4,4,8,6.9,0,7,4,9,9,4,5,4,2,3,7,4,1,High
6,9,4,6.8,0,5,4,5,5,1,5,9,7,8,4,8,0,Low
7,11,8,6.1,2,6,8,6,8,8,8,5,0,7,3,7,0,High
1,2,3,7.8,0,4,4,5,5,4,7,8,2,6,7,5,0,Low
3,3,5,8.2,1,2,3,4,9,1,5,6,6,7,5,7,0,Medium
7,11,8,5.1,1,11,5,3,5,3,3,5,3,7,7,8,0,Medium
3,6,5,8.1,0,5,4,2,5,3,5,8,5,8,9,6,0,Low
2,4,4,9.1,0,2,6,7,5,2,8,9,1,6,6,7,1,Low
3,2,4,8.5,1,4,4,7,4,3,6,8,1,8,6,5,0,Low
1,1,3,9.7,0,2,1,6,4,3,7,10,4,6,10,6,0,Low
4,2,4,9.4,1,7,4,5,6,3,6,7,5,10,8,7,0,Low
6,6,4,6.8,0,4,4,4,7,3,6,7,3,7,10,9,0,Low
3,7,7,7.1,2,3,4,8,4,5,8,6,2,8,2,6,0,High
2,2,1,7.1,0,4,1,2,3,0,3,9,4,8,8,9,0,Low
5,4,8,7.1,0,9,5,5,3,1,1,9,5,8,8,7,0,Low
1,3,4,9.2,1,5,7,8,7,4,5,6,0,6,6,8,0,Medium
1,6,3,7.1,2,7,9,8,5,5,6,6,2,3,5,5,0,Medium
3,5,3,6.5,2,5,6,7,5,2,2,7,3,5,6,6,0,Medium
4,6,6,8.0,5,6,6,6,4,6,4,8,2,6,6,6,2,Low
4,2,6,7.5,0,7,5,5,6,4,6,8,5,6,4,6,0,Medium
2,3,1,9.5,0,5,4,2,3,2,4,10,2,10,10,10,0,Low
1,3,5,7.7,0,7,4,1,3,2,1,9,5,8,9,10,0,Low
4,5,5,6.7,2,4,6,6,6,1,6,7,4,9,7,6,0,Low
5,7,6,6.3,3,9,7,8,9,8,7,4,1,1,2,2,0,High
3,5,6,7.8,0,5,5,5,7,2,5,8,7,9,7,6,0,Low
4,9,7,7.1,0,6,5,5,8,2,5,7,4,5,5,2,0,High
3,4,6,7.9,1,5,6,8,9,7,10,7,1,6,5,5,2,High
4,9,6,5.8,4,3,7,8,8,5,6,5,2,6,3,6,0,High
4,6,5,8.0,0,5,4,3,9,3,3,7,3,5,6,7,0,Medium
5,5,4,7.4,1,5,5,1,7,1,5,8,3,8,8,7,0,Low
6,6,4,6.0,5,6,4,6,6,6,6,6,4,4,4,6,2,High
2,3,3,8.4,0,4,4,3,3,1,3,9,5,10,9,10,0,Low
6,9,7,5.9,0,9,4,6,7,4,6,5,4,5,2,6,0,High
4,6,6,8.0,4,6,6,4,4,7,6,6,2,6,6,6,2,Medium
3,10,7,7.6,0,3,4,4,6,4,6,4,4,5,4,5,1,Medium
3,2,4,8.3,1,3,3,3,4,5,5,9,6,5,9,10,0,Low
1,2,3,7.5,0,4,3,2,7,1,7,9,2,7,9,7,0,Low
5,7,6,6.4,1,8,4,5,3,0,4,7,4,8,9,10,0,Low
4,5,5,6.6,0,6,2,7,7,6,5,8,3,7,4,6,0,Medium
3,8,5,6.6,2,6,7,4,7,4,8,6,4,4,2,4,0,High
7,7,5,6.3,0,7,5,5,3,2,2,7,2,6,8,7,0,Medium
1,3,5,8.4,0,3,4,6,9,3,3,6,4,6,3,7,0,Medium
4,4,5,7.8,0,3,6,5,7,2,5,5,2,2,5,3,0,Medium
6,6,6,7.1,0,3,2,5,3,2,2,8,7,8,8,9,0,Low
4,4,5,8.0,0,3,6,8,7,4,7,7,3,5,3,2,2,High
3,4,8,7.3,0,6,4,7,4,5,7,4,6,5,7,9,1,Medium
5,7,9,5.7,3,7,10,7,9,6,10,5,2,6,2,1,1,High
3,7,6,8.3,0,5,6,7,7,0,4,7,3,5,7,7,1,Low
6,9,6,6.3,1,4,5,4,10,1,5,7,4,5,7,8,0,Medium
6,8,9,6.5,1,11,4,5,7,6,8,6,3,2,5,7,0,High
3,6,6,6.1,1,4,6,7,6,3,6,7,0,5,4,3,0,High
1,1,1,7.9,0,3,4,4,6,4,6,9,5,8,6,8,0,Low
2,2,4,6.9,0,6,5,4,8,2,4,8,4,3,7,5,0,Low
5,5,7,5.9,0,6,6,5,7,6,8,7,4,4,6,6,0,Medium
4,1,2,8.5,0,2,4,4,7,3,3,9,5,7,9,4,0,Low
2,4,5,7.4,0,6,5,5,7,0,2,6,1,6,6,8,1,Low
3,8,6,6.9,0,3,5,2,7,1,5,6,3,5,6,9,0,Low
5,8,8,5.9,3,10,7,6,4,2,6,4,2,5,3,5,1,High
4,4,6,9.2,0,5,3,1,3,4,5,8,2,10,8,7,0,Low
3,3,2,7.4,0,4,1,2,1,0,3,8,7,8,7,10,0,Low
2,7,7,7.1,0,2,5,3,2,1,1,6,7,8,10,9,0,Low
4,4,5,7.0,0,3,4,3,3,2,2,7,4,8,9,5,0,Low
2,5,5,7.8,0,5,6,5,8,2,6,8,5,4,9,6,0,Low
6,7,7,7.2,0,9,4,5,5,2,5,7,3,7,4,6,0,Medium
6,4,1,8.7,1,5,7,1,5,0,3,9,4,5,5,8,0,Low
5,6,4,8.3,0,6,4,6,5,0,5,8,3,7,6,6,0,Low
4,6,5,7.3,0,6,6,5,6,1,2,7,2,9,5,8,0,Low
3,6,6,7.4,0,9,4,4,6,0,3,6,4,6,10,9,0,Low
4,7,5,7.7,1,5,7,6,5,6,8,3,1,7,5,4,0,High
5,9,5,4.7,0,8,6,2,8,5,4,6,4,3,3,4,1,High
6,7,7,6.9,0,5,4,5,5,2,3,6,2,7,4,7,0,Medium
4,3,6,7.7,1,4,6,6,4,5,4,7,2,7,9,9,0,Low
6,7,6,8.8,1,5,4,3,5,3,5,8,2,2,9,8,0,Low
3,5,3,6.2,0,4,7,4,8,5,8,7,3,7,4,5,1,Medium
4,5,3,7.0,1,5,7,6,5,6,6,7,2,1,6,5,0,Medium
6,7,7,6.0,0,2,6,6,5,2,5,7,2,7,7,7,0,Medium
5,3,8,5.5,0,6,6,7,7,0,3,5,6,7,6,7,0,Low
1,1,3,8.5,0,3,1,4,5,1,3,8,3,7,7,5,0,Low
4,9,4,7.8,0,4,5,9,7,5,3,6,5,6,5,6,0,Medium
2,1,2,9.1,0,1,6,7,4,3,7,10,4,9,3,5,0,Low
3,6,5,7.3,0,4,5,7,6,3,5,9,5,6,8,8,0,Low
6,5,7,6.6,2,5,9,7,6,6,7,4,3,2,2,2,0,High
2,3,7,7.6,1,4,6,3,2,1,5,8,3,10,9,5,0,Low
5,7,7,7.6,0,2,5,7,5,4,4,5,2,6,5,7,0,Medium
1,1,2,9.7,0,2,9,3,5,3,4,8,6,8,3,9,0,Low
2,6,2,7.4,1,3,4,6,10,4,3,7,5,4,5,6,1,Medium
4,6,5,8.0,2,2,4,4,8,2,8,7,4,2,4,6,0,High
4,6,4,7.0,4,6,6,6,4,6,6,6,2,6,4,6,2,Medium
4,6,6,7.0,0,5,4,6,6,2,6,6,1,5,3,6,0,Medium
3,3,6,7.7,2,5,5,7,7,9,8,7,0,4,3,3,0,High
4,8,6,8.1,1,4,7,5,10,3,5,7,2,5,6,4,0,Medium
5,6,2,6.7,1,1,7,7,6,2,2,6,2,2,3,6,1,High
3,3,6,7.5,1,3,3,5,6,4,7,6,4,7,9,6,0,Medium
3,1,4,7.9,0,1,6,3,10,5,5,6,4,5,5,7,0,Medium
2,1,3,8.9,0,5,5,4,4,4,3,8,7,3,7,7,0,Low
2,4,6,7.5,0,6,3,5,7,6,6,6,5,4,2,7,0,Medium
7,9,7,6.8,3,9,10,8,8,8,7,4,0,4,2,2,0,High
3,6,7,6.4,0,4,7,4,4,1,4,7,2,8,6,8,0,Low
3,5,4,7.9,0,8,3,5,5,1,2,10,3,7,7,9,0,Low
1,4,7,6.4,0,5,6,4,3,0,1,5,5,8,8,4,1,Low
2,7,3,8.2,1,2,3,8,9,4,8,5,3,6,4,4,0,High
6,6,9,7.1,1,5,5,4,7,5,7,6,2,4,4,5,1,High
2,5,2,10.0,0,3,7,5,8,2,3,6,3,7,5,7,0,Medium
5,7,9,8.0,0,5,6,5,7,9,7,5,3,7,5,4,0,High
5,6,4,7.4,1,6,7,6,7,4,4,9,4,7,8,4,0,Medium
5,3,8,6.9,1,5,9,4,9,2,6,6,4,5,5,4,1,High
3,5,5,7.0,0,4,7,3,4,6,7,9,3,5,3,7,0,Medium
2,2,5,7.7,0,6,7,6,5,9,8,5,2,2,3,5,0,Medium
1,4,5,7.8,0,4,6,6,7,0,6,9,4,8,5,6,0,Low
3,3,4,5.7,0,4,4,5,8,6,4,5,2,3,5,6,0,Medium
3,5,1,8.0,0,4,5,5,6,1,5,8,4,6,7,5,0,Low
7,9,10,7.1,0,6,5,3,7,3,5,5,3,8,7,10,1,Medium
4,6,5,8.6,1,1,7,4,7,3,6,6,4,3,3,7,0,Medium
3,5,2,7.0,2,3,7,7,8,5,4,7,5,6,3,5,0,Medium
3,4,7,6.3,0,10,6,7,7,4,6,6,2,3,6,6,0,Medium
5,8,8,7.0,1,3,5,5,5,6,6,5,6,5,5,6,0,High
5,8,4,7.7,0,5,7,4,8,1,3,7,4,5,7,6,0,Medium
5,7,5,6.8,0,6,3,5,7,3,5,7,4,5,4,8,0,Low
5,6,6,5.8,1,7,9,5,6,1,5,5,4,5,4,2,0,High
4,6,8,6.7,0,6,8,8,6,9,6,6,6,7,6,5,1,High
3,1,3,8.3,0,7,4,3,6,5,1,9,6,7,10,9,0,Low
1,2,4,8.5,0,3,4,5,4,7,5,8,4,7,5,10,0,Low
7,7,9,7.0,1,8,8,6,8,8,9,4,1,3,6,7,1,High
3,7,6,6.6,2,7,3,6,6,2,4,6,4,6,8,5,0,Low
5,7,3,7.6,0,8,2,5,5,1,4,8,6,6,8,7,0,Low
4,6,6,7.2,1,5,8,7,4,6,8,5,2,3,3,3,1,High
6,9,8,6.1,3,7,4,6,5,5,4,5,2,2,4,8,0,High
3,3,5,9.6,2,4,5,6,6,1,3,8,2,9,5,7,0,Low
5,5,7,7.4,0,6,3,6,8,1,4,8,4,8,4,10,0,Low
6,7,8,5.6,2,6,7,8,7,2,6,6,1,9,3,6,2,High
7,8,8,6.0,0,3,7,5,7,2,3,6,1,8,3,10,1,Medium
6,4,5,6.2,1,4,10,7,4,4,5,6,1,5,4,5,0,Medium
4,5,6,6.7,2,6,4,6,6,3,1,8,2,2,7,4,3,Medium
4,5,7,8.4,0,1,4,7,7,4,8,8,2,7,6,10,1,Medium
6,10,5,5.6,0,5,5,4,6,1,8,7,3,8,6,4,0,Medium
6,9,7,6.9,0,8,6,6,7,2,3,7,1,4,5,7,0,Medium
5,4,9,7.6,3,8,6,10,6,3,4,6,0,6,7,5,0,High
7,9,7,5.7,1,7,6,5,5,4,6,7,6,7,9,6,0,Medium
4,5,6,8.3,0,6,4,1,6,2,1,9,6,8,6,9,0,Low
3,3,6,6.4,0,4,3,5,6,5,7,5,3,6,8,5,1,Medium
4,5,3,6.8,1,7,6,7,5,3,7,6,5,6,7,4,0,Medium
4,6,6,7.0,3,6,6,4,6,5,6,8,4,6,6,4,4,Medium
5,4,5,7.6,0,4,5,4,5,3,8,8,4,7,7,7,0,Low
3,6,5,6.8,0,7,4,2,8,2,4,7,3,4,6,5,1,Medium
1,2,5,8.9,0,3,7,6,3,5,7,7,5,6,2,5,0,Low
4,7,6,6.7,0,3,5,8,5,2,5,8,3,7,5,5,0,Medium
5,8,7,7.6,1,7,4,4,8,3,2,8,2,5,8,6,0,Low
3,8,5,8.0,0,8,8,6,9,3,8,7,5,8,7,7,0,Medium
3,5,6,6.9,2,3,6,7,8,4,6,6,1,1,7,2,0,High
4,7,5,7.7,0,4,3,2,6,0,2,8,3,8,9,8,0,Low
4,7,5,8.3,1,7,7,6,8,3,7,7,5,6,3,7,1,Medium
3,7,4,9.8,1,7,3,1,4,1,5,9,5,10,7,10,1,Low
4,6,6,6.8,1,6,4,8,7,0,3,8,2,7,5,6,1,Medium
5,8,6,7.5,1,5,3,5,4,2,7,8,3,3,6,6,0,Medium
7,3,7,7.4,0,6,3,4,1,3,2,8,5,7,8,10,0,Low
6,9,7,5.8,1,3,7,5,7,5,5,6,1,8,6,7,0,High
5,6,5,7.7,0,5,5,5,7,2,4,6,2,6,9,8,0,Low
3,3,2,8.4,1,7,1,4,2,0,2,10,5,6,9,10,1,Low
4,6,6,7.0,3,8,6,6,6,7,6,6,2,6,6,6,2,High
4,8,6,7.3,0,3,9,5,5,7,8,6,3,7,4,6,2,High
4,3,7,6.7,1,5,6,5,7,8,7,6,1,3,1,1,0,High
4,7,7,6.5,0,5,5,5,6,3,5,7,4,4,4,5,0,Medium
4,6,6,7.1,0,8,5,5,7,2,5,8,5,6,8,4,1,Low
5,5,6,7.5,0,3,9,6,6,6,6,7,1,4,1,7,2,Medium
4,8,6,8.1,1,3,7,6,5,6,7,5,3,5,6,4,0,High
2,7,4,7.4,1,6,7,7,10,5,7,7,2,4,5,4,0,High
2,3,2,9.0,0,2,6,3,6,1,3,7,3,8,8,8,0,Low
2,8,6,6.9,0,6,3,4,8,1,4,6,3,8,4,7,0,Medium
5,8,5,6.7,1,5,4,7,7,5,7,5,4,4,5,7,0,High
5,7,4,7.9,2,7,3,4,6,3,1,7,2,9,8,9,0,Low
4,6,8,5.7,1,3,7,3,7,3,7,5,3,7,4,8,0,High
2,4,2,7.9,0,3,9,5,9,9,7,4,1,2,2,3,2,High
5,5,7,7.1,4,6,8,4,7,5,7,7,3,8,9,3,0,Medium
4,4,6,7.0,0,4,4,7,7,5,9,5,2,3,5,4,3,High
3,6,6,7.3,0,3,6,7,8,2,5,6,2,3,5,5,0,Medium
4,6,2,7.4,2,5,1,7,5,0,6,6,6,5,7,8,0,Low
4,5,6,6.7,1,6,8,7,7,3,7,7,0,4,5,8,0,Medium
6,3,7,6.7,0,4,6,7,6,3,4,9,5,6,8,6,0,Low
3,7,6,7.6,0,4,3,4,6,7,5,8,5,5,5,4,0,Medium
7,8,5,7.2,1,8,3,8,5,5,6,6,2,6,5,8,0,Medium
5,10,9,7.6,1,8,7,6,8,6,9,4,2,4,2,5,2,High
5,8,4,6.9,2,8,6,1,3,1,4,7,5,7,7,4,1,Low
4,8,6,6.0,5,6,6,6,4,7,6,8,4,6,6,6,2,High
6,8,7,6.6,0,5,8,5,7,4,4,8,3,9,9,7,0,Medium
4,5,4,7.7,0,3,5,10,10,2,7,8,2,5,2,5,1,High
6,9,7,6.8,1,4,9,6,7,6,4,8,3,5,3,8,0,High
7,5,5,8.0,0,4,3,4,8,4,9,5,3,6,5,4,0,Medium
4,9,8,8.7,1,8,4,7,4,6,7,6,1,8,7,6,0,Medium
6,9,5,6.6,2,4,5,5,8,5,5,6,2,5,3,4,1,High
4,3,2,8.3,1,3,7,6,4,3,7,8,2,6,5,6,0,Low
8,11,10,6.5,2,6,4,7,9,3,4,7,1,5,5,6,0,High
2,4,4,7.8,0,4,6,2,3,2,3,6,3,6,7,10,0,Low
7,9,10,5.0,2,4,9,10,6,9,7,5,0,3,3,4,1,High
6,6,7,7.3,1,3,6,7,8,2,4,7,0,5,5,6,0,Medium
2,1,9,8.9,0,7,6,6,10,6,7,7,3,6,7,7,0,Medium
3,5,4,8.2,0,3,1,6,6,1,3,9,6,9,8,10,1,Low
1,5,3,7.6,0,2,5,3,5,4,5,8,3,5,9,5,0,Low
4,4,7,6.7,1,6,6,8,5,5,7,3,4,5,4,4,1,High
2,5,4,6.8,0,3,7,6,5,1,5,9,4,5,5,7,0,Low
3,5,5,8.3,0,5,5,2,5,2,2,9,3,8,8,9,0,Low
8,7,3,7.0,1,7,6,5,7,9,8,5,1,5,2,4,0,High
6,7,5,6.8,1,2,7,8,4,3,4,7,1,8,5,4,0,High
1,4,4,4.9,0,5,7,8,10,7,9,7,2,4,3,4,1,High
6,8,6,7.1,0,5,6,6,8,4,4,7,4,7,6,7,0,Medium
5,7,4,6.8,0,4,3,4,10,5,5,5,3,4,8,9,0,Medium
3,5,7,6.5,0,8,6,8,4,4,7,5,1,3,4,5,1,High
5,4,5,6.7,0,3,3,3,4,2,6,8,4,6,6,8,0,Low
4,4,5,8.1,0,6,6,7,6,4,5,7,5,10,9,6,0,Low
1,1,4,7.6,0,6,4,7,6,3,5,6,4,5,7,7,2,Low
5,10,9,6.8,3,6,7,7,6,6,6,5,3,5,7,5,0,High
4,7,7,8.6,0,4,3,5,3,0,2,8,5,8,9,9,0,Low
4,7,5,7.8,1,4,2,3,3,2,3,7,6,8,9,9,0,Low
3,6,7,6.8,1,3,4,7,10,4,10,8,1,4,5,8,2,Medium
4,9,7,7.1,0,6,1,7,3,8,3,8,3,7,8,8,0,Low
3,2,4,7.6,0,6,4,5,3,2,4,8,2,5,8,8,0,Low
3,2,2,7.4,0,3,2,2,2,2,1,9,4,8,10,6,0,Low
3,2,4,9.4,1,6,3,6,6,0,3,6,6,6,8,8,0,Low
8,7,8,7.2,0,9,5,4,6,1,3,5,2,8,6,8,0,Medium
4,10,7,6.1,1,7,10,6,8,5,4,7,1,2,3,6,2,High
6,6,6,6.0,4,6,6,4,6,7,6,6,4,6,6,6,4,Medium
6,10,8,5.8,4,5,7,2,8,5,8,5,3,3,3,4,1,High
4,6,6,8.0,3,6,6,6,4,7,6,8,4,6,6,6,4,Low
3,3,4,7.7,0,6,5,8,8,2,2,7,6,8,9,4,0,Low
7,6,6,5.0,0,6,7,7,10,2,4,6,4,1,4,7,0,Medium
2,8,9,6.7,0,6,6,10,6,4,2,6,1,4,4,7,0,Medium
5,5,6,7.6,1,6,5,4,7,2,2,7,3,8,9,6,0,Low
4,3,4,7.2,0,4,5,5,6,5,3,7,5,6,6,8,1,Low
5,7,7,6.4,1,6,6,6,9,7,6,5,1,6,6,6,0,High
4,1,5,7.6,1,6,8,7,8,0,7,5,3,5,3,3,0,High
5,6,4,8.9,0,6,1,5,7,1,3,6,0,7,8,9,0,Low
3,4,5,7.1,0,7,5,8,7,7,7,7,3,8,7,7,1,Medium
6,5,6,6.0,2,8,2,4,7,5,9,5,2,4,6,5,0,High
4,3,6,7.2,0,1,4,4,5,3,4,8,6,6,6,10,1,Low
2,6,4,7.1,0,6,3,6,8,3,2,6,2,4,7,8,1,Low
6,5,5,6.4,0,3,7,7,6,5,4,5,4,6,7,7,0,High
6,12,4,7.1,2,4,7,3,6,2,6,7,3,3,3,7,0,Medium
4,7,7,6.8,2,4,7,4,4,4,8,5,1,6,8,5,0,High
5,7,9,7.3,1,10,5,5,6,4,2,4,5,5,9,8,0,Medium
4,8,5,8.2,2,5,3,7,7,4,2,7,4,7,7,8,0,Low
1,4,5,6.5,2,1,8,5,3,5,6,6,0,4,6,5,1,Medium
4,8,6,7.1,0,3,5,5,4,4,3,7,4,8,7,7,0,Medium
3,6,5,8.3,1,6,5,9,8,5,5,7,2,7,4,5,0,Medium
4,8,7,7.1,0,4,3,5,6,3,3,7,4,7,8,9,0,Low
3,1,3,8.8,0,1,3,4,5,5,3,8,4,6,6,5,0,Low
2,4,7,8.9,0,2,4,5,7,6,4,6,5,9,8,8,0,Low
4,6,6,7.0,5,8,6,6,6,6,6,8,4,6,6,4,4,High
5,6,10,7.1,0,8,4,5,7,1,5,5,2,5,5,5,0,High
2,2,6,8.9,0,2,6,6,6,5,8,6,1,5,4,5,1,Medium
6,9,8,6.8,1,8,4,4,6,3,5,7,3,9,8,9,0,Low
3,5,4,7.7,0,7,5,4,4,0,9,6,4,4,6,6,0,Low
3,1,6,7.1,0,2,9,9,6,9,7,5,0,2,3,4,1,High
1,1,2,10.0,0,2,4,2,4,1,3,8,4,7,5,7,0,Low
1,1,1,8.3,0,2,3,2,5,0,5,8,6,6,8,7,0,Low
4,6,4,5.4,1,6,7,4,7,4,7,6,2,5,2,4,0,High
4,6,4,8.0,4,6,4,6,6,7,4,8,4,6,6,4,2,Low
5,6,6,6.2,0,3,6,5,8,4,6,8,2,6,6,4,1,Medium
3,4,4,6.9,0,5,1,2,6,4,4,7,4,5,7,10,0,Low
4,4,6,8.8,0,6,5,5,8,6,5,7,3,7,6,7,0,Medium
6,6,4,8.0,5,6,6,4,6,7,6,6,2,6,6,4,2,Low
3,6,5,7.1,1,7,5,2,8,2,5,7,0,5,7,6,0,Low
4,9,5,4.6,0,7,5,4,9,4,4,7,2,6,6,5,0,Medium
5,6,5,8.5,0,4,5,7,7,2,5,8,1,9,9,6,0,Low
5,10,4,7.7,0,5,5,3,6,3,7,10,3,6,3,7,2,Medium
3,7,4,8.2,0,3,2,6,7,4,2,9,3,9,5,5,0,Low
4,6,1,8.7,0,1,4,3,5,2,5,8,7,8,9,9,0,Low
3,2,4,7.6,0,7,2,5,3,3,5,9,5,7,7,4,0,Low
8,9,8,6.4,1,5,6,4,5,5,7,7,1,6,5,7,0,High
3,7,6,6.6,0,2,4,1,5,3,4,6,4,6,7,5,0,Low
2,7,3,7.2,0,7,3,4,4,5,4,5,4,4,7,8,0,Medium
5,6,7,7.1,0,6,2,6,9,5,7,7,3,9,5,6,1,Medium
6,10,7,6.8,2,9,4,5,6,5,4,6,4,5,6,8,0,Medium
3,6,8,7.6,0,5,4,6,10,5,7,4,2,7,3,5,1,High
8,11,8,5.0,2,5,4,5,9,8,6,5,2,7,4,7,1,High
5,5,2,5.6,1,7,5,6,3,2,4,7,4,5,7,5,0,Medium
4,3,6,7.1,2,5,7,4,9,5,6,6,4,7,4,5,1,High
3,2,5,6.6,0,5,5,4,5,5,5,9,5,7,6,5,0,Low
2,4,4,7.9,0,6,3,4,9,2,7,7,4,7,5,6,0,Low
5,10,7,5.7,1,6,7,6,10,5,6,5,2,3,5,5,2,High
1,4,3,8.4,0,5,7,5,9,3,6,7,2,5,5,4,0,Medium
2,4,4,7.6,0,3,2,4,6,1,4,7,6,9,7,7,0,Low
3,5,6,8.8,1,2,6,3,7,3,8,6,1,3,8,4,1,Medium
6,5,6,7.4,1,7,6,6,7,5,5,3,0,2,5,2,0,High
4,7,5,6.3,0,2,4,3,9,3,7,7,0,6,4,6,0,Medium
5,6,7,8.6,1,5,5,7,7,4,5,7,0,5,6,8,0,Medium
2,1,1,8.7,0,3,5,5,5,3,4,8,4,7,6,8,0,Low
4,4,3,8.4,0,3,4,2,5,0,4,8,4,6,10,7,0,Low
1,4,4,8.0,0,3,4,6,8,2,4,7,4,7,5,6,0,Low
5,7,5,8.3,0,6,4,3,6,0,2,10,5,9,6,6,0,Low
4,9,5,7.6,0,4,2,6,4,0,2,7,5,7,5,4,0,Low
6,7,8,6.0,0,7,6,5,9,4,8,7,4,3,3,3,1,High
4,8,6,6.0,5,6,4,6,6,6,6,6,2,4,4,6,2,Low
4,7,5,7.8,0,5,2,5,4,2,3,6,6,4,4,10,0,Low
3,3,5,8.4,0,3,1,4,4,2,3,8,6,5,7,10,0,Low
1,2,5,8.4,0,4,4,8,9,3,6,6,6,7,3,8,0,Low
3,7,7,7.2,2,10,6,5,8,7,5,6,3,5,6,6,0,Medium
5,5,5,5.9,3,4,7,10,10,5,5,5,4,3,1,5,1,High
6,8,9,6.0,0,9,5,10,5,4,6,7,1,5,3,6,2,High
3,6,5,6.5,0,1,5,3,6,2,4,6,2,7,6,7,0,Low
5,6,8,7.1,3,5,2,7,6,7,5,7,6,7,7,9,0,Medium
4,8,6,6.0,5,6,6,6,4,6,4,6,2,6,6,4,4,Medium
4,5,3,7.2,1,7,1,4,7,1,4,7,1,6,8,8,0,Low
5,3,2,7.4,0,5,5,5,6,3,7,6,0,4,2,5,0,Medium
4,8,3,7.9,0,7,3,2,5,2,5,9,3,5,9,7,0,Low
1,1,4,8.2,0,2,7,4,8,5,5,6,0,5,7,3,0,Medium
4,3,8,6.3,0,5,7,10,8,5,6,4,3,5,4,2,1,High
3,6,6,7.4,2,4,5,6,9,3,2,6,1,10,5,9,0,Low
5,5,3,7.3,1,8,7,2,8,1,4,6,3,7,3,8,0,Medium
8,10,7,6.2,1,5,9,4,9,7,5,6,2,3,5,4,0,High
2,6,4,10.0,0,3,1,1,2,1,2,10,3,10,10,7,0,Low
6,8,4,8.0,3,8,4,6,4,7,4,6,4,4,6,6,2,Medium
4,8,6,8.0,4,6,6,4,6,6,6,8,2,6,6,6,2,Low
2,7,8,7.5,0,2,4,6,7,3,4,7,4,8,4,4,0,Medium
5,9,10,7.8,1,9,7,6,6,6,7,6,0,7,5,9,1,High
5,10,8,6.3,2,7,7,7,7,0,6,5,2,8,5,9,0,High
6,3,3,8.1,0,5,1,3,6,4,7,8,5,6,10,6,0,Low
3,6,5,8.2,0,5,5,5,6,3,6,8,4,10,7,9,1,Low
2,5,6,8.0,0,4,7,6,8,4,5,6,6,7,6,7,0,Medium
5,8,6,6.3,0,7,6,3,5,7,5,6,2,4,6,8,0,Medium
7,7,5,6.1,0,6,6,4,4,3,6,6,3,9,4,5,1,High
5,6,6,6.9,1,6,4,6,6,0,9,4,1,6,3,6,0,High
1,6,2,9.0,0,2,5,4,7,0,3,9,1,7,10,10,0,Low
1,1,6,8.9,1,2,7,8,10,4,4,7,3,5,4,8,0,Medium
3,5,6,5.5,1,7,7,7,10,8,10,6,1,1,4,6,0,High
6,5,5,9.1,0,6,2,3,4,1,1,9,7,9,9,5,0,Low
2,1,5,8.0,0,1,6,6,8,7,7,8,2,5,6,8,1,Medium
4,5,7,8.4,0,4,3,4,3,0,5,6,3,6,7,8,0,Low
8,10,8,6.0,2,9,3,5,9,2,5,7,3,6,9,5,1,High
6,6,5,6.5,0,4,5,7,6,4,2,9,5,6,7,7,1,Low
6,8,6,5.6,3,6,7,4,7,5,9,6,5,7,7,7,1,High
5,8,9,6.0,1,3,6,7,4,2,8,6,0,3,3,5,1,High
2,4,5,8.8,0,3,1,3,6,0,3,9,6,5,7,5,0,Low
3,2,2,7.9,0,3,2,6,8,2,1,8,4,7,8,8,0,Low
2,7,7,7.7,1,6,4,2,5,1,1,9,0,6,10,10,1,Low
2,3,4,8.0,1,4,5,7,7,8,8,5,2,1,6,5,1,High
1,3,5,8.0,0,3,6,6,5,3,3,7,2,4,2,5,0,Medium
7,9,7,6.8,0,5,4,3,5,1,5,7,5,6,4,7,0,Medium
1,3,4,10.0,0,7,5,6,6,4,4,7,4,7,10,8,0,Low
7,8,6,7.1,1,5,3,1,3,3,5,6,5,9,7,4,0,Low
3,5,3,7.1,1,3,6,3,7,1,5,7,5,8,6,7,1,Low
7,6,8,6.7,2,5,9,8,10,5,9,5,0,4,2,4,0,High
5,10,7,7.0,1,5,4,10,7,4,8,6,2,3,2,2,0,High
1,5,2,8.2,0,5,3,4,6,5,3,7,6,6,6,10,0,Low
6,7,5,6.9,1,7,6,6,7,4,4,8,3,6,4,6,0,Medium
3,3,1,9.8,0,4,3,6,6,0,4,7,2,8,6,7,0,Low
3,4,4,8.9,1,10,4,1,6,0,4,6,7,9,7,7,0,Low
1,5,4,8.0,0,1,5,1,8,6,6,5,2,4,6,5,1,Medium
3,3,5,6.4,1,5,8,9,9,4,4,5,1,5,4,6,0,High
5,8,9,6.8,0,5,7,7,8,3,6,6,5,5,5,8,0,Medium
5,6,6,6.7,0,9,4,4,7,2,3,7,0,3,7,7,0,Low
2,3,3,8.7,0,4,6,5,7,5,5,8,2,6,5,4,0,Low
1,3,5,7.9,0,1,4,8,7,8,8,6,1,5,4,5,0,High
3,3,7,9.6,0,5,5,5,8,4,2,7,4,7,3,6,0,Low
5,8,3,8.5,0,6,3,5,6,4,7,5,3,5,8,10,0,Low
1,1,5,8.1,0,4,3,7,5,1,1,9,3,6,8,9,0,Low
4,7,7,6.8,0,4,4,3,5,4,7,7,5,8,8,7,0,Medium
4,8,6,5.2,1,6,6,7,4,3,8,5,3,3,5,4,1,High
3,4,6,6.2,0,4,3,2,5,5,3,10,3,6,10,9,0,Low
7,8,6,6.9,0,4,6,8,5,3,7,4,3,6,5,4,0,High
3,6,6,6.1,0,6,6,6,10,2,4,7,1,7,4,6,0,Medium
4,3,4,8.6,2,5,7,5,5,3,3,7,2,7,8,7,2,Low
6,6,6,6.0,4,6,6,4,4,5,6,6,4,6,6,6,2,Medium
4,7,4,7.3,0,5,5,4,4,1,3,8,1,6,4,9,1,Low
1,4,3,8.2,0,5,1,4,5,4,6,8,2,7,9,10,0,Low
3,5,6,9.0,0,2,1,6,4,4,6,8,3,6,8,9,1,Low
5,6,8,8.1,3,8,9,4,5,6,5,6,4,6,4,6,0,High
5,8,6,6.1,2,5,3,3,6,2,5,7,4,6,5,5,0,Medium
4,5,6,6.7,0,7,3,3,5,2,5,7,3,5,7,6,0,Medium
5,3,4,7.5,0,6,1,2,6,1,5,7,7,5,9,10,0,Low
5,4,2,7.7,0,4,7,6,10,3,6,5,0,4,2,5,0,High
5,7,5,6.4,1,7,6,4,4,5,6,7,3,6,6,5,0,High
2,6,7,7.4,1,1,6,7,9,6,7,8,2,4,3,5,1,High
7,11,8,7.9,0,5,4,5,5,3,6,8,4,3,5,5,1,High
3,3,4,6.2,1,6,5,6,6,5,4,7,2,8,8,3,0,Medium
6,4,5,7.2,1,8,5,5,3,4,6,7,3,6,7,6,1,Medium
7,8,7,5.7,1,6,5,2,3,5,7,7,5,8,8,6,0,Medium
3,6,6,6.8,0,1,5,6,2,6,5,8,3,8,6,8,0,Low
4,1,3,6.6,0,3,10,8,8,8,6,5,2,6,3,5,0,High
7,11,9,5.2,2,7,6,6,7,4,6,7,2,5,5,2,1,High
3,4,4,8.4,0,6,7,4,5,5,3,9,0,4,6,4,0,Medium
5,2,4,7.3,1,5,5,5,3,4,5,6,6,2,6,7,1,Low
5,6,3,7.8,0,3,5,4,2,2,4,8,5,7,6,8,1,Low
6,5,6,6.3,1,7,8,7,7,4,8,6,1,7,5,6,0,High
4,4,5,7.5,0,6,2,2,7,3,6,6,6,7,8,6,0,Low
7,3,6,6.9,1,4,6,8,7,6,7,7,1,8,3,5,0,Medium
4,6,5,6.8,0,6,5,5,10,3,5,6,1,3,6,4,0,Medium
1,7,3,8.0,0,3,4,6,6,2,7,4,0,8,9,1,0,Medium
5,10,8,4.6,3,7,4,7,7,1,5,4,3,7,7,4,0,High
6,1,6,7.6,0,4,5,4,6,5,5,8,2,6,3,5,0,Medium
5,7,8,6.3,0,5,2,5,5,4,5,6,3,8,10,5,0,Medium
4,4,1,7.4,0,6,4,1,5,5,4,8,1,6,3,5,0,Low
3,3,6,6.4,0,1,4,1,7,2,6,9,2,7,4,5,0,Medium
3,6,6,6.6,1,7,9,7,9,3,8,4,3,3,1,4,0,High
1,4,4,8.3,0,4,4,5,7,6,3,9,5,5,6,8,1,Low
4,4,7,8.1,1,4,6,6,8,1,2,7,4,5,4,2,0,Medium
3,2,4,6.8,0,5,5,6,6,4,5,8,3,5,3,5,0,Medium
6,4,9,6.6,2,5,6,4,8,2,7,7,3,2,3,4,0,High
3,2,3,8.5,0,1,8,8,9,5,8,8,4,9,4,3,0,Medium
3,4,5,7.0,0,3,9,4,5,4,6,6,4,4,5,8,0,Medium
1,3,4,7.9,0,1,4,6,8,1,5,7,4,8,7,5,1,Low
4,7,8,4.7,0,4,5,5,5,8,7,5,1,3,7,7,0,High
6,5,3,7.3,0,1,5,9,5,1,2,7,3,6,7,6,0,Medium
6,7,7,7.3,1,8,2,4,2,2,2,8,4,6,7,9,0,Low
7,8,10,7.2,1,4,4,6,7,3,7,6,0,7,4,4,0,High
3,7,4,6.5,1,5,8,6,9,1,7,6,2,6,6,4,1,High
2,2,4,10.0,0,6,5,4,3,2,6,8,7,5,10,7,0,Low
1,1,5,8.6,0,5,3,2,5,1,7,9,3,6,6,10,0,Low
3,6,6,5.8,0,5,10,9,6,5,5,4,0,8,4,7,1,High
2,3,7,8.3,2,3,5,6,7,6,7,8,1,6,3,3,1,Medium
5,2,4,6.9,0,6,4,2,2,0,1,8,3,7,8,9,0,Low
5,5,6,7.4,1,9,4,5,6,3,6,6,5,3,5,5,0,Medium
3,8,4,6.9,0,6,6,4,8,6,1,9,7,6,8,10,0,Low
4,8,6,6.2,1,7,3,3,5,1,3,8,4,8,7,9,1,Low
4,5,4,8.7,0,8,4,6,6,5,5,7,2,4,5,7,1,Medium
2,4,5,7.7,0,5,2,5,6,2,3,9,1,6,6,7,0,Low
5,9,5,8.5,1,8,8,4,5,1,4,8,5,5,7,6,0,Medium
4,2,4,6.8,0,5,4,6,7,3,5,7,4,5,8,6,0,Low
1,1,3,7.6,0,3,5,3,5,6,3,7,5,7,6,8,0,Low
5,8,7,7.2,0,4,3,2,5,0,1,8,3,7,8,10,0,Low
6,6,6,7.0,5,6,4,4,4,5,4,6,2,6,4,4,2,Medium
4,5,9,7.4,1,5,2,7,4,7,6,6,3,7,4,2,0,Medium
5,9,9,6.7,0,8,6,6,4,4,7,5,1,10,4,7,2,High
2,4,5,8.4,0,7,3,3,1,3,3,9,1,9,5,7,0,Low
5,6,8,6.3,1,8,6,2,6,5,5,5,2,7,6,8,1,Medium
5,4,8,9.1,2,5,9,5,8,3,6,7,2,4,6,3,0,High
4,9,9,7.3,1,8,5,1,4,1,3,7,2,8,7,8,0,Low
3,4,3,8.1,1,5,6,3,6,3,4,6,4,8,7,6,0,Low
5,8,7,8.1,0,5,4,5,5,4,3,7,2,5,4,6,0,Medium
3,7,8,5.2,0,5,5,10,6,5,10,5,0,3,6,7,0,High
4,5,6,5.9,1,2,7,7,10,7,9,7,0,3,2,3,2,High
7,10,3,7.2,2,6,2,4,3,0,5,8,2,6,8,10,0,Medium
5,7,4,7.3,1,4,8,6,6,5,10,6,0,3,4,7,1,High
4,9,7,5.6,1,9,3,2,4,2,3,7,3,5,5,5,0,High
8,7,6,5.8,1,9,4,10,7,5,6,5,2,5,4,4,0,High
4,5,6,6.6,2,6,8,5,6,7,6,8,3,6,4,5,0,Medium
5,4,7,6.2,2,9,3,1,6,3,3,7,6,7,8,7,0,Low
5,8,6,6.1,0,7,5,6,5,5,7,5,4,5,4,8,0,High
2,2,4,8.4,0,6,3,4,5,3,4,7,1,4,7,9,0,Low
2,6,3,6.5,0,4,5,7,5,4,4,7,4,7,6,5,0,Medium
6,5,8,7.7,2,4,4,8,6,3,3,5,5,3,3,5,0,Medium
4,4,7,7.1,0,5,5,7,8,5,6,6,3,5,6,4,3,High
3,6,3,7.7,0,7,5,5,8,4,4,7,2,8,9,7,0,Low
3,6,4,7.4,1,5,4,6,8,3,4,8,5,6,5,5,0,Medium
2,1,1,7.2,0,2,8,10,5,4,7,5,1,7,4,3,0,Medium
4,2,6,6.6,2,5,5,10,5,4,4,4,4,6,3,4,0,High
1,4,5,7.7,1,4,6,5,5,7,7,6,4,3,5,5,0,High
6,9,6,6.6,1,8,4,6,5,3,2,7,4,9,9,7,1,Low
5,10,6,7.4,0,9,4,7,3,3,2,6,1,6,6,4,1,Medium
5,6,6,6.5,0,6,3,6,4,4,3,6,4,6,5,6,0,Medium
5,6,6,7.7,0,6,6,4,7,2,4,8,5,8,9,5,1,Medium
3,2,3,8.2,0,5,4,5,9,5,7,6,2,4,4,6,1,Medium
6,8,6,5.3,0,6,6,6,8,5,6,7,2,7,4,3,1,High
4,9,6,7.1,1,4,3,3,6,1,2,5,3,7,6,7,0,Medium
7,10,8,4.9,1,6,7,8,6,4,8,5,1,7,1,4,1,High
7,10,10,4.2,1,8,8,9,7,9,8,7,2,6,3,7,0,High
3,1,3,7.6,1,4,6,5,8,6,4,7,5,5,8,7,0,Low
4,5,5,10.0,0,1,6,3,6,2,4,7,3,6,8,7,0,Low
5,7,6,7.7,0,3,7,5,9,7,9,7,2,3,5,5,0,High
4,6,6,8.0,5,8,4,6,6,7,4,8,4,6,6,6,2,Low
4,2,4,7.7,2,7,4,5,6,7,7,6,2,4,7,5,1,Medium
3,4,7,7.7,0,4,4,2,7,3,7,7,4,6,6,6,0,Medium
4,6,4,8.0,4,6,6,4,6,6,4,6,4,6,6,6,2,Medium
1,1,7,7.9,0,3,4,1,6,0,1,9,2,6,9,8,0,Low
2,4,5,7.9,1,5,5,3,9,4,8,7,3,8,4,5,0,Medium
1,4,2,9.1,0,6,5,6,8,0,5,8,5,5,9,7,0,Low
3,9,7,6.8,2,6,9,9,10,8,10,4,0,1,1,3,1,High
5,1,5,9.3,0,6,4,3,6,4,4,9,1,6,7,9,0,Low
3,6,5,8.0,0,7,2,2,7,5,5,9,2,9,9,10,0,Low
6,7,6,8.5,0,2,5,6,5,5,4,5,0,4,7,5,2,Medium
4,5,7,6.9,3,5,7,7,10,5,8,7,3,4,3,2,0,High
5,5,6,8.5,0,5,6,4,6,2,5,6,3,6,6,8,0,Low
2,4,5,7.6,0,3,4,7,7,3,3,5,2,6,6,10,0,Low
5,7,4,7.2,0,5,1,4,4,0,1,7,3,8,10,10,0,Low
6,5,7,6.7,0,6,1,7,3,2,5,7,5,7,6,7,0,Low
6,4,3,7.1,0,8,5,4,8,0,4,9,4,9,8,8,0,Low
3,6,4,7.6,0,2,4,4,5,0,3,8,5,6,8,9,0,Low
3,5,6,7.2,1,6,2,5,5,3,5,5,1,5,8,6,0,Medium
3,3,5,6.8,0,9,2,3,5,1,2,8,3,7,9,8,0,Low
2,4,2,9.1,0,8,3,4,4,0,4,8,6,7,7,10,0,Low
6,7,4,7.3,0,1,6,6,2,2,8,8,4,9,8,6,0,Low
5,4,5,8.1,0,8,4,5,5,4,3,8,4,8,6,9,0,Low
5,8,5,5.8,0,7,6,2,4,6,7,7,3,5,6,7,0,Medium
3,7,2,6.9,0,1,5,4,7,4,6,6,4,7,7,9,0,Low
7,5,8,4.7,2,4,5,6,10,9,6,5,4,8,2,7,0,High
3,5,5,8.3,0,7,7,7,6,6,4,7,1,3,4,1,0,High
6,11,9,4.9,0,7,8,8,8,5,9,5,2,4,7,3,0,High
3,1,4,6.8,0,3,3,6,5,6,5,8,1,6,6,7,0,Low
1,3,4,9.0,1,4,7,4,6,3,4,7,3,6,4,9,2,Low
3,7,5,7.7,0,5,4,7,5,2,4,7,2,6,5,5,0,Medium
2,5,2,8.0,0,3,1,4,7,5,6,8,2,4,3,4,0,Low
4,4,2,8.4,0,3,5,7,8,4,3,8,3,7,7,8,0,Low
7,8,6,7.9,0,7,5,7,6,5,4,7,3,8,7,10,0,Medium
4,3,3,7.7,0,4,2,4,6,4,3,7,7,5,7,6,0,Low
3,7,6,6.1,0,2,2,4,7,8,6,5,0,6,4,5,0,Medium
3,3,5,8.1,0,3,4,4,5,1,6,7,3,5,9,10,0,Low
3,2,2,8.2,0,3,3,2,8,2,4,9,1,4,6,5,0,Low
5,9,6,7.7,1,6,6,3,4,2,4,7,4,8,4,5,0,Medium
3,3,4,7.2,0,1,3,3,2,4,4,8,2,8,7,6,0,Low
3,4,4,7.0,0,4,7,5,5,5,5,7,2,4,6,6,2,Medium
4,8,7,7.2,0,7,5,2,7,6,4,7,2,7,8,6,0,Medium
3,8,6,7.0,0,3,6,3,5,3,3,7,5,10,3,6,0,Medium
6,10,10,4.1,1,6,5,6,7,4,7,4,0,5,4,7,0,High
3,3,6,7.9,0,4,4,4,5,4,7,8,1,4,6,9,0,Low
4,8,3,8.2,0,4,1,2,5,2,1,8,2,7,8,10,0,Low
6,8,4,8.0,4,8,4,6,6,7,6,6,2,6,4,6,2,High
1,6,4,8.2,0,3,6,6,8,4,4,7,4,6,8,9,0,Low
5,4,5,8.2,0,3,6,4,4,4,4,8,3,6,8,5,1,Low
5,8,5,6.9,1,4,5,6,8,5,4,6,4,7,5,8,0,Medium
6,4,6,6.7,0,7,4,7,7,5,8,5,0,4,4,7,0,Medium
3,1,2,9.1,1,3,5,6,4,4,1,7,3,7,7,5,0,Low
1,1,3,7.6,0,7,2,4,6,0,2,8,4,6,10,9,0,Low
4,8,6,8.0,3,6,6,6,6,7,6,8,4,6,4,6,2,Medium
4,6,6,7.0,4,8,6,4,4,5,6,6,4,6,6,4,2,Medium
4,7,5,6.0,1,4,7,9,7,3,10,6,2,2,4,6,1,High
5,4,7,8.3,1,3,8,7,3,5,5,7,4,7,6,7,1,Medium
1,1,3,8.1,0,3,3,1,4,1,3,10,7,10,8,10,0,Low
4,4,2,7.5,1,3,7,6,7,4,2,7,4,5,6,4,0,Medium
4,8,6,7.0,5,6,6,6,6,6,6,6,4,6,6,6,2,High
3,6,3,7.8,0,6,5,6,6,5,8,6,3,6,4,4,2,High
4,8,4,7.0,5,6,6,6,6,5,6,8,4,6,6,6,4,High
4,9,8,7.0,1,4,6,5,6,2,4,8,3,8,7,8,0,Medium
6,9,9,5.7,2,8,4,6,10,7,8,6,0,5,5,5,0,High
6,6,6,8.0,3,6,6,6,4,7,6,8,4,6,4,6,2,Low
2,9,6,5.9,1,9,4,5,6,2,6,7,3,6,6,6,0,Medium
1,5,3,7.4,0,5,4,3,6,3,3,9,5,4,6,8,0,Low
3,2,3,9.0,0,3,6,3,6,1,5,8,2,7,10,7,0,Low
3,4,7,6.4,0,6,4,5,7,3,4,5,3,6,8,8,0,Medium
2,1,6,7.0,0,3,6,5,8,8,8,4,1,5,5,5,0,High
1,4,7,6.9,0,5,3,2,4,4,5,6,1,3,5,2,0,Medium
1,3,5,7.6,1,6,4,6,7,1,7,6,0,7,5,7,0,Medium
3,2,1,7.7,0,1,6,2,6,1,3,7,2,7,10,7,0,Low
7,8,6,6.8,3,5,5,5,4,5,4,7,3,3,8,7,0,Medium
2,5,4,8.3,0,4,6,2,6,3,5,6,5,9,8,7,0,Low
2,4,2,7.2,0,3,6,6,3,6,6,5,2,6,8,9,0,Medium
5,6,8,7.7,1,8,6,1,8,4,8,8,0,6,5,1,0,High
2,3,6,7.5,0,2,6,6,8,4,5,7,2,4,3,4,0,High
3,7,7,6.3,0,6,5,3,7,4,4,7,2,7,8,8,0,Medium
2,2,4,10.0,0,3,4,1,5,3,1,8,6,10,10,7,0,Low
4,2,1,7.9,0,8,2,4,3,1,5,8,7,8,10,9,0,Low
6,10,9,6.7,4,7,7,6,5,5,8,5,2,4,5,2,1,High
6,4,4,6.8,0,6,3,4,7,5,4,6,4,5,7,7,0,Medium
3,10,6,7.7,0,8,1,3,6,3,4,7,2,3,8,7,0,Low
4,6,7,6.3,1,3,9,8,8,7,10,4,2,6,1,6,1,High
5,9,7,6.2,2,9,9,6,10,4,8,5,2,6,5,5,1,High
5,8,4,6.8,2,4,6,8,3,4,4,5,5,7,7,5,0,High
4,7,4,6.9,0,7,5,7,9,2,6,5,2,8,4,7,0,Medium
3,8,6,8.3,0,6,8,7,5,0,4,5,3,5,6,7,0,Medium
1,1,5,6.9,0,4,6,7,8,2,6,7,1,5,5,5,0,Low
7,7,6,6.3,1,8,8,6,7,6,4,5,3,4,3,6,0,High
5,4,6,7.2,1,7,6,6,6,5,7,7,2,2,7,7,0,Medium
2,2,3,7.1,0,5,6,5,4,6,5,7,2,4,3,3,1,Medium
6,7,9,7.0,0,6,6,8,6,6,6,6,1,5,4,5,1,High
1,6,2,7.3,1,4,5,4,6,2,1,8,4,9,6,6,0,Low
6,8,8,6.6,1,6,4,5,7,1,6,6,3,6,5,2,0,High
3,9,5,6.4,0,6,5,7,7,1,5,5,4,5,7,6,0,Medium
4,9,6,7.7,0,7,1,2,2,2,1,9,7,10,8,9,0,Low
2,10,4,7.3,0,5,3,2,5,0,2,9,4,9,8,10,0,Low
1,6,2,8.3,0,4,8,3,5,2,3,9,4,4,7,7,0,Low
5,10,6,6.7,0,4,7,7,8,4,8,4,4,6,5,6,0,High
4,7,9,8.4,0,6,7,5,7,1,4,7,1,7,7,7,1,Medium
5,7,8,7.1,1,3,7,6,5,4,6,5,5,7,4,6,0,High
5,6,6,7.0,1,3,4,8,8,9,5,6,4,2,3,5,1,High
1,1,1,8.0,0,4,3,1,6,2,3,8,2,6,10,7,0,Low
2,3,3,8.7,0,5,6,3,7,3,6,8,7,9,7,5,0,Low
7,11,9,7.5,1,7,2,5,9,2,6,6,2,4,4,5,0,High
1,2,2,8.8,0,4,4,5,4,2,4,9,1,7,7,5,2,Low
4,6,6,7.0,5,6,6,4,6,7,6,8,4,6,4,4,2,High
4,8,4,8.0,4,6,4,4,6,5,4,8,4,6,6,6,2,Low
5,4,6,6.9,0,4,5,6,5,4,8,5,1,6,5,4,0,High
5,5,4,6.8,0,4,6,7,7,4,4,6,2,10,8,8,1,Medium
4,4,9,8.9,3,5,2,4,6,5,6,5,0,2,4,3,2,High
4,8,6,8.0,3,6,6,4,4,5,6,6,4,6,6,6,2,High
4,8,7,6.8,0,3,8,9,7,5,5,7,5,3,2,4,1,High
3,6,8,6.6,0,5,5,2,3,6,6,5,4,9,5,8,0,Medium
4,7,5,7.6,0,4,7,4,4,3,7,6,5,2,8,8,0,Low
2,7,7,8.3,0,10,4,2,2,1,5,7,2,8,8,5,0,Low
4,8,7,6.6,3,5,4,5,7,5,5,7,2,6,6,5,0,Medium
5,6,4,7.1,1,5,5,5,6,3,4,6,1,7,5,7,1,Medium
6,6,10,5.9,0,6,3,7,5,4,4,5,3,8,6,5,0,High
3,5,3,8.6,0,2,4,6,6,0,3,8,5,7,5,6,1,Low
4,8,6,7.0,0,3,4,2,5,3,6,5,3,10,8,8,1,Medium
4,9,8,6.0,2,7,7,4,7,6,9,5,1,7,2,6,0,High
3,1,5,6.0,1,5,4,6,8,2,3,5,2,7,7,6,0,Medium
4,4,7,6.5,3,4,5,6,4,3,9,5,3,5,7,2,2,High
6,4,5,7.1,1,8,5,4,3,3,3,7,2,9,6,5,0,Low
3,7,5,6.2,0,1,4,7,9,2,5,6,5,8,5,10,1,Medium
4,6,6,8.4,0,3,1,1,5,0,5,9,3,8,9,9,0,Low
2,4,5,7.0,0,4,3,4,2,1,6,7,7,7,8,9,0,Low
4,3,5,8.8,0,5,6,6,7,2,4,6,5,4,3,6,1,Low
5,5,4,7.8,0,4,8,5,5,5,6,5,2,5,6,3,1,High
4,4,9,6.7,0,5,6,7,9,2,4,6,3,6,4,4,0,Medium
3,7,7,8.0,3,6,7,5,9,5,7,8,4,6,6,4,0,Medium
5,8,6,8.3,0,8,7,6,10,3,7,6,3,8,7,7,0,High
6,3,5,6.5,0,6,7,6,7,7,4,8,3,6,4,2,0,Medium
4,6,6,6.0,3,6,6,6,4,6,6,8,2,6,6,6,2,High
4,5,7,5.3,0,3,9,7,7,6,7,5,1,3,4,1,2,High
4,2,4,8.1,1,6,3,6,5,3,4,7,0,6,7,6,1,Low
4,4,5,7.1,0,8,2,2,6,4,2,7,4,8,6,7,0,Low
5,9,5,7.1,0,8,6,3,2,2,2,7,6,8,8,9,0,Low
3,4,8,6.6,0,3,8,7,8,7,10,7,2,5,1,3,0,High
5,3,8,6.1,1,6,8,7,5,1,6,7,0,4,5,6,1,Medium
5,6,5,6.9,0,6,3,4,5,2,5,7,3,5,7,6,0,Low
6,8,7,5.6,0,4,6,6,10,4,5,4,4,4,5,6,0,High
6,11,9,6.0,3,8,4,6,8,6,10,6,0,7,7,6,0,High
7,7,6,5.3,3,7,9,6,9,5,8,4,0,4,3,4,1,High
2,3,7,8.1,0,7,2,6,6,0,3,7,3,10,7,9,0,Low
5,5,6,7.4,1,3,4,3,5,4,6,8,5,5,6,7,0,Low
3,3,2,7.6,0,1,8,6,5,0,5,7,0,5,8,9,0,Low
4,5,3,8.9,0,4,4,5,1,1,2,8,5,8,8,10,0,Low
4,5,7,7.1,1,4,7,6,5,1,6,7,3,4,2,5,1,Medium
5,3,5,8.7,1,2,3,5,6,2,2,8,3,5,6,6,0,Low
1,3,5,8.0,1,2,3,7,5,4,5,6,0,5,5,10,0,Low
6,8,6,7.0,4,6,6,6,6,7,4,6,4,6,6,6,2,High
2,2,2,7.9,0,4,1,1,6,3,5,8,2,4,3,5,1,Low
2,9,6,7.9,0,5,4,4,5,1,4,7,4,5,7,8,0,Low
3,1,4,7.9,0,2,4,8,5,3,6,6,1,7,4,9,2,Low
2,4,5,8.0,0,6,5,7,8,7,6,5,3,5,6,6,0,Medium
5,5,10,8.2,1,5,4,5,7,0,3,6,3,5,10,7,0,Medium
5,7,7,6.7,0,6,2,6,4,4,7,7,1,6,6,6,0,Medium
5,10,9,6.8,2,7,4,6,6,5,6,6,3,3,5,6,1,High
4,8,6,7.0,4,8,6,6,6,5,6,6,4,4,4,4,2,High
3,3,4,8.9,0,7,4,2,5,0,1,10,5,9,7,8,0,Low
4,6,4,8.0,3,6,6,6,6,7,6,8,4,6,4,6,2,Medium
3,4,4,7.1,0,4,7,6,7,7,4,6,3,5,2,6,1,Medium
4,8,6,6.3,0,6,6,5,8,2,9,7,4,5,5,8,0,Medium
6,6,1,7.4,0,5,5,6,5,3,5,7,4,5,10,6,0,Low
3,1,5,7.2,0,4,4,4,3,6,4,6,0,7,7,6,0,Low
4,6,6,8.0,3,6,6,6,4,6,6,6,2,4,6,6,2,Medium
4,5,8,5.9,1,5,7,7,8,5,4,7,0,4,4,5,1,High
6,8,6,7.0,4,6,4,6,6,6,6,6,4,4,6,6,2,Medium
4,8,5,7.6,0,4,1,3,6,7,5,8,5,7,4,10,0,Low
3,5,6,7.3,1,5,5,3,9,5,6,5,2,6,4,8,0,Medium
6,10,8,6.9,0,5,5,3,5,7,5,5,5,6,7,8,0,Medium
4,4,8,7.0,1,9,4,7,8,5,6,7,1,6,5,6,0,High
5,4,5,7.3,0,7,3,5,7,2,5,8,4,4,7,8,0,Low
5,7,5,7.7,1,5,6,4,7,3,7,5,3,4,7,3,1,High
6,7,9,6.1,2,5,5,7,10,7,3,4,4,8,3,5,2,High
5,3,2,8.2,0,4,6,6,8,7,6,7,4,5,6,5,0,Medium
2,5,3,6.3,0,8,4,7,6,6,5,7,2,7,4,6,0,Medium
1,3,5,8.6,0,5,3,9,6,7,3,6,2,7,7,8,1,Low
4,5,7,7.0,0,2,5,5,5,3,2,7,4,6,7,10,0,Low
8,9,7,5.8,3,8,7,4,5,2,7,5,7,4,6,6,0,High
6,6,6,6.1,1,6,5,8,5,5,5,5,2,3,4,5,0,High
6,9,5,6.3,0,9,6,3,4,5,4,6,2,5,7,9,0,Medium
4,6,7,6.9,0,5,4,8,5,2,3,7,2,6,6,6,0,Medium
1,1,4,9.7,0,3,1,2,7,3,5,7,3,5,8,7,0,Low
2,4,5,7.0,1,5,3,6,7,4,6,8,3,4,5,6,0,Medium
3,9,4,5.5,0,4,5,5,6,4,8,7,2,8,7,5,1,Medium
2,2,1,8.8,0,1,3,5,10,4,5,6,4,8,6,5,0,Low
3,1,6,6.7,0,5,5,5,9,5,7,8,1,4,4,5,0,Medium
5,4,6,7.0,3,3,6,8,5,6,3,5,4,2,5,7,1,High
7,6,8,5.9,0,4,8,8,9,7,5,6,2,5,3,4,0,High
3,7,8,6.5,1,7,7,6,5,4,8,5,2,7,2,5,1,High
5,7,5,8.2,0,7,6,7,6,0,6,8,0,5,8,8,0,Low
3,7,5,8.0,0,7,3,4,3,1,5,9,3,5,10,7,0,Low
4,6,8,6.1,1,6,5,6,5,4,7,7,3,2,5,5,0,Medium
3,7,4,6.8,1,5,5,2,7,2,3,7,3,7,7,10,1,Low
3,7,4,6.3,0,7,5,2,4,3,6,9,5,6,9,8,0,Low
3,4,4,9.9,0,4,6,6,4,3,3,7,3,8,5,7,0,Low
6,10,9,6.2,3,6,4,5,4,3,5,7,4,8,6,7,0,Medium
5,5,9,7.7,2,6,5,8,4,4,9,9,2,9,9,5,0,Medium
6,8,7,6.3,0,7,3,3,6,5,3,6,5,8,7,6,0,Medium
3,5,5,6.2,1,4,6,7,9,5,9,7,4,2,4,3,0,High
4,5,6,7.7,0,1,6,5,6,2,7,9,3,5,3,7,0,Medium
6,5,6,5.4,6,6,10,9,10,7,7,5,2,5,2,4,0,High
4,6,7,7.6,2,5,6,6,5,5,9,7,2,4,7,7,0,High
3,7,6,7.9,0,6,5,5,6,0,3,5,3,6,2,5,0,Medium
3,5,7,7.1,0,4,5,4,9,2,5,6,3,6,7,3,0,Medium
7,8,8,5.8,2,6,6,5,6,4,6,7,5,6,7,2,1,High
3,5,3,6.7,1,1,9,4,8,3,5,7,3,6,8,7,0,Medium
4,7,8,4.3,5,6,9,8,7,6,10,4,0,3,5,3,1,High
7,9,6,6.7,1,10,5,1,5,1,2,8,3,5,8,5,0,Medium
6,8,8,6.1,1,6,4,5,5,6,9,6,1,6,6,6,0,High
5,7,7,5.9,1,6,4,7,6,4,2,6,3,6,5,8,0,High
4,8,4,8.0,5,8,6,4,4,5,6,6,4,4,6,4,2,Low
6,6,6,6.9,4,5,7,3,8,6,6,5,0,3,6,4,1,High
6,10,10,5.2,2,5,5,7,6,6,8,3,0,5,3,5,1,High
4,5,6,7.9,0,8,5,2,5,2,6,8,3,5,7,10,0,Low
3,7,6,7.0,0,6,5,4,8,0,8,6,5,7,9,8,0,Medium
5,10,6,7.5,1,5,3,4,2,3,3,6,1,7,7,8,0,Low
6,10,4,7.0,1,4,3,2,1,0,4,7,5,8,8,8,0,Low
7,12,10,5.2,3,8,5,9,6,4,7,5,5,4,2,10,1,High
6,3,5,6.3,0,1,3,5,7,2,7,8,5,4,5,10,0,Medium
2,4,4,8.2,1,6,5,5,5,0,2,8,4,9,6,8,0,Low
6,9,7,6.7,1,5,5,7,4,4,4,5,2,7,5,9,0,Medium
5,4,4,8.0,0,5,3,6,6,3,6,7,4,8,5,8,0,Low
2,8,6,9.1,0,6,5,6,5,3,6,6,6,8,6,10,0,Low
2,3,7,7.2,0,7,10,5,4,4,8,7,4,5,4,4,0,High
4,10,8,7.1,0,7,3,2,4,1,3,6,4,8,7,9,0,Low
5,10,6,7.8,2,7,6,4,7,5,3,7,6,5,5,9,0,Medium
3,7,9,8.7,1,7,1,6,6,4,6,5,3,5,3,6,1,High
5,6,7,7.3,0,4,6,4,4,3,5,7,2,7,6,5,0,Medium
6,8,8,4.4,2,10,8,7,10,6,9,5,3,8,3,5,0,High
8,12,7,5.9,3,10,4,5,4,3,3,4,3,7,7,5,0,High
6,8,7,5.9,1,6,5,6,8,6,6,5,7,1,5,5,0,High
4,7,7,6.0,0,4,4,4,7,3,5,8,4,7,7,6,0,Medium
5,5,4,8.6,0,3,9,7,8,5,6,5,1,6,1,6,1,High
4,5,4,9.3,0,5,7,5,5,0,2,8,5,7,4,9,0,Low
4,7,6,6.2,1,5,8,8,4,4,9,7,4,3,3,6,0,High
2,6,6,7.1,1,8,3,9,8,0,2,8,2,8,7,9,1,Low
4,4,6,6.6,0,4,7,8,6,6,8,5,0,3,5,2,1,High
6,10,7,5.5,1,8,5,5,8,1,6,7,2,5,8,9,1,Medium
5,11,7,7.0,3,4,2,1,7,2,1,7,4,4,8,9,1,Medium
1,5,4,7.0,0,9,4,2,3,4,3,7,2,4,7,5,0,Low
3,6,2,7.3,0,2,6,5,4,4,7,7,2,7,5,7,0,Medium
6,7,10,5.1,0,10,4,7,6,5,8,5,2,3,4,6,0,High
5,5,7,8.0,2,5,6,4,8,4,4,7,0,9,5,7,2,Medium
4,1,6,9.1,1,1,6,6,5,4,4,7,4,9,8,5,1,Medium
5,9,8,6.6,3,8,5,5,7,6,7,7,4,4,4,6,0,High
4,10,8,6.7,0,6,5,6,5,5,6,8,3,5,6,7,0,Medium
1,1,2,9.5,0,2,2,5,6,3,5,10,5,8,8,8,0,Low
4,6,4,8.0,0,5,3,3,4,0,4,6,3,9,4,5,0,Low
3,8,6,8.6,3,6,6,6,5,4,4,7,3,6,4,6,0,Medium
6,7,6,5.4,2,6,7,6,5,8,8,5,3,4,5,6,3,High
6,5,4,7.6,0,7,6,5,6,7,7,6,0,4,6,4,0,Medium
1,6,4,7.3,2,5,7,7,9,6,7,8,1,5,5,9,0,Medium
6,5,8,5.9,0,7,5,6,6,3,5,6,0,5,7,7,0,Medium
5,5,4,9.0,0,4,4,7,5,4,6,6,5,7,3,7,0,Medium
6,10,4,9.2,0,7,4,6,2,4,5,7,3,6,7,8,0,Medium
1,3,5,7.8,0,3,5,4,5,4,2,7,5,7,4,6,0,Low
1,4,3,8.7,1,2,4,4,4,4,6,8,4,8,8,10,0,Low
3,7,6,7.0,0,5,1,3,3,0,3,8,7,7,8,7,0,Low
5,6,7,6.8,1,5,6,6,5,2,1,8,5,5,8,6,0,Low
6,8,7,5.9,2,8,5,5,6,1,6,6,2,6,6,6,0,High
1,8,4,6.3,1,2,3,6,5,5,5,7,3,4,3,3,1,High
3,5,7,9.0,0,6,4,4,6,4,4,6,1,7,6,7,0,Low
7,9,8,6.5,1,5,6,4,8,3,8,5,4,6,5,8,0,High
3,6,4,7.9,0,1,8,4,6,3,7,8,4,5,7,5,0,Medium
6,7,7,6.0,0,4,2,6,4,2,5,7,6,4,5,6,1,Medium
5,6,8,6.6,1,6,7,5,8,4,6,5,5,9,7,5,0,Medium
4,10,6,6.0,0,7,1,3,5,5,4,6,4,8,5,10,0,Medium
3,5,2,6.9,0,4,8,7,6,7,3,6,3,3,8,7,0,Medium
3,6,6,6.5,1,2,5,8,8,7,10,7,2,6,3,8,0,Medium
4,4,6,8.7,0,3,3,3,5,2,4,8,6,6,6,7,0,Low
3,4,1,6.6,0,2,6,3,6,1,8,6,2,4,7,7,0,Low
3,2,5,7.1,0,5,3,6,3,4,3,6,2,5,10,4,1,Low
6,7,9,5.6,0,5,5,4,4,5,5,7,2,7,7,6,0,Medium
4,5,4,6.7,0,7,3,3,8,3,2,8,6,7,5,10,0,Low
1,2,5,7.0,0,1,1,8,5,5,2,5,4,5,1,6,0,Medium
6,6,7,7.3,0,5,5,6,7,4,8,4,3,5,6,5,0,High
5,2,9,6.7,0,9,6,6,10,5,6,6,3,7,8,3,0,Medium
7,7,10,5.4,3,8,9,7,9,7,7,3,0,8,5,4,1,High
3,8,5,7.3,0,5,5,10,6,4,1,6,4,6,7,6,0,Medium
8,9,9,5.2,5,4,10,8,7,5,8,5,3,2,1,4,3,High
5,4,9,9.1,1,7,3,6,5,1,5,7,1,6,7,4,0,Medium
5,8,6,6.2,1,9,6,5,6,4,4,5,1,7,6,8,1,Medium
1,1,4,8.4,0,2,6,5,6,5,5,9,4,8,10,6,1,Low
5,7,6,7.9,0,3,3,5,9,6,4,7,4,4,6,4,1,Medium
3,5,5,6.5,1,5,8,7,7,4,4,6,4,9,6,6,0,Medium
6,4,8,7.6,0,5,5,5,5,0,5,8,5,4,6,10,0,Low
4,7,6,6.0,1,6,7,8,7,8,4,5,2,6,2,6,0,High
7,11,4,7.1,1,9,5,4,7,6,6,6,0,7,6,7,0,High
4,5,5,7.1,0,4,4,4,7,4,6,8,4,3,2,5,0,Medium
5,5,6,7.6,0,5,5,1,5,2,5,7,6,7,7,10,0,Low
2,6,4,6.6,1,6,6,6,4,3,7,8,2,3,6,7,0,Low
5,6,7,8.3,0,7,6,4,8,5,4,5,3,5,5,3,0,High
5,3,6,7.8,0,4,4,8,5,4,1,6,0,7,7,9,0,Low
3,2,2,6.8,0,3,4,3,6,2,4,8,3,7,9,8,0,Low
6,7,6,6.0,0,4,8,10,7,11,7,6,3,5,2,3,0,High
1,2,4,7.0,1,6,6,7,4,0,7,8,2,5,6,9,0,Low
4,5,6,8.5,0,3,4,3,6,1,3,7,2,8,7,7,0,Low
5,7,4,7.7,0,4,4,3,3,2,5,8,7,8,7,6,0,Low
2,3,5,7.6,0,6,5,5,4,4,7,6,4,6,9,6,0,Low
7,8,7,5.6,1,5,3,8,9,6,5,6,3,5,4,7,0,High
3,1,6,7.4,1,4,3,9,8,6,6,7,3,3,4,5,0,Medium
5,8,8,7.3,1,2,5,4,7,5,6,4,1,3,6,4,0,High
7,10,7,7.3,1,8,6,4,3,0,8,7,3,5,6,7,0,Medium
4,9,8,7.3,1,6,4,4,7,6,7,5,5,8,7,5,0,Medium
3,3,4,6.4,1,5,3,3,5,0,2,9,3,9,6,10,0,Low
3,3,4,8.0,0,2,3,7,5,2,3,6,6,9,7,4,0,Low
2,1,4,8.6,0,4,2,3,5,2,3,8,4,8,9,9,0,Low
5,4,8,7.4,0,5,2,1,2,1,2,7,5,8,6,4,0,Low
5,7,5,5.9,0,7,7,7,3,3,6,8,0,4,6,5,0,High
4,4,5,6.4,0,5,5,6,7,6,5,5,3,5,6,4,0,High
3,3,5,8.3,2,2,5,5,7,7,6,8,2,2,4,3,1,Medium
3,4,4,6.4,0,3,4,4,6,3,5,6,0,6,8,9,0,Low
7,4,6,6.8,1,4,6,6,8,1,8,5,2,6,5,7,0,Medium
1,1,4,8.5,0,4,3,1,5,2,1,9,4,7,8,9,0,Low
4,6,6,7.2,0,4,3,7,9,3,3,6,3,7,6,6,0,Medium
4,3,6,7.1,0,5,4,5,8,4,4,6,1,8,8,5,0,Medium
4,6,5,7.8,1,10,6,8,7,5,5,6,1,4,1,5,0,High
5,9,7,6.3,2,6,6,6,7,1,8,5,3,9,2,5,0,High
6,8,4,8.0,4,6,6,6,4,5,4,8,4,6,6,4,2,Low
1,3,2,8.7,0,3,4,3,2,3,5,9,4,10,9,8,0,Low
3,4,4,6.4,1,1,2,1,7,2,6,7,2,6,7,10,0,Low
6,8,9,7.2,1,6,6,5,8,2,3,7,2,8,2,7,1,High
4,4,9,6.5,0,7,9,5,4,6,5,6,3,6,8,6,0,Medium
2,2,1,8.0,0,5,3,4,8,0,1,9,5,7,9,6,0,Low
6,7,7,7.2,0,7,4,4,4,3,6,6,3,5,7,8,0,Medium
3,5,4,7.8,0,4,5,7,5,2,5,7,1,7,8,3,0,Low
4,8,6,6.8,0,5,4,4,5,4,5,6,2,8,6,6,0,Medium
5,1,4,8.7,0,7,2,2,4,1,2,9,3,7,10,6,0,Low
3,7,7,6.8,0,5,3,1,9,3,2,7,5,8,10,7,0,Low
7,5,8,7.2,0,6,1,3,5,5,3,6,5,6,10,7,0,Low
5,6,8,7.7,0,6,6,3,5,5,6,7,3,4,7,6,0,Medium
3,4,3,9.0,0,4,4,1,5,3,4,8,3,7,8,8,0,Low
4,7,5,8.5,1,8,2,4,4,4,6,5,5,5,8,7,0,Low
2,6,6,6.7,0,5,7,8,7,2,7,5,3,6,7,8,1,Medium
2,7,3,7.0,1,4,3,5,3,2,5,9,1,9,7,7,3,Low
1,2,5,8.7,0,2,7,3,7,4,6,6,6,9,8,5,0,Low
4,2,2,8.2,2,3,8,6,5,6,8,7,2,4,4,5,1,High
3,5,5,6.8,0,9,6,5,5,3,6,7,5,6,5,8,0,Medium
2,3,5,7.7,1,5,6,5,4,4,3,5,4,4,7,7,1,Low
1,2,4,9.9,1,5,6,9,6,3,7,7,0,4,3,8,0,Medium
4,9,6,7.3,3,3,5,3,3,7,5,8,2,6,4,8,0,Medium
3,2,6,8.0,0,2,6,5,3,6,6,7,0,5,4,8,1,Medium
6,7,8,7.7,0,6,4,4,6,2,6,5,1,5,9,7,1,Medium
5,4,6,9.6,0,8,5,5,3,6,6,7,4,5,4,7,0,Medium
4,7,4,7.9,0,2,5,1,10,2,6,6,3,6,7,1,1,Medium
7,5,9,8.1,0,4,5,5,6,4,7,6,2,5,5,6,0,Medium
1,3,7,6.7,0,6,6,3,8,5,6,7,2,7,4,5,1,Medium
4,6,6,6.9,1,9,4,4,6,2,6,7,4,7,6,7,1,Low
5,6,5,6.9,2,6,6,9,4,3,6,6,4,5,6,8,0,Medium
3,6,5,5.9,1,6,4,6,5,4,4,6,2,8,6,4,0,Medium
6,5,7,5.4,2,4,4,4,8,2,5,6,2,4,6,8,1,Medium
3,5,2,8.6,0,2,5,3,6,3,2,9,2,6,10,9,0,Low
5,4,3,7.9,1,2,8,5,8,5,5,7,0,3,5,6,1,Medium
6,8,3,6.1,0,4,6,8,5,8,10,5,4,5,4,7,1,High
4,3,3,9.6,0,4,1,1,6,5,6,8,7,10,8,5,0,Low
3,4,7,6.5,0,2,6,6,6,4,8,7,2,5,3,6,1,Medium
6,7,8,6.2,2,6,8,6,10,6,9,5,1,1,2,1,0,High
5,9,7,6.3,1,5,5,4,9,3,5,6,1,4,4,6,0,High
1,4,5,7.4,0,3,6,9,5,5,5,6,4,5,5,3,1,Medium
5,4,3,8.3,0,6,5,2,7,5,5,10,0,6,7,5,0,Low
3,3,3,9.0,1,2,5,1,3,1,2,7,7,7,8,8,0,Low
5,7,8,7.7,0,9,3,6,6,0,4,9,5,9,6,8,0,Low
7,8,7,7.2,2,7,4,5,4,5,6,7,0,7,4,6,0,High
3,6,6,6.7,0,3,4,4,6,0,6,10,7,6,7,8,0,Low
2,5,8,8.3,0,8,3,3,7,2,4,6,0,7,9,10,0,Low
4,3,5,7.2,0,2,4,5,6,6,2,9,0,6,2,5,0,Low
2,5,4,7.3,1,7,7,5,8,7,6,8,1,5,6,6,0,Medium
3,6,4,7.5,0,6,1,2,5,4,4,8,4,8,9,8,0,Low
5,3,9,7.5,0,3,7,2,8,1,5,6,5,8,8,5,0,Medium
5,4,7,6.4,1,3,10,7,5,3,6,8,1,5,5,1,0,High
5,3,5,7.5,1,5,4,3,4,1,3,7,3,7,9,6,0,Low
5,6,5,8.2,1,7,5,5,3,5,5,7,2,4,4,4,0,Medium
4,3,5,6.5,1,5,6,6,5,2,2,9,3,8,8,6,0,Low
3,4,7,7.2,1,4,6,5,4,1,6,6,5,6,2,3,0,High
4,3,6,6.2,1,5,6,6,4,6,8,6,4,5,4,4,1,High
3,5,5,7.4,1,2,4,9,4,6,5,8,1,5,5,5,1,Medium
7,4,6,6.1,0,7,6,7,6,4,4,6,2,5,4,4,1,High
2,7,7,7.7,1,8,4,3,5,3,5,7,1,6,6,9,1,Low
3,5,6,6.4,0,5,8,4,8,7,9,4,3,3,3,2,0,High
1,4,5,9.2,0,3,4,4,7,0,3,9,4,9,8,8,0,Low
4,6,7,7.1,2,4,6,7,8,5,4,6,3,8,5,6,0,Medium
6,5,6,6.6,3,5,5,4,4,4,5,7,4,6,6,6,0,Medium
4,5,6,7.7,1,3,7,5,5,0,6,6,5,6,6,7,0,Medium
5,3,7,6.4,0,9,5,4,7,6,5,8,2,5,6,6,1,Medium
4,6,5,7.0,1,5,7,3,6,3,1,9,4,8,9,4,0,Low
2,4,5,8.5,0,5,2,1,7,0,5,7,7,8,10,8,0,Low
6,6,4,6.0,3,8,6,6,4,5,6,6,4,6,4,6,2,High
4,8,6,7.0,5,8,6,6,4,5,6,6,4,6,4,6,2,High
5,4,5,6.5,0,3,8,9,7,6,7,8,6,8,6,4,0,High
2,4,7,6.5,1,6,6,5,7,0,7,7,3,4,9,4,0,Medium
2,6,2,7.9,0,3,4,2,5,1,3,8,7,9,6,9,0,Low
6,8,8,6.7,2,7,6,8,7,3,5,6,1,4,5,6,1,High
4,5,6,8.1,0,3,4,5,4,3,4,6,3,3,6,5,0,Low
3,9,6,8.5,1,4,5,6,7,1,8,6,0,7,4,4,1,Medium
5,7,7,7.3,0,5,2,4,7,1,4,7,4,7,6,6,0,Medium
3,4,5,7.1,0,7,8,7,8,8,10,7,3,2,3,3,1,High
6,4,4,7.5,1,1,1,2,1,5,3,9,4,8,9,8,0,Low
5,8,3,7.6,0,9,6,4,5,5,2,6,4,6,4,9,0,Medium
1,3,3,8.4,0,2,5,5,7,6,6,8,4,9,6,4,0,Low
3,6,6,8.3,0,5,2,4,3,0,3,8,2,5,6,7,0,Low
3,7,7,7.9,2,6,8,7,8,4,6,6,3,5,7,5,1,Medium
5,8,5,7.0,1,6,5,8,6,6,7,4,4,6,4,6,0,High
4,6,4,8.0,3,6,6,6,4,6,6,6,4,6,6,6,2,Low
3,8,5,7.0,0,6,5,2,7,1,8,6,0,4,6,4,0,High
3,8,5,7.2,1,10,2,1,2,2,2,9,7,9,7,10,0,Low
3,4,3,7.5,0,5,4,2,8,5,5,6,3,8,5,8,1,Medium
4,3,6,7.5,0,4,7,6,8,2,4,6,3,6,9,6,0,Medium
5,10,6,6.4,1,5,2,4,3,4,5,8,3,7,8,9,0,Low
5,4,8,6.1,0,4,10,6,7,5,7,6,4,4,8,3,0,High
4,7,9,6.3,2,8,3,3,9,4,4,7,2,6,9,10,1,Low
4,6,4,8.0,4,6,6,6,6,6,4,8,4,6,4,6,2,High
8,6,5,7.4,1,7,6,5,3,3,4,8,3,8,5,9,0,Medium
6,6,6,6.1,0,1,2,3,6,2,3,8,6,9,10,7,0,Low
3,5,7,7.4,0,1,4,4,1,2,1,9,5,5,9,5,0,Low
4,6,6,6.0,3,8,4,6,4,7,4,8,4,4,6,6,2,Medium
1,3,5,8.8,0,4,3,2,3,1,1,8,5,9,7,7,0,Low
6,6,4,7.6,1,6,3,6,6,3,5,6,3,8,6,6,0,High
5,9,6,6.7,0,8,6,7,6,1,7,7,4,6,7,7,0,Medium
4,4,7,6.6,0,8,8,7,8,7,8,4,2,4,5,6,0,High
2,4,5,7.1,0,5,4,4,8,5,8,8,0,5,3,6,1,Medium
2,6,5,7.1,0,2,5,5,5,4,3,6,5,6,8,9,0,Low
5,6,6,6.5,1,3,7,5,6,4,7,6,0,6,5,4,0,High
5,7,5,6.9,0,6,3,6,7,0,3,8,4,8,8,10,0,Low
6,9,7,5.3,1,7,6,9,7,2,5,6,5,5,5,7,0,High
2,2,3,7.3,0,2,4,5,4,3,1,8,6,6,5,6,0,Low
6,6,8,6.3,1,7,8,4,7,3,7,7,3,4,5,6,0,High
4,3,5,7.1,0,1,4,4,5,2,6,6,3,5,6,7,0,Medium
5,5,6,7.2,0,1,5,3,4,4,6,7,4,6,8,6,0,Medium
1,8,7,6.2,0,3,7,3,7,0,3,5,5,7,4,8,1,Medium
4,5,8,7.0,3,9,7,5,5,1,5,7,2,8,3,7,1,Medium
3,2,5,9.4,1,7,5,5,8,4,3,8,4,7,8,8,0,Low
6,4,3,7.8,2,2,4,6,7,4,4,7,1,3,4,4,0,Medium
7,9,7,8.1,1,3,6,6,2,0,4,7,3,8,4,3,0,High
3,3,3,8.0,1,5,6,6,7,3,6,7,2,3,4,5,1,Medium
3,5,6,7.4,2,4,6,5,5,4,5,7,3,6,5,5,1,Medium
1,2,6,7.5,1,7,4,3,6,1,3,7,4,5,8,7,0,Low
4,4,7,7.0,0,6,3,5,5,0,6,7,7,7,7,2,0,Low
3,6,8,8.0,0,6,4,4,7,1,5,6,3,7,5,7,0,Medium
8,8,6,7.0,0,5,4,5,8,6,6,4,3,6,5,7,0,High
3,5,4,6.4,1,5,7,6,8,8,8,7,3,2,4,5,1,High
4,8,6,7.0,5,6,6,6,6,5,6,6,4,6,6,6,2,High
6,6,7,6.2,3,6,7,7,6,7,7,6,2,6,6,3,0,High
2,4,4,6.3,1,4,7,8,10,10,8,6,2,3,4,1,1,High
5,5,6,7.5,0,5,5,8,9,1,8,7,2,8,5,5,0,High
3,4,5,8.2,0,1,6,4,7,6,7,6,3,6,6,5,0,Medium
5,8,5,6.5,1,4,9,8,7,5,4,5,1,7,2,4,1,High
4,3,3,7.7,0,3,3,3,7,6,2,9,3,6,8,8,0,Low
5,7,4,7.6,0,2,2,4,5,9,8,8,7,5,5,8,0,Medium
3,3,3,6.7,0,1,2,5,5,3,4,7,3,8,6,7,0,Low
4,8,7,6.4,0,1,4,7,6,4,5,6,3,4,4,6,0,Medium
4,11,6,5.9,4,5,4,7,6,3,4,7,0,4,6,7,0,High
3,2,5,7.7,0,5,9,7,5,4,6,7,4,4,5,6,1,High
4,6,9,8.0,0,4,8,6,6,5,6,7,5,6,4,6,1,High
3,9,5,7.1,1,5,6,9,5,9,6,6,1,4,6,6,1,High
5,5,5,6.7,0,7,8,6,4,4,8,7,5,4,6,5,1,Medium
1,1,3,8.2,0,6,3,1,4,2,2,9,3,10,7,10,0,Low
5,8,10,5.2,5,11,6,6,6,5,6,6,0,1,4,8,1,High
4,6,7,8.3,1,6,5,5,7,3,6,7,2,5,5,7,0,Medium
4,6,8,7.6,0,5,5,3,3,0,1,9,3,10,10,10,0,Low
6,5,6,7.7,0,4,4,6,7,3,5,7,3,6,6,7,0,Medium
2,4,1,6.5,0,4,8,6,10,8,7,7,2,10,9,6,0,Medium
6,4,7,5.7,0,5,7,5,9,6,4,5,1,6,6,7,1,High
3,3,5,7.2,0,4,8,8,5,4,6,6,3,3,6,6,0,Medium
2,8,8,6.5,0,5,2,3,6,4,6,6,5,7,5,7,1,Medium
5,6,7,7.3,0,3,3,3,4,9,7,7,4,5,6,8,0,Medium
4,4,3,7.3,0,1,2,3,6,4,9,8,3,6,7,4,0,Low
2,5,6,8.4,0,3,3,5,6,1,3,8,3,5,7,8,0,Low
4,9,8,5.5,0,8,2,5,6,3,6,6,4,5,6,5,0,Medium
3,3,4,7.0,1,6,7,4,4,5,5,8,2,7,8,6,0,Low
8,8,8,6.1,1,9,5,4,5,4,4,7,4,5,9,5,1,Medium
7,11,9,6.4,0,6,4,3,6,4,3,7,2,5,6,10,0,Medium
8,11,4,6.4,0,5,4,3,6,3,5,7,1,7,6,8,0,Medium
8,6,8,6.7,1,9,6,6,4,0,5,7,4,6,6,6,0,Medium
1,5,7,6.9,1,3,1,7,3,4,5,7,2,8,6,4,0,Medium
4,9,7,7.0,0,6,5,4,6,4,5,7,2,5,6,6,0,Medium
2,6,7,7.6,1,8,6,6,6,5,4,5,1,7,4,5,0,High
3,1,3,8.6,0,4,5,4,3,1,5,9,5,8,9,8,0,Low
4,9,5,7.8,0,6,2,5,4,5,5,9,3,8,8,8,0,Low
5,6,5,5.1,1,8,2,8,5,1,6,7,6,4,7,6,0,Low
4,3,7,6.5,0,5,8,5,6,3,7,6,4,5,5,1,1,High
3,1,4,8.0,0,4,7,7,7,5,6,5,2,6,3,6,0,High
2,7,3,6.6,0,7,6,7,7,7,4,6,5,4,4,3,0,High
1,1,3,8.0,0,1,7,4,5,4,5,9,3,4,10,7,0,Low
5,8,6,6.8,0,7,5,3,8,4,3,7,3,5,5,8,0,Medium
4,4,2,8.0,0,2,5,2,7,5,4,6,0,4,5,8,0,Medium
4,6,6,6.7,1,5,4,4,8,1,9,7,2,5,3,6,0,High
2,5,6,9.0,0,4,7,6,4,1,7,6,0,3,6,6,0,Medium
1,3,3,8.6,0,2,2,3,5,2,4,8,5,8,9,9,0,Low
5,6,4,6.4,0,6,6,3,5,5,2,8,5,7,3,2,0,Medium
3,4,6,6.1,0,5,7,4,8,6,4,6,2,4,4,7,1,Medium
4,6,9,6.9,1,6,6,9,7,3,7,5,6,4,4,2,0,High
1,3,7,7.5,0,4,6,2,8,1,2,7,2,5,7,7,0,Low
1,4,7,9.5,0,4,4,4,4,5,5,7,1,7,7,8,0,Low
1,1,1,9.9,0,2,1,1,2,1,1,9,4,7,10,8,0,Low
1,3,4,9.1,0,3,2,8,6,0,3,9,4,5,7,7,0,Low
5,9,8,6.8,2,5,5,2,5,1,2,6,5,7,5,1,0,Medium
6,7,6,7.6,0,9,4,2,3,3,4,8,5,6,7,5,0,Low
4,2,6,5.3,1,5,7,5,7,2,2,5,2,9,7,5,0,Medium
6,3,7,6.8,0,3,6,5,5,2,5,8,5,5,6,5,0,Low
1,2,6,9.2,0,5,5,4,5,0,3,9,4,9,6,9,0,Low
5,6,5,8.0,0,6,4,7,3,5,6,6,7,7,8,9,0,Low
3,5,4,6.9,1,7,4,3,5,2,5,8,5,5,9,9,0,Low
3,6,7,5.5,2,7,5,6,7,7,6,9,0,5,6,7,0,Medium
4,8,2,8.0,1,5,5,3,5,1,3,7,3,6,9,9,0,Low
4,5,2,8.0,0,6,4,4,7,3,5,9,2,7,7,4,1,Low
3,8,5,7.8,0,5,6,6,5,4,5,8,7,6,7,9,0,Low
6,7,6,7.0,0,3,4,6,7,3,4,5,1,7,5,7,0,High
1,6,2,6.3,0,6,6,8,6,1,5,6,0,8,7,7,0,Low
3,6,6,6.9,1,2,7,5,7,3,8,7,5,9,3,8,0,Medium
5,2,6,8.0,0,1,1,5,2,0,4,8,0,6,8,9,0,Low
5,4,4,7.4,0,6,1,1,1,1,5,8,4,6,9,9,0,Low
6,8,7,5.3,0,7,5,4,8,2,5,6,5,5,9,6,1,Medium
5,4,6,7.9,0,6,5,6,5,4,4,8,2,8,7,5,0,Medium
3,5,7,7.8,0,8,4,5,2,2,4,7,6,8,9,5,0,Low
3,3,1,7.3,0,3,5,8,6,1,3,7,3,6,5,1,1,Medium
5,3,3,7.5,2,4,3,6,5,2,7,7,2,7,7,6,0,Medium
3,3,4,7.3,0,6,4,2,6,0,5,8,4,6,8,9,0,Low
8,7,6,6.1,1,6,3,6,7,7,3,8,6,6,3,9,0,Medium
2,2,5,8.6,0,3,6,7,5,4,7,8,3,6,7,5,0,Low
1,4,7,7.6,1,5,5,4,8,5,7,9,4,6,6,6,0,Low
4,6,4,8.0,4,6,4,6,6,5,6,6,4,6,6,6,4,High
2,5,4,8.8,0,4,6,6,1,6,5,7,2,9,8,8,0,Low
5,6,7,7.3,1,4,6,5,6,1,6,8,0,4,5,4,0,High
5,5,5,9.2,0,3,4,7,6,3,6,6,3,5,5,5,0,Medium
3,3,7,8.5,0,4,4,5,3,5,5,8,5,8,6,5,0,Low
8,7,9,6.2,1,10,6,1,7,2,4,6,4,8,7,8,0,Medium
5,7,7,7.8,0,5,1,3,2,0,2,6,2,6,5,5,0,Low
4,9,7,5.3,1,7,7,4,5,2,6,7,4,3,8,8,1,Medium
3,5,6,7.9,0,2,4,5,6,6,7,9,5,5,9,9,0,Low
3,6,3,9.7,0,9,2,4,5,5,1,8,6,8,6,6,0,Low
3,8,8,10.0,0,3,4,2,6,3,4,8,5,7,6,6,1,Medium
2,2,4,8.2,0,2,6,4,4,3,3,7,4,7,9,6,1,Low
5,9,8,7.1,0,5,2,7,7,6,7,7,2,6,4,9,2,Medium
2,5,5,7.7,0,3,7,6,7,5,6,6,2,5,7,8,1,Medium
1,6,5,9.6,0,5,6,6,4,3,4,8,5,8,6,9,0,Low
5,8,7,6.4,0,3,4,3,4,2,4,6,2,7,8,8,0,Medium
6,8,6,7.0,3,6,6,6,6,6,4,6,4,6,6,4,2,Low
4,5,5,6.9,0,7,5,1,9,4,3,5,5,7,8,8,0,Low
1,3,5,6.4,0,4,7,7,9,4,3,5,3,5,6,9,1,Medium
4,5,9,6.1,1,3,5,6,2,7,8,5,5,6,5,6,0,High
4,6,2,7.1,1,3,4,4,8,2,5,8,5,6,5,3,0,Medium
5,11,6,6.9,1,6,6,6,6,3,8,8,1,2,5,4,0,High
3,5,7,6.5,0,3,4,4,8,0,2,7,7,8,7,9,0,Low
3,8,4,7.5,0,4,8,5,3,1,4,7,5,8,6,7,0,Low
4,9,8,7.5,0,7,5,5,5,2,5,5,4,2,7,8,0,Medium
3,3,3,8.6,0,4,7,8,7,8,6,7,1,7,8,3,0,Medium
5,7,6,7.1,1,6,4,6,6,3,9,7,3,7,4,8,0,Medium
5,5,5,8.5,1,6,4,1,5,2,4,7,2,5,7,4,0,Low
5,7,8,7.3,1,5,1,1,6,2,4,9,1,6,10,10,0,Low
4,8,4,8.1,0,6,1,4,6,5,3,8,7,8,8,7,0,Low
1,5,2,5.9,0,5,7,7,4,3,3,8,2,6,4,4,0,Medium
2,5,2,7.8,1,6,5,7,9,1,4,7,2,7,7,7,1,Low
4,6,7,7.7,0,7,4,2,3,1,4,7,3,8,8,6,0,Low
3,2,3,7.8,0,7,4,7,5,0,6,6,6,7,2,8,1,Medium
4,9,8,5.5,1,6,5,7,10,5,2,6,4,4,6,6,0,High
4,3,6,6.7,2,2,4,7,8,6,5,5,3,5,6,6,0,Medium
8,8,7,6.5,1,8,5,2,5,3,6,6,4,6,7,6,0,Medium
4,8,7,6.3,0,5,7,5,8,3,5,4,3,4,4,6,0,High
4,4,5,7.7,1,4,4,5,7,8,7,6,3,7,4,5,0,High
2,4,5,7.4,0,6,4,4,7,1,5,5,3,8,7,9,0,Low
6,10,5,6.8,0,6,6,2,9,3,7,6,5,4,3,9,0,High
6,8,4,6.0,5,6,6,4,6,7,6,6,4,4,4,4,2,Medium
6,4,6,7.1,2,6,9,7,7,8,7,6,0,2,2,6,5,High
6,8,7,7.8,1,9,3,6,5,4,6,7,4,5,7,5,0,Medium
4,4,4,6.9,1,6,7,6,5,4,6,7,3,3,7,5,0,Medium
4,2,5,9.3,0,5,7,6,7,5,6,7,2,6,6,7,0,Low
8,10,8,5.1,4,4,8,6,6,12,7,5,5,9,3,2,2,High
6,6,10,7.2,3,10,9,6,7,3,6,5,1,6,6,7,1,High
1,6,5,7.1,0,4,3,3,6,1,1,8,4,10,7,9,0,Low
5,5,5,7.2,2,3,8,8,5,5,9,7,2,7,3,5,0,High
2,5,4,8.3,0,4,5,4,5,4,2,8,3,5,9,7,0,Low
5,6,3,6.5,0,7,7,4,5,8,8,6,2,7,8,5,0,High
4,1,5,7.6,0,8,3,5,4,2,2,10,4,9,5,9,0,Low
3,8,10,8.2,2,5,5,7,6,5,4,5,5,7,5,5,0,Medium
5,6,7,6.5,3,6,6,5,7,0,5,5,3,5,8,9,0,Medium
3,6,6,8.1,1,4,7,8,8,4,6,9,4,6,6,8,0,Medium
6,8,5,7.2,1,8,7,8,4,3,5,7,2,9,6,4,0,Medium
5,7,6,6.5,0,6,8,9,9,8,8,5,3,2,1,2,3,High
5,3,6,5.6,0,5,5,6,10,5,7,6,3,6,2,4,1,High
6,6,6,7.3,0,8,5,6,8,1,4,6,3,8,5,5,0,Medium
6,8,8,6.6,2,4,5,5,6,4,6,4,4,3,8,5,0,High
6,5,7,8.2,1,6,6,4,6,0,3,7,3,5,5,5,0,Medium
8,10,8,6.7,0,6,8,5,4,3,7,5,2,4,5,9,1,High
6,7,6,7.1,1,6,6,5,5,3,2,6,4,8,7,9,0,Low
6,6,9,7.1,0,6,1,6,3,0,5,6,4,6,6,5,0,Medium
6,6,7,5.8,2,6,5,8,9,4,6,5,3,4,5,2,0,High
3,5,3,9.4,0,3,4,6,5,6,4,7,1,7,5,6,1,Medium
6,9,10,6.0,3,12,4,6,6,1,8,6,1,7,5,4,0,High
7,7,4,7.1,1,9,3,3,3,0,5,8,1,7,8,10,1,Low
3,7,3,8.3,0,6,8,6,4,5,7,7,0,8,4,6,0,High
5,3,4,7.2,1,3,9,5,9,7,9,3,2,4,5,3,0,High
5,3,7,6.6,1,4,4,7,8,4,6,5,2,6,8,5,0,Medium
2,4,8,7.2,0,4,6,7,9,5,7,5,1,3,5,3,1,High
4,6,4,8.0,2,6,2,7,2,5,5,9,7,7,9,7,0,Low
4,6,9,6.7,2,3,5,5,9,4,6,5,5,5,5,9,1,High
4,1,4,8.7,0,5,5,6,5,0,4,6,1,6,7,6,0,Low
3,5,4,6.9,0,6,6,4,7,3,6,8,2,9,5,7,2,Medium
3,7,5,7.0,1,1,5,9,2,4,6,6,1,4,5,4,0,High
5,5,8,8.2,1,3,5,8,7,3,6,9,3,5,5,5,0,Medium
5,6,5,8.3,0,7,6,5,5,0,5,6,2,5,6,10,0,Low
4,1,1,6.7,0,4,1,4,4,2,2,8,3,6,4,6,0,Low
4,5,8,7.9,0,3,4,3,5,3,3,7,5,5,9,8,1,Low
4,6,4,6.0,4,6,6,6,6,5,6,6,4,6,4,6,4,High
6,9,9,7.2,2,5,7,6,5,6,6,4,0,5,5,6,2,High
3,6,8,6.8,1,4,7,7,5,5,9,5,2,6,5,4,0,High
2,4,4,9.6,0,2,3,2,4,0,1,9,5,9,10,6,0,Low
4,3,8,5.8,1,5,6,7,10,7,9,6,2,3,4,5,1,High
3,7,7,7.0,0,7,5,6,9,2,4,6,0,6,2,5,1,High
4,4,6,7.7,0,5,2,1,5,1,1,9,6,7,7,10,0,Low
3,7,5,9.9,1,6,8,6,5,2,4,8,2,7,6,6,0,Low
4,8,6,7.7,0,5,6,6,10,5,7,7,0,1,1,6,0,High
6,7,8,7.2,0,8,6,7,8,7,6,6,3,4,6,4,0,High
5,5,4,9.3,0,4,5,2,6,0,5,8,5,6,8,10,0,Low
1,3,5,8.1,0,6,5,4,4,5,5,8,3,6,6,7,0,Low
3,7,5,8.0,0,6,2,2,5,1,4,7,7,6,10,10,0,Low
5,6,9,6.2,4,7,6,5,4,1,2,6,2,10,4,8,0,High
2,1,6,7.8,0,4,5,6,10,5,5,6,0,7,3,6,0,Medium
3,6,9,5.1,0,4,3,7,5,2,5,7,2,8,4,7,0,Medium
3,1,7,7.6,0,4,3,6,4,3,3,6,0,9,6,5,0,Low
5,6,6,7.1,0,6,9,5,6,4,7,7,1,6,4,4,0,High
6,6,4,8.0,5,8,6,6,6,5,6,8,2,6,6,6,2,High
4,10,10,5.0,1,5,7,6,8,4,8,7,1,5,5,6,2,High
6,5,5,6.8,1,3,4,8,7,4,8,5,3,4,7,7,0,High
7,8,10,5.0,2,7,9,6,7,4,5,6,2,5,3,4,1,High
3,7,5,8.5,3,6,5,7,8,7,5,6,3,7,4,9,0,High
5,3,7,7.2,0,7,5,7,4,3,5,7,3,5,7,6,0,Low
4,6,5,5.9,0,4,5,3,7,2,7,8,1,5,6,7,0,Medium
2,3,3,8.1,0,2,9,8,6,2,3,9,4,8,7,10,0,Low
4,5,3,8.4,0,3,4,2,4,1,1,7,3,6,6,7,0,Low
6,9,9,6.8,0,8,4,3,5,1,3,6,4,6,8,9,0,Low
5,6,4,6.5,1,8,1,4,6,2,3,8,4,6,7,4,0,Low
4,8,6,7.0,4,6,6,6,6,7,6,8,2,6,4,4,2,Medium
4,5,8,6.7,1,5,6,6,10,3,7,3,1,6,4,6,1,High
1,5,8,7.1,0,5,4,3,8,4,3,7,3,5,3,5,1,Low
6,6,6,5.4,0,6,5,7,5,5,7,5,1,2,4,5,0,High
6,8,10,5.8,1,9,9,6,6,8,4,5,5,7,5,6,0,High
6,6,4,8.0,4,6,6,4,4,7,6,6,2,6,6,6,2,High
6,6,7,7.4,0,7,3,7,8,5,7,4,1,6,4,2,1,High
4,7,7,8.2,2,6,4,8,6,7,4,8,7,6,8,10,0,Low
6,7,6,5.9,1,5,5,4,8,6,5,4,3,5,6,3,0,High
4,3,6,6.8,0,4,6,8,7,4,6,6,2,6,5,4,0,Medium
2,3,1,8.2,1,3,3,4,3,1,5,9,6,7,8,5,0,Low
3,2,2,7.8,0,3,3,3,5,6,4,6,3,6,3,4,0,Low
7,3,8,6.8,1,5,7,8,9,4,5,4,2,5,2,4,0,High
3,4,6,7.9,0,6,5,5,7,1,2,7,1,7,6,8,0,Medium
2,3,4,8.2,0,4,4,7,7,2,6,8,0,1,4,5,1,Medium
3,7,9,8.3,0,4,3,6,5,3,5,6,5,5,7,6,0,Medium
4,5,7,7.9,0,5,4,4,7,2,4,8,4,8,7,8,0,Low
2,5,5,6.6,0,2,5,5,5,4,2,10,2,4,3,4,0,Medium
3,3,2,6.8,0,6,3,2,7,3,4,7,4,8,10,5,0,Low
3,4,5,9.0,0,4,5,6,4,1,4,5,4,8,10,5,0,Low
4,8,4,7.6,1,2,3,5,5,3,4,7,3,5,6,8,0,Low
4,4,7,6.9,1,7,6,6,6,4,6,5,1,6,3,5,0,High
1,1,2,8.7,0,4,6,7,6,1,5,8,4,4,9,5,1,Low
2,1,2,8.2,1,1,5,5,7,2,4,8,3,5,8,6,0,Low
1,5,2,7.7,0,6,3,6,4,1,6,7,2,7,3,8,0,Medium
5,5,6,6.9,1,6,4,5,7,3,3,7,0,5,3,4,0,Medium
7,8,3,7.7,1,9,5,5,8,4,2,8,1,5,4,7,0,Medium
3,5,4,7.4,0,4,2,2,5,2,4,7,1,8,8,8,0,Low
4,2,5,7.0,0,4,6,5,3,6,4,8,5,7,8,5,0,Low
4,4,4,6.1,0,4,5,4,5,4,3,6,2,7,4,3,0,High
5,4,2,8.0,0,5,2,2,3,2,4,9,3,5,10,10,0,Low
6,6,4,6.0,5,8,4,6,6,7,6,8,4,4,4,6,2,Medium
1,10,5,6.5,0,6,6,4,6,7,10,6,3,2,5,5,1,High
4,7,6,6.1,2,4,8,8,9,3,6,7,4,5,5,3,0,High
8,8,6,6.8,1,8,3,4,5,3,4,7,3,10,10,10,0,Low
4,5,4,7.5,1,4,1,1,4,5,2,8,4,8,9,6,0,Low
4,7,6,8.3,1,2,3,4,7,7,1,6,3,7,6,5,0,Medium
6,6,7,7.2,2,7,7,7,9,7,10,4,4,3,5,6,2,High
6,8,9,6.0,0,3,3,6,3,4,6,6,0,9,5,7,0,High
4,8,6,8.0,4,8,6,6,4,6,6,6,2,6,4,4,4,High
7,7,7,6.5,0,5,5,9,7,7,4,5,7,2,3,4,0,High
4,5,5,6.1,1,5,5,9,8,2,7,8,5,4,6,3,0,Medium
4,4,4,8.1,0,5,3,4,4,4,4,8,2,8,10,9,0,Low
6,9,6,7.4,0,5,8,5,3,5,8,6,7,5,5,5,2,Medium
5,7,8,6.4,1,8,4,5,5,1,5,5,4,8,7,10,0,Medium
5,8,8,5.9,0,6,6,4,5,2,6,8,2,3,4,3,0,High
5,7,5,5.7,0,10,5,6,7,0,4,7,6,7,10,7,0,Low
5,7,6,6.3,0,5,3,5,4,5,5,6,1,5,6,7,0,Medium
3,1,4,8.0,2,2,6,3,6,7,7,6,2,6,3,5,0,Medium
2,7,4,6.4,0,2,6,4,7,2,4,7,3,5,7,5,0,Medium
6,7,7,7.7,1,7,7,6,7,2,4,6,3,6,6,6,0,Medium
6,7,7,6.2,0,4,3,2,5,5,4,5,4,9,9,10,0,Low
3,3,6,8.1,1,2,2,3,2,3,5,8,4,4,7,6,0,Low
4,4,10,6.6,1,2,7,6,5,8,7,5,1,8,2,2,1,High
6,8,8,4.8,4,8,6,8,6,3,6,6,3,10,7,6,2,High
3,6,6,7.9,0,7,4,7,3,4,6,6,4,6,8,7,0,Medium
6,8,10,5.7,5,5,5,6,6,7,7,6,3,8,4,4,0,High
3,7,5,6.8,0,6,4,1,4,1,3,6,3,8,10,8,1,Low
7,7,4,5.7,0,1,1,2,3,2,2,7,3,8,8,9,0,Low
5,8,8,8.1,0,3,7,10,4,4,6,7,0,4,4,4,0,High
3,6,7,7.5,0,7,5,3,2,3,2,9,7,6,10,5,0,Low
8,7,8,7.1,2,6,5,2,7,7,5,7,3,4,6,7,0,High
2,1,6,8.4,0,6,5,9,4,2,6,8,5,6,8,6,0,Low
4,9,6,8.4,3,1,7,2,6,8,7,7,1,4,8,7,2,Medium
6,8,7,6.2,1,5,6,6,6,4,5,5,2,4,3,6,1,High
4,8,4,8.0,4,6,6,6,4,6,4,6,2,4,6,6,2,Medium
3,7,4,8.5,0,5,7,8,6,5,3,8,4,9,7,8,0,Medium
6,6,6,6.0,4,6,6,4,4,7,6,8,4,6,4,6,4,High
6,5,8,6.3,1,6,3,4,7,3,6,6,6,10,5,8,0,Medium
4,3,4,8.6,0,2,3,5,6,1,1,8,5,5,7,4,0,Low
4,6,8,7.5,1,4,6,4,5,7,4,6,3,4,6,6,0,Medium
3,2,5,7.9,1,8,8,7,6,3,6,7,2,2,4,5,0,Medium
5,4,7,6.3,0,2,8,8,8,8,8,8,1,1,1,4,0,High
5,7,6,7.7,0,3,2,6,7,3,6,5,1,7,6,8,0,Medium
4,3,8,7.8,0,6,1,2,2,1,3,6,0,6,9,9,0,Low
3,4,6,8.5,1,2,8,4,8,4,8,7,4,5,6,2,0,Medium
6,7,5,8.1,0,8,7,5,10,5,9,6,2,5,6,5,0,High
3,5,4,8.1,0,9,7,7,7,1,7,8,4,3,6,6,0,Low
4,6,6,6.7,1,5,4,7,9,3,6,6,3,2,5,4,0,High
1,1,2,8.7,0,4,5,6,7,6,5,9,3,2,9,7,0,Low
4,8,6,6.0,5,6,6,6,6,7,6,6,4,4,6,6,2,Low
1,1,3,9.0,0,5,2,2,4,2,2,8,2,7,8,8,0,Low
4,6,4,8.0,0,1,1,3,4,0,4,8,3,6,7,10,0,Low
1,2,3,8.6,0,1,6,5,5,4,5,8,1,2,5,8,1,Low
5,8,6,6.8,0,5,6,6,8,5,4,6,1,7,7,8,0,Medium
5,8,8,7.5,0,8,5,7,5,4,5,6,2,7,5,7,0,Medium
5,7,7,5.7,0,4,5,2,8,4,4,9,5,5,7,8,0,Medium
3,1,6,8.0,0,2,7,6,7,4,5,6,4,3,6,5,0,Medium
7,7,8,6.0,0,2,5,10,9,4,6,5,0,5,3,8,0,High
2,3,8,7.3,0,3,8,6,4,3,2,8,4,3,4,7,0,Low
3,2,3,8.2,0,2,7,5,7,3,5,9,3,4,6,5,1,Low
2,4,7,6.3,0,4,6,3,6,3,6,6,4,8,6,6,0,Low
4,9,8,7.6,2,7,7,8,7,5,7,5,2,3,1,3,0,High
4,4,5,6.3,1,6,5,2,4,4,2,7,1,7,7,9,0,Medium
5,2,8,6.8,1,5,6,5,4,2,3,7,3,4,4,6,0,Medium
4,8,5,6.4,0,5,4,3,5,0,3,5,6,8,7,5,0,Low
1,1,1,8.8,1,4,7,5,5,4,3,7,2,6,5,8,1,Low
3,6,4,8.5,0,4,2,4,4,5,3,6,2,7,6,6,1,Low
3,4,2,7.6,0,3,6,6,8,3,6,6,0,4,7,1,0,Medium
4,6,5,7.7,2,6,8,5,10,7,10,5,1,2,2,6,0,High
6,6,4,6.6,2,4,5,5,4,2,9,5,0,5,4,4,0,High
3,8,5,8.0,1,4,6,5,5,2,6,7,2,5,6,5,1,Low
5,8,4,6.1,2,7,6,7,10,5,9,7,1,2,1,4,1,High
3,7,7,7.6,0,7,4,4,4,2,1,6,5,5,4,7,0,Low
5,5,3,8.1,0,5,6,5,6,4,9,7,0,4,8,6,0,Medium
5,3,4,6.6,1,7,1,5,5,2,3,8,4,9,8,9,0,Low
6,7,6,8.5,0,2,6,8,8,4,5,5,2,5,7,6,0,High
4,9,8,6.6,2,5,5,4,10,5,10,4,2,3,3,4,0,High
4,6,6,8.0,5,8,4,6,6,5,6,6,4,6,4,4,4,High
4,4,6,7.6,0,4,4,6,5,4,5,6,5,6,5,8,0,Low
6,7,6,6.8,0,6,7,8,6,6,6,4,3,6,4,7,0,High
5,9,6,6.1,0,7,5,1,6,5,6,7,3,1,5,7,0,High
4,6,6,6.0,4,8,6,6,4,7,6,6,4,6,4,6,2,High
7,9,8,7.1,1,7,3,6,4,0,4,8,4,4,7,10,0,Low
4,4,6,6.8,1,3,7,6,5,6,9,7,3,3,3,5,0,High
6,4,6,7.7,0,7,8,10,5,7,6,6,1,6,5,6,1,High
3,3,5,6.9,0,1,3,1,10,6,5,7,2,6,10,6,0,Low
7,8,8,7.8,1,6,6,6,4,0,6,5,3,4,7,6,1,High
1,1,5,8.3,0,5,2,5,8,4,2,7,5,7,6,8,0,Low
1,5,8,7.9,1,7,7,5,4,2,3,7,3,7,5,9,0,Low
3,5,4,8.2,0,4,5,5,6,4,4,7,4,5,5,7,0,Low
2,6,4,6.5,0,5,1,1,8,0,5,8,4,9,7,4,0,Low
5,7,5,6.7,0,2,6,5,8,4,7,7,2,5,6,5,0,Medium
3,8,7,8.3,0,4,4,7,4,2,6,6,3,4,3,5,0,Medium
1,1,1,9.1,0,3,3,1,5,2,4,9,2,9,9,6,0,Low
4,4,6,7.1,0,8,6,7,6,5,4,6,4,5,7,4,0,Medium
5,3,7,7.0,1,4,7,5,8,4,3,8,3,4,6,6,0,Medium
5,9,6,7.8,2,5,7,6,6,8,6,7,2,7,3,8,1,High
6,10,7,6.7,0,6,4,6,5,2,4,5,4,7,8,8,0,Medium
4,8,8,6.7,0,2,5,10,8,1,5,8,5,3,5,5,0,Medium
6,8,8,8.5,0,8,8,9,10,7,6,5,0,2,5,2,0,High
4,1,1,6.8,0,2,9,3,7,0,6,7,1,7,8,3,0,Medium
5,8,6,6.0,2,6,7,10,7,6,5,5,3,3,1,4,2,High
1,5,4,6.9,1,5,7,1,1,4,4,7,4,6,6,4,0,Low
4,8,6,8.0,3,6,6,6,6,5,6,6,4,4,6,4,2,Low
4,8,6,6.1,0,5,8,7,4,3,7,7,2,5,4,6,2,High
6,10,7,5.9,2,6,5,5,6,2,7,6,3,6,3,6,0,High
4,5,8,7.7,1,6,5,6,8,6,8,5,5,2,8,5,0,High
8,7,6,4.6,0,8,6,6,10,4,9,6,1,3,5,8,0,High
3,5,4,8.9,0,7,3,6,8,2,7,9,6,9,4,6,0,Low
4,6,4,8.0,3,6,4,4,4,6,6,6,2,4,6,4,4,Medium
3,7,5,8.1,0,1,7,5,6,2,4,7,2,7,8,6,0,Medium
6,2,5,7.8,0,2,1,7,6,1,7,7,3,10,8,8,0,Low
5,7,2,7.5,2,2,4,6,3,3,9,9,5,8,9,8,0,Low
6,8,7,7.6,3,4,5,6,6,5,5,5,4,5,1,6,0,High
3,6,6,5.7,0,3,7,6,5,6,4,7,3,4,7,3,0,Medium
2,2,5,8.8,0,4,6,7,9,3,4,9,6,9,8,6,0,Low
4,3,7,6.9,0,7,3,1,5,0,3,5,5,10,7,10,0,Low
7,8,9,6.4,1,8,6,5,5,7,4,4,2,5,5,2,0,High
3,3,5,7.1,1,3,2,4,5,5,3,9,3,9,7,5,1,Low
1,4,5,9.0,0,2,7,5,6,3,5,5,1,7,9,8,0,Low
6,6,6,6.0,5,8,4,6,6,6,6,6,4,4,6,6,4,Medium
2,5,5,6.7,0,6,1,2,4,4,4,8,3,9,8,10,0,Low
4,3,9,6.7,1,5,8,5,9,4,10,5,3,5,2,2,2,High
6,7,5,8.3,0,6,3,2,8,1,2,6,4,8,4,6,0,Medium
2,1,4,7.4,0,4,6,5,9,6,10,5,2,1,1,4,0,High
4,9,5,7.8,1,8,3,4,6,2,8,7,5,7,5,5,0,Medium
6,5,6,7.5,0,5,4,3,7,6,4,6,0,4,4,2,1,Medium
6,3,4,6.1,2,7,5,4,6,2,3,6,1,5,6,9,0,Medium
4,5,5,7.4,0,2,9,4,9,6,5,5,4,5,6,5,0,High
4,2,5,7.2,0,3,4,6,6,3,4,8,3,4,4,4,2,Medium
2,2,4,7.4,0,3,7,9,3,4,7,7,0,7,7,6,0,Low
4,5,5,6.9,0,6,7,3,7,3,6,8,3,4,8,6,0,Medium
1,2,4,7.5,0,2,6,6,7,1,5,8,1,3,5,8,0,Low
1,2,5,7.3,0,4,10,10,7,8,8,6,1,4,3,3,0,High
4,4,7,7.1,0,5,5,6,9,5,4,7,4,9,8,7,0,Low
3,8,5,6.4,0,4,8,6,5,3,6,7,3,5,8,6,0,Medium
4,6,6,6.0,3,6,6,6,6,5,4,6,2,4,6,6,2,Medium
6,6,4,7.1,1,5,7,7,4,4,2,6,1,5,5,4,0,High
6,6,5,6.5,1,5,7,6,6,2,4,7,5,10,5,4,1,Medium
5,5,9,7.2,1,5,4,6,5,4,6,7,4,7,4,7,0,Medium
6,7,5,6.7,1,4,1,3,6,3,5,5,2,5,6,7,0,Medium
1,1,1,9.4,0,2,1,5,6,0,3,8,4,7,7,8,0,Low
3,5,3,6.9,0,4,4,9,5,6,7,7,2,5,4,7,0,Medium
2,7,4,8.3,0,4,4,3,4,2,3,7,3,10,9,8,0,Low
5,5,4,9.0,0,5,2,3,4,5,6,8,5,5,8,10,0,Low
3,4,7,6.4,1,8,5,5,10,4,3,7,6,4,6,7,1,Medium
7,9,7,7.1,1,5,5,3,7,3,7,9,1,7,3,6,0,Medium
5,5,5,8.2,1,2,5,4,7,4,6,6,3,8,7,4,1,High
5,11,6,5.6,1,9,6,6,7,4,6,4,4,5,6,5,1,High
5,8,5,6.8,0,8,1,3,1,1,4,8,5,7,10,10,0,Low
6,8,2,8.5,0,7,5,4,6,2,2,9,6,7,8,9,1,Low
6,8,6,7.0,3,8,6,6,4,6,6,6,4,6,4,4,4,High
4,8,6,8.0,3,6,6,4,6,6,6,6,2,4,6,6,2,Low
3,4,5,6.4,1,3,6,4,10,6,5,6,3,6,7,6,0,Medium
2,2,4,8.8,0,6,2,5,5,4,3,7,1,6,7,10,0,Low
4,7,7,6.6,1,8,2,6,4,1,7,6,1,7,4,9,0,Medium
5,6,5,7.2,1,3,6,3,6,4,6,7,5,8,6,7,0,Low
6,6,9,6.1,1,1,9,6,5,6,3,6,2,4,7,4,0,High
4,10,6,7.5,0,6,5,4,3,4,6,7,2,6,7,4,1,High
4,5,5,6.8,0,3,7,6,5,0,6,10,5,6,7,6,0,Low
6,11,7,5.5,1,6,3,4,5,0,4,7,4,5,7,10,0,Low
4,4,7,5.9,1,5,5,6,3,4,8,7,4,5,8,6,1,Medium
2,5,1,9.0,0,4,6,4,4,5,1,6,4,6,6,8,0,Low
5,6,7,8.0,0,3,4,5,5,3,2,6,1,5,5,6,1,Medium
6,8,7,7.4,0,5,10,8,8,8,10,6,3,6,3,3,0,High
4,9,10,5.5,0,5,6,8,8,4,5,6,1,5,5,4,1,High
3,4,5,7.3,0,1,5,6,7,7,6,6,4,6,4,8,0,Medium
3,5,4,9.4,0,6,4,5,6,3,3,10,4,7,7,8,0,Low
6,6,4,7.0,4,6,6,6,6,5,4,6,2,6,6,4,2,Low
3,4,6,7.6,0,2,5,1,5,0,4,9,5,7,8,5,0,Low
8,9,6,6.4,2,5,7,6,5,3,6,5,1,7,5,6,0,High
2,6,3,7.7,1,6,4,2,2,3,2,7,2,9,6,9,1,Low
5,4,4,7.4,0,6,3,3,7,1,4,9,4,8,10,6,1,Low
3,3,5,7.0,0,6,5,3,3,2,5,9,4,6,8,6,0,Low
5,8,9,6.7,0,7,5,3,5,6,3,7,4,8,7,10,0,Low
1,4,1,8.2,0,2,3,3,4,1,3,7,3,6,7,9,0,Low
1,4,3,7.4,0,1,6,6,4,4,5,7,1,6,8,7,0,Low
1,5,3,7.3,0,4,4,5,7,2,5,9,3,5,8,9,0,Low
5,6,8,9.0,0,6,4,4,4,3,5,9,2,8,7,7,0,Low
4,6,10,6.7,0,6,5,6,4,4,6,7,3,9,6,7,0,Medium
3,6,6,7.1,0,6,5,10,5,0,6,6,3,4,4,8,0,Medium
6,5,6,7.4,0,3,3,6,6,3,6,8,4,9,6,6,1,Low
3,4,6,7.4,0,4,5,6,6,3,3,6,4,7,9,6,0,Low
5,8,5,7.1,0,4,6,6,5,5,6,6,4,4,7,9,0,Medium
5,5,6,7.2,0,6,4,6,4,3,5,7,3,7,7,5,1,Medium
4,3,3,8.6,0,3,7,2,6,3,8,7,3,9,8,10,0,Low
1,3,4,8.3,0,7,6,1,5,5,5,8,3,8,2,6,2,Low
3,7,7,7.2,0,4,6,2,10,3,4,7,3,7,6,6,2,Medium
6,10,7,6.2,1,8,5,4,5,7,4,6,4,6,7,8,0,Medium
6,6,7,8.1,0,4,5,7,7,2,4,6,6,4,4,8,0,Medium
4,6,4,8.0,4,6,6,4,4,6,6,6,4,6,6,6,4,Low
5,5,4,6.0,2,9,4,3,5,0,2,6,6,7,8,7,0,Low
4,8,2,8.1,1,4,6,7,8,4,7,5,1,5,6,6,0,High
7,10,9,5.8,2,7,3,6,7,5,6,5,1,5,4,5,1,High
7,10,9,7.1,1,9,4,3,7,2,7,6,1,4,6,5,0,High
3,2,6,5.1,1,6,6,6,7,2,6,8,3,7,6,6,0,Low
2,3,4,7.7,0,2,5,6,3,3,6,7,3,5,9,8,0,Low
6,6,6,8.0,3,8,6,4,4,7,6,6,4,6,4,6,2,High
6,8,8,6.7,0,4,5,6,6,5,8,5,5,5,5,2,1,High
4,4,5,7.6,0,5,5,9,6,8,4,4,2,5,3,4,1,High
5,7,8,6.1,3,5,7,4,10,4,3,8,4,4,4,6,1,High
4,8,7,6.7,4,6,7,10,5,4,7,5,2,5,1,7,1,High
8,7,8,6.6,2,3,6,4,6,0,5,6,5,5,5,5,1,High
4,3,5,7.6,0,2,6,7,6,1,4,7,4,4,6,7,1,Low
6,7,5,8.7,1,4,4,6,6,3,6,8,3,5,6,8,1,Medium
3,6,3,8.8,2,4,5,8,4,1,3,7,4,4,7,5,2,Medium
5,8,9,7.9,1,3,5,6,6,2,4,6,5,4,10,10,0,Low
4,8,6,7.0,4,6,6,6,6,5,4,6,2,4,6,6,2,Medium
3,7,8,5.3,0,7,10,8,9,6,10,4,1,1,1,1,0,High
5,8,6,7.1,1,6,5,8,6,3,4,7,4,7,7,6,0,Medium
4,2,5,6.2,2,1,6,5,6,7,7,6,3,10,4,5,2,Medium
3,7,5,6.9,0,3,5,6,5,3,7,8,2,5,7,7,0,Low
3,11,7,6.4,0,8,4,3,8,3,7,8,3,7,6,8,0,Low
5,9,7,5.9,3,7,7,6,8,4,10,7,3,4,2,3,0,High
4,6,5,6.9,0,5,6,3,6,3,6,7,4,7,5,8,0,Medium
7,6,5,7.2,1,7,7,6,6,2,5,9,2,4,6,7,0,Medium
3,5,8,7.6,0,4,4,5,5,5,2,7,6,8,7,6,0,Low
5,4,6,6.7,1,5,1,6,6,4,3,8,2,7,7,8,1,Low
2,2,2,10.0,0,4,2,1,3,4,4,10,5,10,10,10,1,Low
2,4,5,6.6,1,4,6,7,10,5,3,7,2,2,7,5,2,Medium
6,6,5,7.5,2,4,7,8,9,9,10,6,1,2,3,4,5,High
1,5,3,6.7,0,3,3,1,10,1,4,7,1,7,8,5,0,Low
7,8,6,7.1,0,4,2,4,8,2,2,7,2,9,7,10,0,Low
5,4,5,5.8,2,6,7,8,6,3,7,6,1,5,6,6,2,High
4,8,4,7.1,0,2,5,7,6,2,5,9,5,9,6,9,1,Medium
3,1,7,9.3,0,1,6,6,8,5,6,6,2,5,5,4,2,High
2,1,3,8.0,0,4,4,6,7,1,3,8,1,6,9,8,0,Low
4,6,4,6.7,0,6,3,5,6,0,2,7,5,4,8,8,0,Low
8,10,7,6.8,2,6,6,4,8,5,1,7,3,7,8,8,0,Medium
5,2,6,7.1,1,1,7,4,4,1,8,6,4,8,3,8,0,High
6,6,5,7.1,1,6,6,5,5,6,4,6,3,5,6,6,0,Medium
1,2,3,7.0,0,3,5,4,5,1,3,7,1,6,7,9,0,Low
5,7,5,6.7,0,6,3,5,5,4,6,6,6,4,8,8,0,Medium
5,9,6,6.6,0,5,3,3,2,3,2,7,4,8,7,6,0,Low
4,3,5,8.0,1,2,7,6,8,2,4,7,4,5,5,9,0,Low
3,6,2,8.2,0,2,1,1,2,2,5,7,4,9,10,8,0,Low
6,10,6,5.9,2,6,4,7,4,3,6,6,4,6,7,7,0,Medium
4,8,6,8.0,5,6,4,4,6,5,4,6,4,6,6,6,2,High
5,4,6,6.7,2,4,9,5,8,6,5,4,1,6,4,4,0,High
5,3,5,7.9,0,3,5,5,6,6,6,5,5,6,4,7,0,Medium
7,7,10,6.2,3,8,5,5,4,2,6,7,4,6,5,6,0,Medium
5,9,9,6.6,1,7,9,5,6,5,7,4,4,6,5,3,2,High
5,6,9,7.1,2,6,5,3,9,3,8,6,3,7,7,4,0,Medium
6,4,5,6.2,1,5,7,6,9,3,4,8,3,7,7,3,0,High
5,5,8,7.9,2,3,7,6,7,5,6,6,4,8,7,3,0,High
4,3,6,7.0,0,6,6,6,7,5,7,5,4,3,4,7,0,Medium
5,5,6,6.8,0,4,5,2,3,4,4,6,4,5,6,4,0,Medium
5,5,7,6.5,0,8,3,6,6,2,5,7,4,9,8,9,0,Low
4,8,6,6.0,4,6,4,6,4,6,6,8,4,6,4,4,4,High
4,4,5,7.4,0,4,2,1,7,3,6,9,1,8,6,8,0,Low
2,6,5,8.3,0,2,6,7,7,7,7,6,2,4,4,5,0,High
4,6,1,8.3,0,3,3,3,3,4,3,8,2,7,6,5,0,Low
2,4,6,7.6,0,3,4,2,7,2,3,7,2,6,9,9,0,Low
4,2,6,7.0,0,4,7,8,4,6,8,6,3,6,4,5,1,Medium
4,7,6,7.2,1,5,4,7,6,2,4,4,4,9,7,8,1,Medium
6,7,5,9.0,0,3,3,4,5,1,4,10,7,10,9,9,0,Low
4,2,5,7.1,0,9,6,6,8,6,5,7,3,9,5,4,0,Medium
3,6,5,7.4,0,6,4,4,6,0,1,9,4,10,10,8,0,Low
4,5,5,6.9,1,4,4,1,7,6,5,8,4,6,8,7,0,Low
1,1,3,8.1,1,6,7,7,7,4,8,8,2,3,6,4,2,Medium
6,8,4,7.0,5,6,6,4,6,6,6,6,4,4,6,6,2,High
4,5,7,6.5,0,7,2,5,7,2,3,8,4,8,9,5,0,Low
5,8,8,6.6,1,7,7,3,5,4,4,7,2,4,9,7,1,Medium
6,10,8,5.1,1,6,4,5,6,5,5,7,4,7,6,6,0,High
3,4,8,6.9,1,3,7,5,9,8,7,6,2,3,3,2,2,High
2,6,5,7.9,0,7,3,5,5,3,7,8,3,6,6,5,0,Low
1,3,5,7.0,0,5,5,3,3,4,3,8,3,8,7,4,0,Low
7,7,9,5.6,1,6,6,5,8,3,5,3,5,5,4,8,0,High
6,7,6,7.2,0,2,7,5,2,1,4,6,2,6,6,7,1,Medium
6,8,5,6.9,3,6,7,5,7,4,3,6,0,6,6,6,0,High
4,7,5,8.1,0,3,3,2,6,2,2,9,3,9,8,10,0,Low
7,8,3,5.9,1,7,3,5,5,3,4,7,2,5,6,10,0,Medium
6,6,6,7.6,0,5,3,1,7,2,3,9,2,8,8,7,0,Low
8,8,7,6.7,0,5,4,3,7,2,3,8,4,7,5,7,0,Medium
8,7,6,7.3,0,4,6,3,5,4,6,6,5,5,5,4,2,High
1,7,5,5.6,0,6,5,3,6,8,4,8,1,8,4,6,0,Medium
2,6,4,6.8,0,3,3,7,5,3,4,6,1,7,6,4,1,Medium
5,6,8,7.3,0,7,8,3,5,4,5,7,5,9,8,10,0,Low
4,6,5,8.6,0,5,4,4,8,1,1,6,3,5,4,8,0,Low
4,4,4,7.4,0,5,3,7,7,4,6,6,2,6,5,6,0,Medium
6,7,8,6.5,2,5,5,9,6,3,3,4,4,3,5,3,0,High
5,10,6,7.8,0,8,1,3,4,4,2,8,4,7,7,10,0,Low
2,1,4,9.0,0,3,7,6,4,1,5,8,1,6,6,7,0,Low
3,9,5,7.1,0,4,5,4,5,4,6,6,4,7,4,9,1,Low
4,5,6,6.0,0,5,4,5,9,2,4,7,3,5,7,6,0,Medium
6,8,8,5.6,0,9,7,5,10,2,6,7,2,4,5,6,1,Medium
3,4,6,8.0,0,2,7,6,9,4,4,4,0,6,5,4,0,High
6,9,8,6.7,0,8,6,6,6,4,7,6,2,4,8,9,0,Medium
5,6,7,7.1,1,5,5,2,6,5,6,6,3,4,6,4,0,Medium
4,8,6,6.7,1,5,3,3,8,2,3,5,1,5,9,8,1,Medium
8,8,9,6.1,3,4,5,5,7,4,9,5,4,5,5,8,0,High
2,3,5,8.0,0,1,2,3,3,5,4,8,3,5,8,4,0,Low
3,9,6,7.8,1,6,5,5,9,6,3,7,3,6,7,8,0,Medium
3,3,3,7.0,0,1,5,6,4,4,7,8,4,7,8,9,1,Low
5,4,5,5.4,0,7,6,7,10,6,10,5,1,5,1,5,1,High
1,1,5,7.4,2,2,5,4,7,6,4,7,4,9,7,8,0,Low
7,10,9,5.5,1,7,5,8,10,9,7,6,2,5,3,6,1,High
7,6,5,5.5,1,4,6,7,9,6,7,5,3,7,3,5,0,High
3,9,5,8.7,0,4,4,5,5,5,6,10,4,7,6,5,0,Medium
6,6,5,5.6,1,3,5,5,8,3,6,7,4,6,6,7,0,High
2,7,8,7.4,3,7,5,6,5,0,6,7,2,5,4,6,0,Medium
4,4,4,8.7,0,5,3,5,4,4,2,7,2,7,5,10,1,Low
3,10,10,7.6,2,5,7,4,3,7,5,5,2,3,3,5,0,High
4,6,6,6.0,3,8,6,4,6,7,6,8,2,6,6,6,4,High
1,3,6,9.2,2,3,6,6,3,0,4,7,3,6,6,7,1,Low
4,6,8,8.8,0,3,4,2,8,3,4,7,5,9,7,9,0,Low
1,2,4,8.3,0,4,4,1,2,0,2,9,2,6,8,6,0,Low
4,6,7,6.9,1,4,7,9,7,3,9,5,0,5,2,6,0,High
5,3,4,9.0,0,1,5,7,5,0,5,7,2,5,8,7,0,Low
5,8,7,6.2,1,6,6,5,6,0,5,7,3,8,6,9,0,Medium
6,4,7,7.1,1,1,6,8,6,7,7,6,0,7,5,3,0,High
2,1,2,7.5,0,1,5,6,8,4,3,8,2,4,6,6,0,Low
4,8,6,6.0,4,6,6,6,6,7,4,6,4,6,6,4,2,High
2,6,4,6.0,0,4,4,2,6,5,3,7,2,10,9,10,0,Low
2,2,1,9.3,0,2,3,3,5,7,9,7,2,5,8,8,0,Low
4,10,7,7.5,2,6,5,6,7,2,1,6,1,4,6,5,0,Medium
3,4,4,9.3,0,3,3,4,7,2,3,9,2,8,9,5,0,Low
4,6,4,6.0,4,6,6,6,6,7,4,6,4,4,6,6,2,Medium
1,6,7,6.6,0,5,5,4,5,3,8,6,4,6,5,10,1,Medium
4,8,5,7.4,1,8,6,7,7,8,6,3,1,6,2,4,0,High
4,10,7,6.5,0,2,5,5,3,4,3,7,3,4,6,6,0,High
6,10,5,6.3,1,8,3,2,5,0,2,7,5,6,10,10,0,Low
5,7,5,7.6,0,4,5,5,3,3,7,7,4,8,6,10,0,Low
2,1,4,8.0,1,1,9,7,9,7,10,5,2,6,3,4,2,High
4,6,6,7.2,1,5,5,7,9,5,6,5,3,5,5,6,1,High
6,9,6,6.8,1,5,6,4,5,5,3,7,3,9,5,7,0,Medium
4,9,7,7.4,2,4,3,6,5,3,7,5,2,8,6,6,0,High
5,6,8,6.8,0,7,3,4,8,2,4,9,2,8,6,9,0,Low
3,2,2,8.9,0,4,3,6,6,2,3,10,3,8,5,7,0,Low
4,6,6,6.0,3,6,6,4,4,7,4,6,4,4,6,6,2,Low
4,6,6,8.0,3,6,4,4,4,5,6,6,4,4,4,4,4,Medium
2,1,3,8.5,0,5,1,4,3,3,3,9,4,4,7,7,0,Low
3,1,4,8.1,0,1,3,7,7,1,6,8,5,7,6,9,0,Low
4,6,6,6.9,1,6,6,5,6,9,4,7,3,4,6,10,0,Medium
4,7,7,7.4,0,6,4,5,8,6,3,9,3,5,6,5,2,Medium
4,6,5,8.3,0,1,4,6,5,4,5,6,2,6,4,6,1,High
6,8,6,6.6,0,7,3,1,5,3,3,8,5,7,8,8,0,Low
5,7,9,8.0,1,4,8,6,7,6,7,4,1,5,5,6,0,High
3,4,3,7.5,0,6,5,5,5,3,2,7,4,7,8,6,0,Low
4,2,4,8.0,1,2,6,8,6,6,9,6,1,4,3,2,0,High
6,12,8,7.7,0,9,4,6,1,6,2,8,5,8,9,7,0,Medium
2,8,6,7.9,0,5,4,5,6,1,5,8,5,10,5,8,0,Low
7,9,8,6.5,3,5,8,6,6,3,10,7,3,7,8,5,0,High
4,6,7,5.6,1,5,7,8,6,6,9,4,3,3,1,6,0,High
4,4,5,7.0,0,6,5,6,5,5,6,8,4,5,7,8,2,Low
4,6,6,8.0,3,8,6,6,6,6,4,6,4,6,6,4,4,Medium
5,8,8,6.5,0,8,4,5,3,4,5,6,3,6,9,7,0,Medium
6,8,5,7.9,2,7,4,1,7,3,4,6,4,8,7,8,0,Low
1,1,2,8.1,0,1,7,7,7,4,3,8,5,6,8,10,0,Low
5,4,8,7.2,1,6,4,3,2,2,2,7,2,8,5,7,0,Low
4,9,4,6.5,0,5,2,2,9,4,4,8,6,9,10,9,0,Low
6,8,4,7.0,3,6,6,4,6,6,6,6,2,6,6,4,2,Low
6,6,7,8.1,0,5,1,7,6,4,4,10,5,10,5,4,0,Low
3,2,5,8.6,0,5,8,5,6,3,6,7,3,5,4,9,0,Low
4,1,3,8.9,0,7,1,4,3,1,3,10,4,6,7,7,0,Low
5,4,3,8.2,0,6,7,9,7,3,7,7,4,6,7,4,0,Medium
5,4,7,8.4,0,9,2,6,5,3,3,8,1,6,6,8,0,Low
5,7,5,7.3,0,5,10,6,6,7,7,5,1,5,2,5,0,High
3,5,4,8.3,0,5,3,2,9,8,7,6,1,6,5,7,0,Medium
5,10,9,4.5,0,5,7,7,8,5,8,5,1,3,5,6,0,High
5,8,5,6.5,0,9,6,3,7,6,4,8,5,3,7,7,0,Medium
7,12,9,5.4,1,5,4,6,6,5,2,6,5,7,7,10,0,Medium
4,6,3,8.8,0,8,5,4,6,1,3,6,4,5,4,10,0,Low
1,6,4,7.1,2,8,4,5,6,3,8,6,4,6,9,8,1,Medium
7,9,8,6.0,0,5,5,6,7,5,4,5,6,6,6,7,0,Medium
4,1,5,7.9,0,6,6,1,4,4,4,8,3,7,7,10,0,Low
3,5,4,6.9,0,6,3,4,1,1,4,8,3,8,9,8,0,Low
6,5,4,7.8,1,5,6,3,7,1,4,8,6,8,10,6,1,Low
3,3,3,7.2,0,4,3,3,4,0,1,9,4,9,10,9,0,Low
4,5,4,6.4,0,6,7,5,6,2,5,7,2,8,6,7,0,Medium
6,8,9,6.9,1,6,4,6,5,5,6,6,4,4,3,6,0,High
4,9,6,6.3,0,9,2,2,4,5,1,9,6,6,9,6,1,Low
5,9,5,8.4,0,7,3,2,8,1,1,8,3,10,10,6,0,Low
6,11,7,6.0,3,5,5,4,8,3,6,4,2,4,4,6,0,High
3,2,4,8.5,1,6,6,5,9,0,2,7,5,8,4,7,0,Low
3,2,2,7.9,0,1,5,6,8,5,6,6,2,4,9,6,1,Medium
4,6,4,7.0,4,6,6,6,4,5,6,6,2,4,6,6,2,High
4,5,3,7.0,0,3,5,7,7,5,7,6,5,5,6,5,0,Medium
3,3,3,9.4,0,5,2,3,8,0,4,9,2,7,5,9,0,Low
3,7,7,7.5,1,9,6,5,6,3,3,6,1,9,8,4,0,Medium
4,8,8,8.8,0,7,4,1,6,1,2,7,2,10,10,8,0,Low
5,3,8,6.9,2,5,8,7,10,5,7,5,0,4,2,4,2,High
5,5,7,7.1,0,5,2,5,1,4,4,7,2,8,10,8,0,Low
1,1,5,8.9,0,5,3,6,6,5,3,9,6,6,8,5,1,Low
5,3,5,8.3,0,4,6,4,7,3,6,7,2,5,9,8,0,Low
1,1,3,9.8,0,2,3,5,3,5,5,8,4,8,8,8,1,Low
6,12,6,7.4,0,7,8,9,9,3,7,5,2,5,3,4,0,High
4,3,4,7.0,1,6,8,6,8,6,7,6,0,5,5,2,1,High
2,4,6,7.2,1,2,7,5,3,2,3,8,3,7,7,7,0,Low
7,6,6,6.1,0,3,1,4,6,3,4,7,5,6,6,8,0,Low
3,8,6,6.8,0,6,3,4,4,0,2,9,7,5,9,10,0,Low
3,4,4,7.0,0,3,3,3,6,4,4,6,4,6,7,10,2,Low
3,9,8,8.3,0,3,8,5,7,1,6,8,1,4,8,8,0,Medium
6,7,5,8.5,2,4,5,4,4,4,6,8,5,6,10,6,0,Low
5,3,4,8.1,3,7,3,6,8,6,4,6,3,7,7,9,0,Medium
2,3,4,8.7,0,5,4,8,5,2,6,8,3,6,4,6,0,Low
4,6,9,6.3,2,10,7,8,9,3,6,7,3,5,5,6,0,High
6,6,4,5.9,0,4,6,7,8,5,7,8,5,7,8,5,0,Medium
5,8,5,6.5,0,8,5,2,8,5,3,7,3,9,6,9,1,Low
6,7,10,5.2,0,6,6,5,7,2,6,5,3,6,5,5,0,High
3,4,6,7.0,0,3,5,7,5,4,6,8,3,7,5,8,0,Medium
6,8,6,6.2,1,5,8,7,6,6,8,6,2,4,4,7,0,High
5,6,4,7.1,1,4,5,5,5,4,7,5,2,6,5,4,1,Medium
2,1,2,8.2,0,5,3,2,4,4,4,10,6,10,8,7,0,Low
3,6,4,7.5,0,6,2,1,3,1,2,10,6,7,8,9,0,Low
2,5,5,8.4,0,4,3,1,6,2,3,8,7,6,5,10,0,Low
5,5,8,6.7,1,7,3,3,4,1,3,7,4,9,9,10,0,Low
3,4,1,7.7,0,6,5,5,6,5,7,6,3,5,7,8,1,Medium
4,5,3,6.8,0,7,6,6,6,3,6,7,3,7,6,6,0,Medium
5,7,6,7.9,1,3,4,7,6,6,5,7,1,5,6,7,0,Medium
6,9,10,6.4,1,7,6,9,6,3,7,8,4,7,7,8,0,Medium
7,8,8,7.2,0,7,4,4,7,3,5,6,2,7,7,10,0,Low
3,5,5,6.7,0,1,7,3,5,5,6,6,3,7,5,6,0,Medium
7,8,6,6.6,3,4,5,4,4,3,7,6,1,7,6,5,2,High
7,9,4,7.1,0,6,4,8,6,6,7,7,4,8,4,9,1,Medium
3,3,5,5.7,1,3,9,7,5,7,7,5,4,4,3,2,0,High
4,6,4,8.0,5,8,4,6,6,7,6,8,4,6,6,6,4,Medium
5,2,5,6.5,0,4,6,4,4,1,2,7,3,6,5,9,0,Low
4,9,6,7.2,0,10,5,3,5,5,5,7,3,10,9,9,0,Low
5,9,7,7.7,4,6,5,3,7,1,4,7,2,5,6,4,1,Medium
2,6,4,8.0,0,5,5,6,5,6,7,5,4,2,4,6,0,High
6,7,10,5.3,0,8,4,5,4,4,5,7,3,10,5,9,0,Medium
1,2,2,7.7,0,1,9,8,6,6,7,7,0,5,2,6,0,Medium
1,4,3,9.3,0,7,3,4,6,1,1,8,3,7,7,9,0,Low
4,6,5,6.9,0,6,5,8,9,4,3,5,0,4,5,7,0,Medium
5,6,8,6.5,1,6,4,5,9,5,2,7,2,6,2,10,0,Medium
7,9,5,6.6,0,8,7,5,8,3,4,7,2,8,8,6,0,Medium
8,5,10,6.3,6,6,7,8,6,7,8,7,0,5,3,1,0,High
3,2,3,6.8,0,5,5,4,4,4,6,7,2,8,7,5,1,Low
4,4,6,7.5,0,2,5,5,8,7,6,8,2,4,8,10,0,Low
5,8,9,6.5,1,7,3,5,9,1,6,6,3,4,6,8,0,High
1,3,1,8.9,0,4,1,6,6,4,4,9,5,8,9,8,0,Low
1,2,4,8.5,1,3,3,3,7,4,2,7,4,9,7,10,0,Low
5,10,9,6.9,0,5,8,6,6,5,8,7,3,4,7,3,0,High
4,6,4,7.0,3,8,4,6,4,6,6,6,2,6,6,4,2,Low
2,4,3,9.4,0,3,2,5,4,5,2,8,3,8,8,6,0,Low
5,6,9,7.7,2,3,4,4,4,3,8,6,4,1,3,5,0,Medium
5,6,7,5.9,0,6,6,6,9,8,5,6,5,4,2,6,1,High
6,8,6,8.2,0,8,3,4,5,3,4,6,4,7,3,6,0,Medium
3,6,3,8.5,0,1,6,3,3,6,7,8,3,8,4,9,0,Low
7,8,8,6.6,2,8,6,3,7,2,5,5,2,4,7,6,0,Medium
5,9,8,7.8,0,5,4,5,2,1,2,7,6,8,6,7,0,Low
2,5,4,7.0,0,4,3,4,6,2,3,8,4,9,8,8,0,Low
3,5,1,6.8,0,5,5,4,4,1,5,9,3,8,10,10,0,Low
3,6,6,7.4,1,6,5,5,8,2,2,7,5,6,6,8,0,Low
1,3,2,7.8,1,4,2,3,6,5,3,9,0,8,8,7,0,Low
3,1,6,9.4,1,3,2,1,7,1,3,8,4,6,10,10,0,Low
4,6,4,7.3,0,6,6,3,4,4,10,6,0,8,6,6,1,Medium
4,4,7,7.3,0,5,6,5,3,7,3,9,4,8,6,7,0,Low
3,3,4,7.4,0,5,8,7,7,6,5,6,4,4,1,4,0,High
3,3,3,9.1,0,6,3,5,6,5,3,9,4,8,7,5,0,Low
4,7,7,5.6,0,3,4,5,6,5,4,5,6,7,7,5,1,Medium
5,6,4,5.9,0,6,6,7,8,6,5,7,3,5,8,9,0,Medium
6,6,7,8.4,1,5,4,5,7,3,4,7,6,3,6,7,1,Medium
2,1,1,8.1,1,5,4,3,5,6,7,7,0,6,7,6,0,Low
1,5,7,7.9,1,3,5,2,8,8,6,8,3,1,4,6,0,High
4,6,7,7.6,1,7,5,4,7,3,4,7,1,8,7,6,0,Medium
6,7,5,8.1,0,3,7,5,8,4,4,7,4,7,5,7,0,Medium
4,8,6,8.0,3,6,6,4,6,5,6,8,2,4,4,6,4,Low
2,4,5,7.2,0,6,3,3,4,4,5,6,4,9,7,9,0,Low
7,7,5,5.8,0,5,7,4,6,0,5,6,3,5,7,6,0,Medium
4,6,7,6.1,0,4,2,7,8,2,5,8,5,9,7,9,0,Low
3,2,5,8.1,0,4,5,4,5,4,2,8,4,8,8,8,0,Low
1,1,2,7.7,1,4,4,6,7,4,6,7,3,6,4,4,1,Low
2,4,6,6.4,0,7,7,9,7,2,5,7,2,4,4,5,0,Medium
2,3,1,8.3,0,7,8,1,5,1,5,9,5,6,8,7,0,Low
6,7,4,7.9,0,7,7,8,8,3,7,5,2,7,5,8,1,High
2,1,2,9.0,0,3,4,1,5,5,1,9,2,6,6,8,0,Low
3,6,4,6.7,0,5,3,3,5,5,4,7,5,4,5,6,0,Medium
4,10,6,7.9,1,10,4,3,4,4,4,7,3,8,8,4,0,Medium
5,2,6,6.4,0,6,5,3,6,2,7,7,3,6,5,5,0,Medium
5,4,6,8.3,0,6,2,4,4,3,3,5,5,5,9,10,0,Low
3,5,3,7.5,0,3,3,6,6,8,5,7,0,5,4,6,1,Medium
2,5,1,8.3,0,3,3,6,6,5,5,6,2,6,6,5,0,Low
5,4,4,8.1,2,7,4,5,6,2,5,7,1,6,8,7,0,Low
6,8,6,6.0,3,6,6,6,6,5,6,6,4,4,6,6,2,Low
4,9,5,6.3,0,4,4,7,5,2,7,7,4,6,8,9,0,Low
4,2,6,7.2,1,4,6,7,6,3,7,7,2,7,2,6,0,Medium
7,9,5,7.0,4,4,3,5,5,1,5,7,5,6,6,5,0,Medium
4,4,6,9.1,2,5,7,8,7,6,8,5,2,3,1,5,1,High
6,9,8,5.4,5,7,3,5,9,6,8,4,1,4,4,6,1,High
7,9,9,5.0,4,8,8,3,8,1,3,6,2,7,5,8,0,High
4,8,6,6.4,1,6,5,5,5,3,4,6,6,3,7,8,0,Medium
4,6,4,7.6,0,5,6,3,5,3,3,7,4,4,4,10,0,Low
1,4,1,9.3,0,1,5,4,5,2,6,8,3,7,4,5,0,Medium
2,5,5,7.1,1,2,10,2,7,3,10,8,2,5,3,5,0,Medium
7,8,10,6.4,1,8,5,6,8,6,4,6,2,7,7,6,0,High
3,9,7,9.3,0,2,4,4,6,3,6,8,0,3,7,4,0,Medium
3,7,5,7.2,0,6,9,7,6,4,8,6,3,5,7,4,0,Medium
6,8,6,6.5,0,7,5,7,10,5,5,6,0,4,1,4,0,High
6,6,7,8.0,1,6,7,5,4,4,6,7,2,5,8,6,0,Medium
5,2,5,6.9,0,4,5,5,8,8,7,6,1,5,10,6,0,Medium
5,3,6,6.3,0,5,8,6,10,10,7,4,1,3,2,2,0,High
4,4,5,6.5,0,5,4,5,6,4,6,7,1,5,5,3,1,Medium
3,7,2,7.3,0,6,9,4,7,4,7,7,3,6,6,6,0,Medium
3,5,5,6.1,0,1,4,5,3,5,4,6,4,5,7,6,0,Medium
5,5,1,7.1,0,4,4,4,6,6,4,6,3,4,8,7,1,Low
5,6,6,7.2,1,3,6,6,8,5,5,5,0,9,4,6,0,High
7,8,6,6.6,0,3,2,1,5,4,6,8,1,8,6,7,0,Medium
4,7,6,7.9,1,5,4,1,5,2,4,8,2,10,8,9,0,Low
6,6,8,7.3,1,3,2,7,8,1,5,7,5,6,10,8,0,Medium
2,4,5,7.2,0,3,4,3,7,4,5,9,7,7,9,6,0,Low
7,7,5,7.5,0,5,3,3,7,3,2,7,2,7,8,10,0,Low
4,3,3,7.9,0,5,5,6,5,5,7,8,1,5,7,2,1,Medium
3,9,5,5.9,0,5,3,6,1,1,4,7,5,6,8,8,0,Low
5,6,7,8.0,1,3,7,6,7,2,5,5,2,6,6,8,0,High
5,3,2,6.8,1,6,3,2,5,1,3,7,4,7,8,10,0,Low
6,11,10,5.4,1,12,4,4,7,4,6,5,4,6,6,8,0,High
4,8,7,6.5,3,8,6,5,7,8,9,6,1,7,6,3,1,High
4,9,8,6.9,0,7,8,6,7,6,4,7,1,4,7,9,1,High
5,5,3,7.8,2,5,3,4,5,2,6,7,3,10,9,5,0,Low
4,10,6,6.8,1,6,6,4,4,2,5,6,2,7,5,4,0,Medium
1,7,2,6.7,2,3,6,7,5,8,9,5,0,3,3,3,0,High
6,6,9,6.7,2,7,5,5,4,4,6,7,2,7,4,4,0,High
2,4,4,7.8,0,2,6,7,3,0,3,8,3,8,9,5,0,Low
2,3,6,7.8,0,5,1,5,6,5,4,8,2,7,7,5,2,Low
4,11,6,7.0,0,4,4,10,3,4,5,6,4,6,5,3,1,Medium
4,10,8,6.3,1,3,4,4,5,0,6,9,2,4,6,7,0,Medium
3,4,4,7.6,0,3,6,2,9,5,6,7,6,5,5,6,1,Medium
2,2,4,6.7,0,7,5,4,5,2,8,8,4,8,8,8,0,Low
3,4,5,8.3,1,5,1,6,5,0,5,9,4,8,10,8,0,Low
4,6,6,7.7,0,1,7,6,6,7,3,8,2,6,5,6,0,Medium
5,5,7,5.1,0,5,6,5,6,4,7,6,3,7,4,6,0,High
6,8,4,7.0,3,8,6,6,6,6,6,6,2,4,6,6,2,Medium
2,6,8,7.1,1,5,2,4,6,2,5,6,3,7,8,6,0,Low
4,4,2,6.9,0,5,4,1,5,3,3,7,6,9,7,5,3,Low
3,4,4,6.8,0,3,8,7,4,4,6,7,4,5,7,5,0,Medium
3,4,4,7.0,1,5,5,4,8,5,7,10,0,6,5,9,0,Medium
2,6,7,6.9,1,4,5,7,5,4,7,8,3,6,7,5,0,Medium
4,5,5,6.6,1,4,3,3,8,2,7,8,4,8,7,8,1,Low
5,8,7,8.2,1,6,7,6,5,5,8,7,5,5,5,4,0,High
4,5,2,7.7,0,7,5,8,4,3,6,5,1,7,6,6,0,Medium
8,10,6,7.6,3,8,6,8,10,4,1,5,6,7,6,6,0,High
4,7,8,7.6,1,4,6,7,4,7,5,6,3,8,6,4,1,High
4,5,6,7.6,0,3,5,2,2,3,3,6,1,6,6,5,0,Low
6,5,5,6.3,1,7,4,3,3,3,7,7,0,6,7,5,0,Medium
5,4,7,6.6,0,5,3,6,6,2,6,5,3,6,5,5,0,Medium
6,4,6,6.2,2,7,5,5,5,7,6,5,2,5,3,5,0,High
6,6,5,7.8,0,7,1,4,4,0,4,7,2,7,6,10,1,Low
4,7,4,7.0,0,8,5,5,2,1,6,8,5,9,8,8,0,Low
3,2,4,7.8,1,6,4,6,8,5,4,6,4,5,4,6,0,Medium
7,6,6,6.9,3,8,5,4,7,4,4,5,3,4,5,9,0,Medium
4,6,6,7.0,5,6,4,6,6,6,6,6,2,4,6,6,4,Medium
5,10,8,6.2,1,5,4,4,2,3,5,6,3,6,7,9,0,Medium
1,1,4,7.6,0,1,3,6,4,2,4,6,6,8,4,6,0,Low
1,2,3,9.5,0,2,2,2,5,1,4,10,3,8,6,10,0,Low
7,8,8,6.7,0,9,8,8,8,1,5,7,0,6,5,8,0,High
1,1,1,9.0,0,1,6,7,5,2,3,10,3,5,7,8,2,Low
4,5,5,7.0,0,3,7,8,5,5,5,6,2,5,8,6,0,Medium
6,7,8,7.1,1,6,5,9,6,5,5,6,0,3,3,6,0,High
2,6,4,6.5,0,3,3,3,5,2,3,7,5,5,6,7,1,Low
3,7,4,8.1,0,9,4,3,7,3,6,9,2,3,8,7,1,Low
1,1,2,7.9,0,3,4,1,3,0,1,9,3,10,10,10,0,Low
2,5,6,8.1,0,5,6,5,5,0,3,7,5,7,7,8,0,Low
1,4,7,7.6,2,3,4,5,7,4,5,9,6,10,7,5,2,Low
1,2,3,6.7,0,1,1,4,8,2,4,9,7,4,10,6,0,Low
5,4,3,7.5,2,3,5,5,6,4,7,5,0,8,6,2,0,High
3,3,5,7.3,3,3,7,7,7,6,7,6,3,5,5,5,0,High
4,7,4,7.2,0,3,5,4,5,2,4,8,1,3,4,8,0,Low
7,12,9,6.4,1,4,4,4,6,2,3,6,3,3,7,10,0,Medium
4,4,7,7.2,0,5,7,6,5,4,6,6,2,4,6,6,1,Medium
4,5,4,8.1,0,5,7,5,9,4,6,7,0,7,4,10,1,Medium
3,6,3,7.7,1,2,3,2,7,2,7,9,4,7,9,8,0,Low
2,6,2,9.1,0,5,4,2,8,0,1,9,4,7,8,9,0,Low
3,1,3,8.3,0,5,7,5,5,6,3,8,4,8,6,7,0,Low
5,3,4,8.8,2,6,8,6,10,4,8,5,0,5,4,6,2,High
6,6,6,7.0,3,8,6,4,4,7,6,8,2,4,4,6,2,High
2,4,7,6.7,0,4,6,6,6,0,5,7,3,8,7,6,0,Low
5,8,7,6.2,1,4,5,4,8,0,5,9,4,5,5,10,0,Low
2,1,1,8.6,1,2,3,2,3,3,6,9,6,5,8,9,1,Low
4,4,4,6.7,0,7,5,4,7,4,7,6,3,5,7,5,1,Medium
6,6,6,7.0,3,8,6,4,4,7,4,8,2,4,6,4,2,Low
2,3,5,6.5,0,4,4,2,7,2,6,6,4,4,6,8,1,Medium
7,4,5,5.9,3,5,5,7,6,6,8,6,2,2,4,3,0,High
3,6,6,7.8,0,7,4,7,5,5,5,7,4,5,5,8,1,Medium
2,4,4,8.4,0,1,5,6,5,3,5,6,3,8,4,8,0,Medium
5,12,9,6.9,4,5,7,8,6,5,5,3,6,5,4,7,0,High
5,10,6,7.8,2,4,5,4,6,3,4,6,3,8,5,9,0,Medium
2,3,4,7.9,0,1,1,6,8,1,5,5,3,8,6,9,1,Low
5,11,9,6.4,0,7,7,7,4,5,9,4,2,3,4,4,0,High
2,6,2,9.5,0,1,5,3,7,4,6,8,3,5,9,7,0,Low
3,5,9,8.1,1,5,6,7,6,4,4,7,1,6,7,8,0,Low
6,1,4,8.6,0,5,1,3,4,1,4,6,7,9,9,9,0,Low
3,5,5,8.4,0,2,5,9,5,4,8,5,0,5,7,4,0,Medium
4,6,7,7.3,1,2,8,9,7,7,9,6,3,5,6,5,0,High
3,6,5,6.4,0,5,6,4,5,2,4,6,6,6,5,6,0,Medium
7,6,5,6.8,0,4,5,6,6,7,7,6,2,5,6,10,0,Medium
6,5,6,7.9,0,7,3,6,8,3,7,6,3,4,5,8,0,Medium
6,5,4,7.9,0,6,5,5,7,2,2,7,2,5,4,10,0,Low
3,6,8,7.2,0,8,4,5,9,8,7,8,4,7,3,8,0,Medium
5,6,5,8.4,0,6,5,7,4,1,2,10,2,5,8,8,0,Low
3,3,6,8.3,0,5,4,3,7,3,4,7,5,4,5,4,0,Low
2,1,6,8.1,0,3,10,9,8,7,10,7,2,4,7,6,1,High
1,1,3,8.8,0,5,6,4,7,2,7,9,1,5,6,3,0,Low
3,3,5,8.1,1,5,7,4,8,3,4,9,2,6,8,5,0,Low
3,5,4,8.5,0,4,4,5,4,0,2,7,4,5,5,10,0,Low
3,5,6,8.4,0,6,3,3,6,3,5,7,2,8,8,5,0,Low
3,2,4,9.1,1,2,4,5,7,8,6,5,3,6,6,4,0,Medium
3,8,2,7.7,0,3,2,5,3,0,1,7,4,9,9,7,1,Low
4,6,4,7.2,0,6,6,2,9,4,4,6,2,6,7,6,1,Medium
4,3,7,8.5,0,5,6,8,6,4,8,7,3,6,8,6,1,Low
4,7,2,7.0,0,6,2,7,7,2,7,6,2,4,5,8,1,Medium
3,2,6,6.1,0,4,8,9,10,2,7,6,2,1,4,6,0,Medium
5,8,5,6.7,0,5,7,5,6,5,6,7,3,6,5,4,2,High
5,8,6,6.4,0,7,2,4,6,4,5,6,1,4,7,10,0,Medium
4,8,4,6.8,0,4,5,3,5,0,3,8,3,8,7,6,0,Low
4,1,7,6.2,1,5,9,7,5,3,10,5,0,6,3,4,0,High
3,3,4,8.8,0,1,1,4,5,2,2,8,3,7,7,10,0,Low
3,2,9,7.2,0,6,5,5,6,1,6,5,0,4,3,6,0,High
7,9,6,8.0,0,4,4,8,6,4,4,6,1,6,6,9,0,Medium
3,5,6,7.3,0,3,5,3,8,3,3,9,2,8,8,9,0,Low
4,6,3,7.4,0,5,4,7,7,3,7,6,4,7,6,8,0,Low
3,3,7,7.0,0,6,6,7,6,9,7,7,0,3,6,4,1,High
5,8,6,7.9,2,9,6,5,6,2,5,6,1,3,3,6,0,High
2,3,4,9.1,0,1,6,5,8,1,3,6,3,8,8,10,0,Low
1,6,4,7.7,0,2,5,6,3,3,6,7,6,6,6,5,0,Low
6,7,9,7.9,1,6,4,5,5,5,3,7,0,7,6,7,0,Medium
7,9,9,4.1,8,5,9,10,7,9,10,6,1,3,3,3,1,High
1,2,2,8.8,0,5,6,6,10,2,5,9,3,5,5,5,0,Low
6,6,4,6.0,3,6,6,6,6,7,6,8,4,4,6,6,2,Medium
6,9,9,6.5,3,8,7,7,6,4,5,6,2,4,4,4,0,High
4,9,6,8.6,0,5,1,2,4,3,3,8,5,10,8,8,0,Low
4,5,3,8.2,0,6,3,4,5,5,5,6,3,6,4,4,1,Medium
1,4,6,5.7,2,2,4,10,10,7,8,7,1,3,5,5,0,High
1,7,4,6.9,0,9,4,2,2,3,1,7,4,7,5,9,0,Low
3,8,5,8.4,0,2,4,1,5,1,2,8,3,8,7,3,0,Low
4,7,4,8.0,0,4,1,5,6,4,6,5,7,7,3,7,0,Medium
1,6,6,7.0,2,2,8,6,5,6,4,5,3,3,4,1,0,High
2,1,4,5.9,0,5,4,7,6,5,9,6,2,4,6,9,0,Medium
2,7,8,8.4,1,6,2,5,2,4,5,8,3,7,9,6,0,Low
4,4,6,8.4,0,3,5,3,8,3,4,8,3,6,6,7,0,Low
6,6,7,7.6,2,7,6,7,6,5,5,9,3,6,7,5,1,Medium
4,6,10,7.3,0,4,8,4,8,3,4,6,4,7,7,10,0,Medium
6,6,8,6.3,3,7,7,5,6,5,9,7,2,6,6,9,1,High
5,5,8,8.4,1,5,6,9,9,4,7,6,4,7,5,3,1,High
6,12,6,6.7,0,6,6,3,6,8,6,6,1,4,5,4,0,High
2,3,6,8.0,1,6,7,4,7,3,5,8,4,9,10,10,0,Low
6,8,5,7.6,0,6,3,6,6,4,4,8,2,4,10,10,0,Low
6,12,7,6.5,0,7,8,1,6,5,5,7,2,5,3,5,3,High
4,6,5,8.0,0,4,2,3,7,2,3,9,3,9,8,6,0,Low
6,7,8,5.1,0,3,3,6,10,8,6,6,4,5,8,9,0,High
4,7,4,7.4,0,5,8,5,4,6,6,6,2,4,7,6,0,Medium
4,4,2,9.1,0,3,4,4,5,2,1,7,6,7,7,7,0,Low
3,7,5,8.7,0,7,4,4,3,2,6,8,6,10,7,8,0,Low
7,10,6,7.5,0,4,6,5,7,4,5,7,4,9,8,4,0,Medium
4,2,5,6.6,3,8,4,4,7,3,5,5,1,7,6,5,2,Medium
5,2,5,7.5,0,4,6,7,10,4,8,5,4,3,4,3,0,High
5,5,6,8.1,1,6,5,6,6,1,5,7,2,5,5,2,1,Medium
4,8,4,8.0,5,6,6,4,6,5,6,8,4,6,4,6,2,Low
4,6,4,7.0,5,8,4,4,6,5,4,6,4,4,6,4,2,Low
6,8,8,6.0,2,6,3,1,5,1,5,5,2,5,9,6,0,High
4,6,6,8.0,5,6,6,4,4,5,6,6,4,6,6,6,2,Medium
3,5,5,6.9,0,4,5,6,7,4,5,7,4,4,6,4,1,Medium
5,6,9,5.8,0,8,6,6,8,5,5,7,7,5,5,7,1,Medium
4,4,3,7.3,0,7,4,4,3,2,2,9,5,9,10,10,1,Low
6,8,6,7.5,0,8,3,4,6,4,4,7,3,6,6,9,0,Medium
1,2,2,8.0,0,2,6,8,6,6,8,7,5,4,5,5,0,Medium
2,7,5,7.7,0,8,6,5,6,3,6,4,0,8,3,8,0,Medium
5,7,6,7.6,2,10,1,5,5,4,7,7,4,9,8,7,0,Low
7,7,6,4.4,6,7,8,5,6,6,10,3,1,4,2,2,1,High
2,2,3,7.3,0,3,8,3,4,5,4,6,5,9,6,6,0,Low
5,4,3,7.4,0,3,8,6,8,1,5,5,7,6,5,5,1,Medium
6,9,8,6.9,2,6,7,7,5,6,7,6,2,6,6,8,0,High
2,3,2,6.6,0,4,6,4,8,1,2,7,5,6,5,10,0,Low
3,6,5,7.0,0,5,5,5,2,0,5,7,6,5,8,10,0,Low
5,8,9,5.7,3,3,7,8,10,4,6,5,3,2,5,6,1,High
3,8,6,8.0,0,5,9,3,7,5,6,5,3,6,3,6,1,High
4,6,6,6.0,3,6,6,4,4,6,4,6,4,6,4,6,2,Medium
4,2,5,8.5,0,5,7,3,7,4,3,7,1,10,5,5,2,Low
4,7,6,7.6,0,4,3,2,2,2,8,6,7,6,9,6,0,Low
3,4,4,7.7,1,3,6,8,9,6,6,6,0,4,3,4,2,High
4,4,1,8.2,0,2,5,4,4,1,6,8,2,7,9,10,0,Low
2,1,6,7.7,0,2,9,4,5,4,3,8,2,4,5,9,0,Low
6,9,7,6.6,1,6,5,2,8,1,2,6,3,5,8,8,0,Medium
7,9,7,5.8,0,8,3,1,4,5,4,7,5,9,9,8,0,Low
3,1,1,7.2,0,3,6,4,5,4,5,8,2,2,4,6,0,Low
3,6,5,8.2,0,3,5,5,7,4,5,6,2,7,8,4,1,Medium
1,2,2,9.6,0,5,5,2,5,0,3,9,3,8,8,10,0,Low
3,2,4,6.6,0,4,3,4,8,2,4,5,4,7,6,7,0,Low
6,9,9,4.2,3,5,8,6,8,7,10,4,2,5,3,2,0,High
2,7,5,7.7,1,6,5,6,9,6,8,5,0,9,4,3,0,High
4,7,4,7.6,0,6,4,3,9,5,2,7,4,6,8,10,1,Low
6,6,6,7.0,5,8,4,6,6,7,6,8,4,6,4,6,2,Low
4,8,8,4.0,1,6,3,7,6,4,7,4,0,10,1,9,3,High
1,1,2,7.7,0,2,4,5,4,3,6,9,0,5,3,4,0,Low
3,5,4,7.3,0,6,4,3,6,2,5,7,5,5,6,10,0,Low
4,3,5,6.4,1,5,6,4,6,1,6,8,5,3,6,5,0,Low
2,3,5,8.1,0,5,4,8,9,3,3,6,4,5,4,6,1,Low
4,6,8,6.0,3,5,4,9,6,7,5,6,1,4,8,3,0,High
6,10,5,6.8,0,5,5,5,6,2,4,7,4,5,8,6,0,Low
1,5,6,10.0,0,3,5,6,6,2,6,7,4,3,2,7,0,Medium
7,8,10,5.8,6,5,10,5,7,5,6,5,0,4,3,4,0,High
2,3,1,7.4,0,2,8,5,8,5,10,6,3,5,5,6,1,Medium
6,7,7,6.4,0,6,4,6,7,5,5,4,3,4,6,5,0,High
5,6,8,7.1,3,7,6,3,9,3,5,5,5,4,2,5,0,High
5,4,5,8.1,0,1,6,6,5,0,7,7,6,6,9,6,0,Low
2,8,5,6.1,0,4,6,6,8,6,8,5,2,5,2,4,2,High
4,8,6,8.0,5,6,6,6,6,6,6,8,4,6,4,6,4,Medium
2,7,8,5.4,2,7,7,9,8,7,9,3,1,3,1,1,0,High
4,4,5,8.0,0,7,1,6,5,3,3,7,3,5,8,8,0,Low
1,3,3,9.2,0,4,6,4,5,3,5,7,1,6,6,7,0,Low
6,4,4,8.0,0,8,6,6,4,5,5,7,2,6,6,9,1,Medium
2,5,7,7.7,0,5,5,6,5,3,8,6,2,4,4,6,0,Medium
4,6,6,6.0,4,8,6,4,6,7,6,8,2,4,4,6,4,High
4,1,6,8.3,0,2,7,3,7,6,4,8,4,5,6,7,1,Low
3,2,10,5.8,1,5,5,6,7,7,6,6,1,5,7,6,2,High
4,7,6,7.9,1,7,7,7,5,4,5,7,1,4,4,4,1,Medium
3,8,4,6.8,2,4,7,1,8,3,7,6,3,3,5,5,0,High
7,9,7,4.9,2,2,6,5,8,1,3,6,3,6,9,7,0,High
1,3,5,6.6,0,3,5,4,8,3,7,8,0,5,4,5,0,Medium
4,4,9,7.5,2,5,4,7,7,4,10,6,1,6,5,7,0,High
5,5,9,5.8,0,7,4,8,5,4,3,4,5,3,3,5,0,High
4,3,7,7.9,0,5,6,5,6,2,5,4,3,4,7,4,1,Medium
5,7,7,6.9,1,4,8,3,5,5,3,8,5,4,5,4,0,Medium
4,1,4,8.0,0,3,6,6,6,0,4,7,0,3,7,10,0,Low
4,8,2,6.8,1,4,5,8,9,2,6,6,4,1,6,4,2,High
3,7,5,8.1,0,9,7,3,8,5,3,5,4,7,7,10,0,Low
6,7,4,7.6,0,3,3,1,5,6,5,7,5,7,8,7,0,Low
1,1,4,8.6,0,1,2,6,5,3,6,7,1,8,9,6,0,Low
4,7,3,6.4,0,6,3,6,5,1,5,7,4,7,4,7,0,Medium
4,9,4,7.5,0,9,4,6,5,2,7,6,2,5,5,7,1,Medium
4,5,5,6.1,0,6,4,2,4,3,8,7,1,5,6,6,0,Medium
3,7,6,8.1,0,8,7,6,8,6,6,7,0,7,4,5,0,Medium
4,4,6,7.3,1,4,5,7,9,5,2,7,1,7,5,3,2,High
6,6,9,7.3,1,4,2,8,4,1,4,7,2,6,7,6,1,Medium
6,12,10,4.0,7,7,8,6,6,6,3,4,3,3,6,5,0,High
8,4,6,5.9,0,6,3,5,7,6,3,5,2,6,7,4,1,Medium
5,8,7,7.4,0,4,3,1,4,5,2,7,3,7,8,6,0,Low
4,7,9,7.3,3,5,7,7,4,6,6,6,5,5,5,6,1,High
3,8,5,6.9,0,7,1,5,4,3,1,8,5,8,6,10,0,Low
3,3,4,10.0,0,3,3,5,8,0,4,9,2,8,6,5,2,Low
1,1,4,7.3,0,2,6,8,6,3,8,6,3,6,2,9,1,Medium
5,7,3,7.2,0,3,2,2,3,5,1,7,3,9,9,9,1,Low
5,5,6,6.3,0,6,6,6,6,4,7,6,0,6,5,3,0,High
4,4,6,6.7,1,4,3,6,5,2,3,6,2,6,4,5,0,Low
2,5,5,6.9,0,6,4,6,3,4,2,6,4,6,7,6,0,Low
5,7,6,7.7,0,8,8,7,6,6,7,6,2,7,5,3,0,High
6,4,5,7.2,1,3,7,7,4,5,5,7,2,6,2,5,0,High
5,8,6,7.2,1,6,4,5,5,4,4,6,3,8,6,7,0,Medium
3,2,4,8.7,0,3,7,7,7,3,5,8,5,5,5,6,0,Low
8,11,9,6.8,2,5,5,4,6,2,1,7,4,7,4,6,0,High
1,4,2,7.4,0,3,3,7,5,0,3,10,3,5,7,5,0,Low
1,2,4,9.2,0,6,6,3,3,1,4,9,5,8,5,9,0,Low
2,4,6,6.3,0,4,6,6,6,6,5,7,4,8,6,7,0,Medium
4,8,5,7.0,1,2,6,5,8,0,8,6,3,7,2,3,0,High
4,3,7,7.4,1,5,7,6,7,3,4,7,5,6,7,4,0,Medium
4,6,4,7.0,4,8,6,4,4,7,6,6,4,4,6,6,2,Low
3,5,3,6.4,1,4,2,7,4,3,3,7,4,7,6,10,0,Low
1,4,3,6.8,0,4,7,5,7,0,7,7,4,7,6,1,0,Medium
2,9,7,6.3,0,1,8,9,7,4,5,5,0,4,3,3,0,High
7,6,6,6.8,0,6,8,4,5,3,6,5,1,8,2,8,0,High
6,7,9,7.8,1,7,1,4,6,4,5,5,4,7,8,7,0,Medium
4,6,6,8.1,1,6,7,6,7,4,5,8,1,4,2,5,1,High
3,5,7,7.0,0,1,3,5,4,0,5,7,5,8,6,8,1,Low
1,6,2,8.3,0,3,5,3,5,2,5,9,4,6,10,7,0,Low
3,5,4,9.0,0,7,4,3,5,1,3,7,7,7,7,7,1,Low
5,2,4,7.3,0,3,8,7,5,6,6,7,0,2,4,6,1,Medium
2,3,1,8.7,0,4,1,3,2,0,1,10,7,10,9,10,0,Low
4,6,6,6.0,4,8,4,6,6,5,6,6,2,4,6,4,2,High
1,2,1,8.2,0,3,3,4,5,2,4,9,4,6,7,6,0,Low
5,10,6,7.8,0,9,4,2,4,2,3,7,4,4,10,6,0,Low
4,7,8,6.1,3,3,8,8,9,5,4,5,2,3,3,3,1,High
6,6,5,7.2,0,5,7,6,6,2,3,6,4,7,6,7,0,Medium
2,5,5,8.7,0,4,5,6,7,4,5,8,4,6,8,7,0,Low
3,9,10,7.1,0,7,5,5,4,3,4,7,3,7,7,4,0,Medium
4,8,6,7.2,0,5,7,4,6,3,6,6,4,5,6,7,0,Medium
3,5,6,6.3,1,6,6,4,6,4,6,8,5,7,6,7,0,Low
2,5,8,7.5,0,5,4,4,5,0,3,8,4,6,9,10,0,Low
2,1,4,9.2,0,4,2,4,9,4,4,8,2,8,5,9,0,Low
4,5,4,7.0,2,4,8,5,7,4,9,8,2,5,3,5,2,High
3,4,6,8.4,0,5,5,2,8,2,6,7,3,7,2,7,1,Low
4,7,8,7.2,0,6,5,5,10,1,6,5,0,7,5,2,0,High
3,4,5,7.2,0,3,3,4,9,1,4,8,4,8,6,3,0,Low
3,9,6,8.1,0,6,5,5,6,2,5,7,2,7,8,9,0,Low
3,4,8,6.8,2,5,8,6,10,5,8,6,0,5,2,4,1,High
5,6,6,6.9,0,8,3,4,6,3,5,6,4,8,8,9,0,Low
3,5,7,7.4,0,3,3,5,6,0,6,8,1,7,6,9,0,Low
4,6,6,7.0,3,6,6,6,6,6,4,6,4,6,4,6,4,High
5,4,8,8.0,0,5,5,4,7,0,2,7,5,8,8,9,0,Low
2,6,4,6.4,0,5,4,2,6,1,4,8,4,8,7,6,2,Low
1,3,3,8.3,1,2,6,4,6,5,3,7,5,6,6,6,0,Medium
3,4,7,7.3,1,5,4,8,5,3,6,5,5,7,5,4,0,Medium
6,7,4,7.7,1,5,5,8,4,5,3,7,1,6,7,8,1,Medium
6,4,7,8.5,1,3,8,9,8,9,8,3,3,4,7,5,1,High
6,6,8,7.0,0,7,7,7,7,4,6,7,2,3,3,5,0,High
2,3,1,7.9,0,1,1,4,5,2,1,10,6,7,9,8,0,Low
4,3,6,7.3,0,6,4,5,4,5,5,5,2,5,5,8,0,Medium
2,7,6,8.0,0,1,3,7,6,2,6,9,1,6,7,5,0,Low
3,4,4,8.5,0,4,6,7,6,3,4,9,4,4,4,5,0,Low
6,6,4,8.0,5,6,6,4,6,6,6,6,4,4,6,6,4,High
5,9,6,6.3,3,7,3,4,8,5,6,7,5,6,9,5,0,Medium
6,9,4,6.0,0,5,5,4,8,5,3,6,5,6,8,8,0,Medium
3,5,5,6.2,0,4,5,5,8,2,6,6,0,7,3,6,0,Medium
5,5,4,7.5,0,5,2,6,6,1,4,8,3,10,10,6,1,Low
3,7,5,7.3,1,7,6,4,5,2,4,7,5,5,6,6,0,Medium
5,1,5,8.9,0,5,9,9,10,6,6,6,1,4,3,3,1,High
4,4,8,5.8,1,3,6,5,8,2,2,7,4,10,7,7,0,Medium
3,3,4,8.5,2,3,3,3,9,4,7,6,3,4,6,8,0,Medium
3,5,5,8.0,0,1,4,5,6,4,4,9,2,6,8,7,0,Low
3,6,7,7.7,0,2,3,4,6,3,6,8,5,7,7,7,0,Low
7,7,7,6.1,2,6,8,3,6,1,5,8,5,7,7,7,0,Medium
7,10,8,7.5,3,8,2,3,7,4,2,6,2,7,9,8,0,Medium
4,7,6,7.4,0,5,9,6,6,5,6,7,1,6,6,8,1,Medium
4,3,4,6.8,0,5,6,5,6,1,5,8,4,7,5,5,1,Medium
4,6,4,8.0,5,6,6,6,6,5,6,6,2,6,6,4,4,Low
4,6,4,7.0,3,6,6,4,6,6,4,6,4,6,6,6,4,Low
6,8,7,8.0,0,1,6,7,9,7,9,6,2,2,3,2,2,High
4,6,1,8.2,0,3,5,5,4,4,2,6,4,9,7,10,0,Low
4,6,6,8.0,3,6,6,6,6,5,4,8,4,6,6,6,2,High
4,6,3,6.5,0,5,6,8,5,3,7,6,2,7,6,4,0,Medium
3,12,8,5.9,1,5,6,5,5,6,7,6,3,6,4,4,0,High
1,4,2,10.0,0,4,7,3,6,2,5,8,5,10,7,9,1,Low
4,6,5,6.3,0,7,6,5,7,4,5,7,2,6,4,7,1,Medium
4,9,6,7.6,0,6,3,6,9,3,2,6,3,8,9,6,1,Low
4,5,5,6.0,0,5,6,8,6,4,6,8,5,9,7,5,0,Medium
6,7,6,6.6,0,3,4,4,6,2,7,7,5,6,6,7,0,Medium
3,1,3,7.9,0,2,1,2,4,3,6,9,5,10,9,9,0,Low
4,3,7,6.2,0,3,7,6,5,2,8,6,4,3,6,6,0,High
4,5,7,7.7,0,3,3,4,7,3,4,6,4,5,5,8,1,Low
4,4,6,8.3,0,5,4,3,5,5,4,7,5,5,7,9,1,Low
3,5,4,7.0,0,8,5,4,3,2,1,6,3,3,8,3,0,Low
6,3,7,6.6,0,5,9,4,8,4,4,4,2,4,4,9,0,High
4,8,6,8.0,3,8,4,6,6,7,6,8,4,4,4,6,4,Low
4,3,3,9.6,0,7,1,5,5,2,3,10,7,8,10,8,0,Low
5,6,5,8.3,0,3,3,5,7,5,7,6,3,4,3,6,0,High
3,6,7,6.1,0,6,8,8,7,6,9,5,3,2,7,7,1,High
5,8,6,7.5,1,8,4,5,4,1,10,7,3,5,4,7,0,Medium
4,4,7,9.0,2,6,1,3,7,1,4,7,4,6,6,8,1,Low
5,8,5,6.1,2,8,4,6,5,2,4,7,3,9,5,6,1,Medium
3,7,4,8.7,1,7,4,2,1,2,2,9,6,7,9,10,1,Low
1,4,5,8.4,0,4,4,5,7,4,3,8,2,10,8,8,1,Low
5,7,3,7.6,1,4,5,5,7,0,8,8,3,6,7,9,0,Low
4,5,9,7.2,2,4,6,5,5,2,2,6,4,7,3,9,2,Medium
4,8,6,6.0,4,6,6,6,4,7,6,8,2,4,6,6,2,Low
5,4,6,8.2,1,5,2,3,8,1,3,6,5,5,4,8,1,Low
7,5,8,7.7,2,4,6,9,10,6,7,5,2,4,5,1,2,High
5,6,6,6.1,1,4,6,5,7,7,1,5,3,5,5,5,0,High
3,7,7,6.9,0,2,4,6,8,1,7,6,2,5,7,10,0,Medium
8,11,6,6.0,4,7,6,5,7,7,6,7,6,4,5,8,0,High
2,6,4,9.1,0,1,3,4,5,4,2,8,5,10,8,5,0,Low
1,1,2,7.0,0,4,1,3,2,2,4,8,3,9,6,9,0,Low
1,2,6,7.2,0,4,6,7,6,6,8,6,3,3,7,3,0,Medium
5,5,8,5.5,1,6,7,6,8,1,5,6,4,6,6,5,0,Medium
6,7,8,5.6,0,8,7,4,8,2,1,6,3,6,6,6,0,Medium
3,2,6,8.5,0,3,2,3,6,1,4,7,4,8,6,6,0,Low
4,12,8,5.9,1,5,8,5,6,5,8,6,5,5,4,6,0,High
3,7,2,5.7,0,3,3,3,8,0,2,8,4,7,8,5,0,Low
6,5,7,7.5,0,7,3,4,6,2,6,7,4,6,4,8,1,Low
4,8,3,9.5,0,6,5,1,6,1,2,7,3,8,7,10,0,Low
4,4,7,5.1,2,8,9,8,5,8,7,5,3,4,3,1,0,High
6,7,7,6.9,0,9,3,7,7,3,5,4,1,7,6,7,1,High
6,9,5,9.2,0,5,1,2,6,0,2,9,6,9,8,10,0,Low
3,4,2,8.2,0,3,2,2,2,2,4,7,7,10,7,9,0,Low
1,10,2,9.0,1,2,6,4,6,3,7,8,2,6,6,7,0,Low
8,10,6,6.0,2,5,7,2,6,5,5,5,6,5,8,7,1,High
2,8,6,8.9,0,5,3,3,7,2,1,8,4,6,8,10,1,Low
5,10,6,7.1,0,2,7,7,10,6,9,3,1,3,3,5,0,High
3,7,5,6.9,0,4,6,7,9,5,5,6,3,4,6,10,1,Medium
4,5,7,5.8,2,5,5,6,8,5,5,7,3,8,5,5,0,Medium
4,5,4,6.7,0,7,1,6,7,4,4,8,3,6,6,10,0,Low
3,6,6,4.7,0,5,7,6,5,5,7,7,4,6,4,5,0,High
5,7,6,7.6,0,6,6,3,4,2,4,8,3,4,7,6,0,Low
6,6,6,7.7,0,9,6,8,9,1,6,8,4,6,7,9,0,Medium
2,7,3,7.5,0,1,4,5,6,4,6,7,6,2,5,5,0,Medium
2,7,5,7.7,1,7,4,1,4,0,4,7,4,8,6,10,0,Low
4,10,7,7.8,1,6,10,7,3,4,8,5,1,4,5,3,1,High
3,1,3,7.6,2,7,9,2,8,3,2,7,2,8,4,9,1,Low
7,9,10,5.0,3,9,7,6,5,7,6,6,4,6,2,6,0,High
1,2,2,8.6,0,2,5,3,4,2,3,8,4,8,6,7,0,Low
5,10,6,8.8,0,6,2,5,7,5,3,7,4,6,7,6,0,Medium
3,3,5,8.7,0,2,2,5,1,3,2,7,3,8,7,6,0,Low
3,3,6,6.8,2,4,7,5,9,1,4,6,2,9,7,5,0,Medium
6,10,10,6.0,1,8,2,4,5,5,6,6,5,5,7,8,0,Medium
3,1,5,8.3,1,5,5,6,5,5,5,9,1,5,4,7,0,Low
2,1,5,7.7,1,6,6,3,4,0,4,8,1,7,5,9,0,Low
4,9,5,7.4,0,8,4,4,2,3,2,8,3,8,9,8,0,Low
5,3,6,7.7,0,3,6,6,5,6,6,9,2,7,6,5,1,Medium
5,7,7,8.3,0,8,4,3,4,0,6,7,3,7,5,8,0,Medium
2,4,2,8.5,0,5,3,4,3,1,6,9,3,7,8,8,1,Low
6,7,6,6.0,1,3,10,7,10,7,6,4,2,3,6,1,0,High
2,2,4,8.7,0,3,7,7,4,3,10,8,2,9,7,6,1,Medium
2,2,4,7.7,1,3,8,4,4,8,7,6,4,7,3,4,1,Medium
4,6,5,7.9,1,3,4,4,2,4,3,6,5,7,4,5,0,Medium
3,5,3,8.2,0,2,4,8,7,5,9,6,3,8,6,6,0,Medium
6,10,10,4.9,2,5,7,7,3,5,6,6,5,6,6,7,1,High
2,1,2,6.3,0,2,2,3,4,0,3,8,0,6,7,10,0,Low
6,6,5,7.4,0,2,7,6,10,5,7,4,2,6,2,6,0,High
6,7,5,6.5,1,8,6,6,6,7,7,6,5,4,7,6,0,High
5,4,4,6.0,1,1,6,7,7,4,6,6,2,9,4,5,0,Medium
2,3,3,7.7,0,4,7,7,4,4,1,6,5,5,7,10,0,Low
5,10,8,7.1,5,8,3,7,6,3,5,7,2,8,8,8,0,Medium
4,4,4,8.4,0,2,4,2,5,1,5,9,4,10,6,10,0,Low
4,6,8,7.5,0,4,10,4,8,3,7,7,0,3,7,2,2,High
3,4,5,7.6,0,4,7,4,9,5,4,8,4,3,5,3,0,Medium
5,10,6,6.1,1,6,5,2,6,6,5,5,3,7,7,5,2,High
4,3,8,7.1,5,7,8,9,6,6,8,4,2,7,3,7,0,High
5,5,5,7.7,1,5,6,4,7,5,9,6,2,6,5,8,0,High
5,6,6,7.1,1,4,8,5,8,2,4,6,4,4,4,4,0,High
4,6,2,8.0,0,2,4,2,4,2,1,8,5,10,9,9,0,Low
5,5,4,7.8,0,6,3,2,6,3,4,8,5,10,10,8,0,Low
1,5,4,7.7,0,3,4,6,6,1,3,8,3,6,6,6,0,Low
4,9,8,6.9,3,6,7,5,10,5,5,6,3,6,1,4,1,High
1,2,3,8.1,0,5,6,8,8,2,5,6,5,7,5,6,2,Medium
3,3,5,7.9,1,4,4,6,3,1,4,7,7,7,8,6,1,Low
1,4,4,9.2,0,4,6,5,2,5,3,6,0,5,6,10,0,Low
2,1,2,7.5,0,8,4,1,5,4,1,5,5,6,7,6,1,Low
4,7,4,7.4,0,5,4,4,5,6,4,5,1,3,8,6,0,Medium
2,5,4,7.9,0,6,2,7,4,1,1,9,4,9,8,9,0,Low
5,8,4,7.6,2,6,5,6,5,5,6,8,2,5,7,6,1,Medium
2,7,4,8.6,0,4,6,5,5,5,6,6,4,8,5,7,1,Medium
5,7,8,5.4,2,7,7,6,7,7,9,6,1,5,2,2,1,High
3,3,5,10.0,0,5,8,7,7,5,4,4,1,5,5,3,0,High
4,1,3,7.4,0,6,3,5,4,5,5,6,4,9,7,7,0,Low
4,4,4,7.5,1,5,3,6,5,3,7,6,1,5,8,4,1,Medium
5,10,4,7.4,0,4,6,5,6,0,1,9,3,7,9,7,0,Low
2,4,5,7.6,0,3,2,6,5,3,4,9,3,8,8,6,0,Low
3,5,9,6.6,1,6,7,6,6,3,6,6,2,5,6,5,0,High
3,1,3,9.7,0,2,3,1,4,4,2,9,5,9,8,6,0,Low
1,4,2,7.2,0,5,4,3,4,2,3,8,3,7,6,5,0,Low
4,5,4,6.9,0,6,3,3,8,4,4,10,3,7,7,7,2,Low
6,5,6,5.7,2,6,5,5,10,4,2,7,3,7,6,8,0,Medium
3,4,5,8.6,0,8,4,6,7,0,4,6,4,8,5,10,0,Low
2,7,4,8.6,0,5,4,9,3,5,7,8,3,6,3,8,1,Medium
6,6,8,6.0,0,4,5,6,5,2,5,6,1,5,5,7,0,Medium
5,4,4,7.8,0,4,7,7,9,9,9,7,3,3,3,7,0,High
3,7,5,6.2,0,3,7,2,5,2,4,8,4,5,6,6,0,Low
4,4,5,7.4,2,4,3,3,4,1,3,6,5,6,6,8,0,Low
3,7,6,6.6,0,2,3,4,3,0,4,8,3,7,7,8,0,Low
6,9,8,7.5,2,6,2,2,4,0,7,8,6,10,7,9,0,Low
4,6,4,7.0,3,6,6,6,6,5,6,6,4,6,4,4,2,Medium
6,4,9,7.2,1,4,3,5,2,2,9,6,2,7,5,7,1,Medium
8,7,7,5.7,1,4,10,4,10,7,8,4,1,2,3,2,0,High
3,6,9,7.6,1,3,4,6,6,3,3,8,3,6,6,8,0,Low
3,6,7,5.9,0,4,5,7,3,1,8,9,2,6,6,5,1,Medium
2,7,4,6.9,0,5,5,5,7,2,5,9,5,8,7,9,0,Low
6,11,8,7.2,3,6,4,5,6,2,5,6,2,5,6,6,0,High
4,5,7,7.2,0,5,4,4,8,5,7,4,4,7,7,4,0,High
4,8,4,8.0,4,6,4,4,4,6,6,6,4,6,4,6,2,Medium
3,4,7,7.8,1,4,4,8,6,6,5,6,4,5,8,9,0,Low
7,9,9,5.6,2,7,5,3,7,1,6,7,2,6,8,5,0,High
1,4,6,8.2,1,3,6,10,8,5,6,7,1,2,5,7,0,Medium
6,7,7,5.2,2,10,3,7,8,5,4,6,4,5,5,7,0,High
3,7,8,8.6,0,5,4,6,8,4,4,8,4,7,5,8,0,Low
4,2,7,8.6,0,3,6,9,9,7,3,7,5,4,6,5,0,Medium
4,4,7,7.5,2,1,10,10,10,6,8,5,0,1,3,3,0,High
4,4,3,7.9,0,4,2,3,4,0,4,7,2,6,9,6,1,Low
6,5,7,8.6,0,2,9,4,7,8,7,7,1,4,6,8,0,High
4,2,3,9.7,1,5,2,3,3,3,5,9,6,10,7,10,0,Low
4,8,6,6.8,2,5,5,7,10,6,7,6,2,5,2,4,1,High
6,8,4,7.3,1,8,9,5,5,8,6,3,4,4,4,9,0,High
4,1,7,7.7,0,3,2,2,9,0,3,8,3,9,7,8,0,Low
5,7,7,6.2,0,5,8,6,6,4,6,5,1,5,6,6,0,High
4,6,6,6.0,4,6,4,6,6,5,6,6,2,4,6,6,4,Low
3,2,6,7.0,0,3,4,8,5,3,4,6,1,9,8,8,0,Low
7,6,9,6.8,7,9,4,6,5,2,8,6,3,2,3,3,0,High
6,9,6,7.6,0,7,8,6,5,4,8,6,5,4,4,6,0,High
5,4,6,7.5,2,4,7,2,7,4,4,6,0,7,7,6,0,Medium
3,2,2,7.8,1,7,4,6,6,3,6,8,2,5,8,6,0,Low
3,7,6,7.9,1,6,5,4,6,0,7,6,3,4,5,6,1,Medium
3,7,6,7.4,0,2,6,6,7,5,4,8,2,7,8,8,0,Medium
5,3,5,7.2,0,6,4,5,5,3,7,8,3,5,8,6,0,Low
3,8,4,6.1,1,4,6,4,5,7,2,7,7,7,8,5,1,Medium
4,8,6,7.9,0,5,7,4,10,5,9,5,1,4,4,5,1,High
3,6,5,8.5,0,5,3,3,4,1,3,9,4,8,5,7,0,Low
4,8,7,9.1,0,1,3,4,6,4,4,7,1,5,4,6,0,Medium
4,4,4,7.9,0,5,3,4,4,1,4,9,1,8,6,7,0,Low
4,7,10,6.5,3,5,8,9,7,8,10,3,2,6,6,5,1,High
6,5,4,7.9,1,4,4,3,6,1,8,7,1,6,9,5,0,Medium
2,3,4,9.0,0,2,5,3,4,1,3,8,2,4,6,5,0,Low
1,3,5,6.9,0,7,3,5,3,4,4,8,4,7,9,7,0,Low
4,1,7,8.0,0,2,3,6,7,4,5,6,4,5,4,6,0,Medium
6,4,6,8.2,0,8,2,7,6,2,3,7,3,6,4,6,0,Low
3,5,6,7.3,0,2,8,6,7,0,7,7,2,4,10,3,0,Medium
4,8,7,7.9,0,7,1,1,2,3,2,6,2,8,6,10,0,Low
3,6,5,6.7,1,7,5,7,9,2,4,4,4,6,1,5,0,High
5,5,3,8.4,0,5,1,6,5,0,4,8,3,6,7,8,0,Low
1,1,2,9.8,0,3,2,6,3,2,3,10,4,7,8,9,0,Low
2,3,7,7.1,0,4,6,6,9,4,8,6,0,6,5,6,0,High
2,4,4,7.3,0,3,4,5,7,2,4,8,5,10,10,6,0,Low
4,11,8,5.9,2,5,6,5,6,6,7,6,2,8,6,6,0,High
3,4,7,6.9,0,4,2,5,4,2,6,8,5,6,8,10,0,Low
7,8,5,4.5,0,4,6,5,8,2,7,5,1,3,2,5,1,High
4,4,4,7.1,0,3,6,3,4,4,6,6,3,3,4,8,3,Medium
3,5,1,8.0,0,8,2,5,10,3,4,6,3,8,8,9,0,Low
4,5,7,8.5,0,2,2,4,3,3,3,8,5,7,7,6,0,Low
5,9,7,5.6,2,8,7,3,7,4,6,5,1,8,6,10,0,High
4,7,7,7.3,0,3,4,6,5,8,6,7,4,7,7,9,0,Low
2,4,4,8.8,0,2,5,1,4,6,5,8,1,5,6,4,0,Low
6,7,10,5.5,3,5,6,5,5,3,9,5,1,5,6,5,0,High
3,5,5,8.2,0,3,2,1,7,0,3,6,5,6,7,10,0,Low
3,6,6,8.8,0,6,5,7,7,6,6,7,1,5,4,8,0,Medium
2,2,3,6.8,0,3,7,5,6,7,7,7,3,5,7,2,0,Medium
6,6,7,6.9,0,5,9,6,6,7,7,6,4,4,5,4,0,High
3,7,8,8.2,0,10,4,5,4,3,4,6,0,8,6,5,0,Medium
3,3,3,7.1,2,5,4,6,7,3,2,6,4,4,6,10,0,Low
3,3,4,9.3,0,5,4,4,6,0,5,8,6,10,8,10,0,Low
6,4,4,8.5,0,3,6,5,6,2,1,8,3,6,10,7,1,Low
2,3,5,8.8,2,3,4,5,7,3,3,8,1,1,4,5,1,Medium
4,6,5,7.6,1,5,5,6,7,2,6,9,1,3,7,8,1,Medium
5,7,6,8.4,0,7,7,4,3,5,5,8,1,6,6,6,1,Medium
4,6,4,7.0,5,6,4,6,6,5,6,6,2,6,4,4,4,Medium
4,6,6,6.2,0,8,5,1,7,4,1,7,3,8,7,9,0,Low
5,2,9,6.9,0,4,7,8,6,3,5,6,4,6,8,7,0,Medium
4,8,6,8.3,0,6,6,4,6,5,7,6,2,7,5,4,0,Medium
5,6,5,8.3,0,6,4,7,4,0,2,7,3,7,6,9,0,Low
4,4,6,7.2,0,4,6,7,6,3,7,5,4,6,4,7,2,Medium
6,7,6,8.3,0,4,6,6,6,5,8,5,4,6,5,9,1,High
4,4,6,7.7,1,2,5,6,7,7,3,6,3,7,7,5,0,Medium
5,6,4,7.5,1,5,9,5,7,6,8,7,1,4,2,7,1,High
4,1,1,9.3,0,5,3,6,1,2,3,9,3,10,9,10,1,Low
5,8,6,6.3,0,4,5,4,7,6,6,6,4,6,7,8,0,Medium
5,11,9,6.3,2,8,4,7,7,4,5,7,3,4,7,6,0,Medium
4,8,4,6.0,3,8,6,6,6,6,4,6,4,4,6,6,2,Low
6,7,7,6.1,0,5,4,3,5,4,5,6,0,6,5,6,2,Medium
8,4,8,7.1,1,5,3,7,4,3,3,6,3,9,8,6,1,Medium
4,4,4,5.9,0,3,8,5,8,2,6,5,2,6,5,3,1,Medium
4,5,6,6.5,1,3,8,7,7,5,8,7,3,6,2,7,1,High
3,7,7,6.4,0,4,4,1,5,1,3,8,1,5,7,5,0,Medium
4,6,5,8.8,0,5,1,3,7,1,4,8,4,10,8,5,0,Low
3,4,2,7.3,0,4,3,5,4,2,7,6,5,7,6,8,0,Low
4,8,5,8.4,2,4,5,6,1,4,8,8,3,5,7,7,0,Medium
3,9,8,6.4,1,7,3,5,6,0,8,6,4,3,6,8,0,Medium
5,6,8,8.0,1,5,1,2,4,0,2,8,4,10,10,8,0,Low
3,7,1,8.0,2,6,2,8,7,7,7,7,2,4,4,4,0,Medium
3,2,5,6.4,0,6,7,3,7,6,2,8,1,4,5,7,0,Medium
6,2,3,8.0,0,6,5,4,4,5,4,7,5,5,7,9,1,Low
5,6,8,6.9,0,4,9,9,9,5,8,4,3,6,7,6,1,High
6,6,7,7.9,0,6,5,2,3,7,2,7,4,7,4,9,0,Medium
7,10,8,5.5,1,9,3,4,5,1,3,6,4,8,10,7,0,Low
4,6,6,6.7,0,4,7,4,5,3,6,8,5,5,9,7,1,Low
7,5,8,7.3,1,3,6,7,9,6,5,7,5,4,3,5,0,High
5,7,7,7.5,0,4,5,7,6,7,10,5,2,4,4,3,1,High
3,4,3,7.0,0,3,5,4,6,5,6,7,3,4,6,3,1,Medium
6,1,8,6.2,1,3,6,6,7,0,6,7,3,7,7,4,0,Medium
4,8,6,7.0,4,8,4,4,6,6,4,6,4,6,6,6,2,Medium
1,1,2,8.3,0,1,2,3,4,3,3,7,5,6,8,10,0,Low
3,4,5,7.3,0,3,5,5,7,3,6,7,3,6,7,6,0,Medium
2,5,6,6.8,1,6,5,3,5,2,2,7,5,8,4,6,0,Low
3,10,10,7.3,1,5,5,1,7,5,2,7,3,5,5,6,0,Medium
4,5,5,7.6,0,4,9,6,9,4,5,6,1,7,7,7,0,High
3,1,4,8.5,0,4,5,8,7,6,8,7,4,6,5,5,0,Medium
4,8,6,8.0,5,6,6,6,6,7,6,8,4,4,6,6,2,Medium
1,4,1,8.2,0,2,1,4,7,1,1,10,5,9,10,9,0,Low
3,6,3,8.9,0,5,6,6,8,2,5,6,2,6,5,7,0,Low
4,8,7,6.1,0,3,5,4,8,5,3,5,2,6,4,5,1,High
5,2,5,6.1,0,4,6,5,6,6,7,8,3,7,5,5,0,Medium
7,8,7,6.7,1,7,8,4,7,4,6,7,5,7,4,5,0,High
3,3,3,7.8,1,7,7,8,4,8,7,7,1,4,3,5,0,High
4,5,5,7.2,1,3,3,4,9,4,2,6,5,5,5,5,0,Low
2,4,4,7.7,1,2,4,9,8,4,3,5,0,6,3,7,1,Medium
7,7,8,6.7,2,7,7,8,7,3,7,5,0,4,5,8,0,High
7,6,4,7.0,1,6,6,3,8,8,3,6,1,3,4,4,1,High
5,4,6,8.4,1,4,4,7,6,1,5,7,5,9,8,7,0,Low
4,10,5,7.5,1,4,1,4,2,1,3,8,3,8,10,7,0,Low
3,6,5,7.6,1,4,8,4,6,2,2,7,1,6,7,7,0,Low
5,8,5,7.0,3,7,8,7,7,2,6,7,5,7,7,9,0,High
2,4,5,8.4,0,3,5,6,5,5,3,6,3,6,10,8,0,Low
4,4,4,6.8,1,6,4,5,6,5,8,7,5,6,6,4,0,Medium
5,11,7,6.8,1,6,8,7,8,4,10,7,5,6,5,7,0,High
4,5,2,7.9,2,5,8,6,7,4,6,6,3,5,6,3,1,High
5,8,4,6.7,1,6,5,6,9,4,7,7,5,5,4,5,0,High
3,6,5,6.6,1,4,8,5,5,4,7,7,2,7,9,7,0,Medium
5,7,9,5.4,0,8,5,4,7,5,6,6,1,8,5,5,1,Medium
4,8,7,4.4,1,3,5,8,6,8,8,7,3,3,4,4,1,High
3,6,5,7.7,0,4,3,2,6,0,1,6,4,9,6,8,0,Low
7,5,4,7.3,0,5,2,5,4,5,5,9,4,7,8,7,0,Low
6,5,4,6.4,2,5,4,7,7,9,6,8,4,6,5,8,0,Medium
5,6,6,8.1,3,5,8,9,10,8,9,8,0,5,4,2,0,High
5,3,7,6.1,0,4,6,5,6,5,4,6,2,4,5,5,1,Medium
2,4,6,8.2,1,3,2,3,4,5,3,7,3,5,5,7,0,Low
4,6,8,7.5,0,5,5,9,8,3,4,7,4,5,4,3,0,High
3,2,5,8.7,0,2,4,6,7,5,7,6,1,7,2,4,1,High
8,5,7,7.1,0,8,4,4,6,3,4,7,6,6,7,8,0,Low
2,4,3,6.2,2,4,4,6,5,3,3,7,0,6,8,5,0,Medium
4,6,6,7.9,0,2,8,6,4,7,8,5,5,5,5,7,0,Medium
1,4,7,8.8,1,1,7,7,10,5,5,7,2,4,2,2,1,High
4,8,4,5.6,1,6,6,10,6,1,5,7,3,6,5,9,0,Medium
6,7,8,7.5,1,6,4,3,4,4,5,6,4,5,2,8,0,Medium
6,6,9,7.6,0,4,2,2,7,3,3,5,0,6,9,8,0,Medium
4,4,5,6.9,1,5,6,8,5,5,3,6,2,5,4,5,0,Medium
6,6,7,4.9,3,4,6,4,7,3,6,6,3,6,7,7,0,Medium
4,8,9,6.6,1,5,6,6,9,1,6,7,5,5,6,10,0,Medium
5,9,7,6.7,1,9,5,5,3,0,4,6,4,10,8,6,0,Low
7,8,9,7.5,2,10,8,3,7,3,7,7,4,2,8,4,1,High
6,9,4,6.9,0,6,7,6,6,0,1,6,7,4,4,7,0,Medium
3,7,6,7.2,0,6,3,4,3,2,5,6,4,7,7,7,0,Low
2,3,5,7.5,1,4,6,8,4,5,6,7,3,7,6,8,0,Low
7,10,6,6.4,1,3,8,6,8,3,8,3,0,7,3,5,1,High
3,5,5,7.1,1,4,4,7,9,5,5,6,4,6,5,5,0,High
5,8,8,6.1,1,2,3,7,4,0,6,5,3,7,8,9,1,Medium
6,6,4,7.0,5,8,6,6,6,7,4,6,4,6,6,4,4,Medium
6,11,10,5.2,5,10,8,7,10,5,7,6,0,7,4,5,1,High
2,4,5,6.0,1,8,1,1,5,0,1,8,4,7,9,9,0,Low
6,5,5,8.1,0,5,1,6,2,3,5,9,5,7,7,8,0,Low
2,1,5,7.4,1,3,8,8,8,7,7,4,4,4,3,3,0,High
4,7,7,7.1,0,5,5,7,8,4,5,6,4,5,6,6,2,Medium
2,6,5,7.7,1,6,5,4,8,0,3,9,6,8,6,8,0,Low
4,8,7,7.2,0,6,3,6,8,4,3,7,3,5,6,5,0,Medium
3,7,5,7.9,0,5,5,6,7,7,5,7,6,8,7,6,0,Medium
6,8,8,6.2,0,3,3,5,8,4,7,7,3,2,7,7,0,Medium
5,7,7,7.3,0,6,5,10,5,7,6,5,2,4,6,6,1,High
6,8,7,5.5,1,6,4,5,5,2,5,6,3,7,8,6,0,Medium
1,2,2,9.0,0,3,4,6,3,5,5,8,3,6,7,7,0,Low
7,5,7,6.9,1,7,5,4,9,5,2,8,3,7,6,9,0,Medium
3,7,4,7.8,0,3,4,5,6,2,7,6,4,7,8,6,0,Medium
4,9,7,6.0,1,6,1,6,5,1,3,7,5,8,6,9,1,Medium
6,6,8,7.0,0,5,2,4,7,3,1,8,1,9,8,10,1,Low
6,5,7,6.0,0,6,3,5,6,2,3,8,3,7,8,6,0,Low
6,6,6,6.0,4,6,4,6,6,6,4,6,2,4,6,4,2,Low
4,6,4,8.0,0,4,4,5,6,0,3,5,2,10,9,10,0,Low
5,8,7,5.5,1,4,2,3,8,5,4,8,1,8,5,5,0,Medium
4,5,4,7.4,0,6,2,4,3,1,5,9,5,8,7,8,0,Low
1,8,5,9.4,0,5,2,1,5,0,5,10,6,9,9,8,0,Low
4,3,3,7.9,0,5,1,4,6,3,5,8,5,8,7,7,0,Low
3,4,3,8.1,1,1,5,7,5,1,5,9,5,4,7,10,0,Low
6,9,5,6.1,0,9,2,7,7,1,3,7,5,4,7,5,0,Medium
7,8,9,6.6,2,4,6,4,10,8,9,6,2,8,4,2,2,High
4,6,4,7.7,0,8,6,6,5,2,3,8,6,5,6,7,0,Low
2,7,5,7.1,1,6,5,8,5,6,7,7,1,5,4,6,1,Medium
7,7,3,7.2,1,5,8,6,5,8,4,8,5,6,6,6,0,Medium
4,10,5,6.7,0,9,4,7,3,4,3,4,5,7,7,6,0,High
3,6,4,7.8,2,5,4,3,5,1,4,8,5,7,6,9,0,Low
2,2,5,7.1,0,3,6,4,7,4,3,6,3,5,4,9,0,Low
4,8,5,7.9,1,5,5,3,8,2,6,8,3,7,5,8,0,Low
3,1,3,6.9,0,5,5,6,5,4,4,6,3,8,6,8,0,Low
5,9,9,7.2,1,5,4,5,6,5,4,6,1,7,7,7,0,Medium
6,9,10,8.3,0,6,1,3,5,4,3,8,5,8,6,7,0,Low
5,11,10,7.0,3,6,4,5,7,1,4,7,2,2,3,3,0,High
5,7,9,7.2,0,4,8,5,4,6,7,7,2,6,3,4,0,High
4,3,9,7.3,0,4,7,3,4,3,4,8,1,7,5,7,0,Medium
7,12,10,6.0,1,10,5,6,9,3,9,5,1,5,5,9,0,High
1,2,2,7.8,0,4,2,7,8,5,7,7,7,9,4,5,1,Low
5,3,3,7.7,0,5,3,6,6,1,4,6,3,5,7,10,0,Low
5,9,9,7.3,3,5,4,10,7,2,6,5,5,6,7,6,0,High
1,8,3,8.0,0,4,3,5,7,5,4,8,1,9,5,5,0,Low
7,7,5,7.7,0,6,2,7,4,2,2,8,2,7,6,7,1,Low
4,5,3,8.9,0,8,4,4,4,4,1,9,4,4,8,8,0,Low
4,6,5,7.3,1,6,5,4,5,2,3,5,3,9,5,9,0,Low
3,3,3,7.4,1,6,8,6,7,5,8,6,2,3,5,6,1,High
2,3,2,6.3,0,5,3,5,3,3,5,7,4,5,8,5,0,Low
6,8,5,8.4,0,3,9,8,7,7,9,3,0,5,2,7,1,High
5,6,5,6.5,1,5,7,4,8,6,7,7,4,4,2,4,0,High
1,3,7,7.7,2,2,8,5,7,6,6,7,5,4,4,3,0,High
6,7,7,6.2,3,8,4,8,4,4,5,5,4,4,4,6,1,High
7,9,8,5.9,1,4,8,8,7,2,10,5,0,4,4,6,2,High
5,4,7,6.9,0,5,4,7,6,4,5,7,4,9,10,9,0,Low
1,3,2,7.9,0,5,2,2,4,0,1,10,4,6,8,6,0,Low
1,7,5,6.3,0,2,5,4,3,1,2,7,2,7,6,10,0,Low
3,9,7,8.0,0,5,8,4,8,3,7,5,4,3,6,4,1,High
8,12,9,6.2,4,3,4,7,6,5,4,4,3,9,7,7,2,High
6,10,5,5.8,1,6,4,4,7,3,5,8,3,4,9,7,1,Medium
2,7,6,7.4,0,6,5,6,9,8,3,7,2,6,4,6,0,Medium
5,6,4,7.6,1,4,5,6,6,1,5,5,1,6,4,6,0,Medium
5,9,7,6.1,0,7,7,3,3,2,7,5,1,5,4,8,0,Medium
2,6,3,8.7,0,4,3,5,8,0,3,7,3,6,7,8,0,Low
4,5,4,7.9,0,8,5,6,1,0,2,6,4,5,7,10,0,Low
3,7,7,5.6,1,4,7,7,7,4,7,8,2,7,4,3,0,High
5,6,6,7.7,0,4,5,5,8,6,5,6,4,4,6,10,0,Medium
4,6,5,7.8,1,2,2,4,4,5,4,8,3,6,5,4,0,Medium
6,7,7,8.5,0,6,7,7,4,3,2,7,4,6,5,10,0,Low
3,4,3,8.4,0,3,4,4,5,2,5,7,5,8,7,6,0,Low
2,3,4,8.1,1,5,7,4,5,4,3,8,3,10,6,8,0,Low
3,8,4,7.4,0,4,2,2,3,4,4,8,5,6,7,7,1,Low
1,2,1,10.0,0,2,4,1,4,1,1,9,5,8,9,7,0,Low
5,5,6,7.2,0,3,4,7,8,2,7,8,3,8,7,6,0,Medium
7,6,8,7.4,2,6,7,4,5,2,5,8,1,9,6,9,1,Medium
4,6,8,6.4,1,9,8,5,8,2,6,5,1,5,6,6,0,High
5,8,7,7.5,1,1,7,9,5,6,6,6,4,6,7,8,0,Medium
6,5,3,7.8,0,6,4,6,9,3,8,5,0,8,8,7,0,Medium
8,11,10,6.4,0,10,7,4,7,2,6,6,6,4,9,8,0,High
5,5,2,7.3,0,3,8,7,6,6,7,7,2,8,6,10,0,Medium
4,8,7,6.6,0,6,5,6,7,3,6,6,0,4,7,7,0,Medium
5,4,9,5.9,1,7,6,6,9,7,5,6,2,6,5,4,0,High
5,6,7,6.9,1,5,6,4,4,0,6,7,0,6,8,4,0,Medium
6,8,7,7.0,1,4,3,7,5,6,9,7,0,4,4,9,0,High
7,9,8,5.8,0,8,7,7,7,3,6,4,3,6,6,6,0,High
2,4,6,5.8,0,5,8,5,4,2,5,7,0,5,3,6,0,Medium
6,9,10,7.0,0,6,3,1,3,1,4,6,1,8,5,6,0,Medium
5,7,4,8.0,0,7,1,5,1,2,4,8,5,7,9,6,0,Low
4,3,4,7.5,1,7,6,6,7,2,6,8,3,4,7,10,0,Low
5,9,6,5.9,1,5,4,7,3,5,7,4,3,5,3,3,0,High
3,5,9,7.3,1,6,3,6,6,3,5,6,3,5,7,4,0,Medium
5,9,5,6.8,1,6,6,7,1,1,5,8,3,8,7,5,1,Medium
4,3,6,8.2,0,4,7,4,6,5,5,7,4,6,7,6,0,Medium
4,8,4,8.0,5,6,6,4,6,6,6,6,4,4,4,4,2,Low
3,5,7,8.2,0,3,8,4,6,1,5,6,3,4,4,7,0,Medium
2,1,5,9.2,0,3,7,7,9,5,2,9,3,6,3,8,0,Low
4,8,8,7.2,1,7,2,4,7,3,1,8,0,5,6,7,1,Medium
3,1,5,7.8,1,2,6,7,6,4,6,6,1,5,6,6,0,Medium
1,4,4,8.4,0,6,6,5,4,2,4,9,6,5,9,6,2,Low
6,8,6,6.4,1,6,3,4,7,5,4,8,3,7,5,8,0,Medium
6,7,7,5.8,1,8,8,8,9,6,7,3,2,4,2,4,0,High
1,1,8,8.0,1,4,5,9,6,7,9,7,3,7,3,5,2,Medium
1,7,4,9.1,1,5,6,6,3,4,4,9,2,5,4,9,0,Low
6,6,7,6.0,0,6,6,2,8,4,6,6,3,6,5,4,0,High
5,5,3,8.5,0,6,5,5,6,2,8,8,2,6,7,8,1,Low
5,9,6,7.6,0,10,3,2,3,0,1,7,4,9,5,10,0,Low
4,2,4,8.0,1,4,1,6,1,4,7,7,3,9,7,7,0,Low
3,1,4,9.3,0,3,3,4,7,4,6,9,2,6,8,10,0,Low
5,8,7,8.7,1,5,4,3,6,7,4,8,2,5,8,8,0,Low
3,2,7,7.8,0,5,7,7,5,6,1,7,2,6,6,3,1,Medium
2,6,6,8.7,0,1,4,6,6,3,9,7,2,8,5,7,0,Low
4,5,5,6.8,1,4,5,4,6,2,7,7,3,5,8,8,0,Low
7,9,5,6.7,0,4,4,3,6,3,3,6,3,7,8,6,0,Medium
2,5,3,6.7,0,2,6,3,6,1,8,7,7,6,5,6,0,Low
8,9,9,5.9,1,9,4,5,7,3,2,6,4,8,8,8,0,Medium
3,3,5,8.2,0,4,4,4,4,2,5,8,0,7,4,3,1,Medium
4,5,6,7.5,0,4,4,6,5,3,4,7,4,6,8,8,1,Low
6,5,5,8.4,1,4,9,7,9,5,6,5,2,3,4,3,1,High
5,3,6,9.8,0,5,1,3,3,3,2,10,7,7,9,9,0,Low
6,3,3,7.4,0,5,1,4,9,2,4,6,4,7,7,9,0,Low
1,5,3,7.5,0,1,6,5,6,5,3,8,6,5,9,5,0,Low
4,8,4,6.0,3,8,6,6,6,7,6,6,4,4,6,6,2,Medium
4,6,5,8.2,0,2,4,8,4,4,5,7,1,5,7,7,1,Medium
3,4,7,7.6,0,3,8,6,8,2,5,6,0,4,6,6,0,Medium
3,7,6,7.4,2,5,6,2,5,6,7,8,4,5,8,6,0,Medium
6,11,8,6.9,3,5,3,2,7,2,4,7,2,7,7,4,0,Medium
4,7,8,6.0,0,8,4,7,5,3,1,6,2,6,6,6,0,Medium
3,3,3,7.0,0,7,4,5,6,4,4,6,4,6,7,6,0,Medium
3,5,6,7.2,0,7,5,5,5,2,5,6,3,4,6,6,0,Medium
4,1,4,8.2,0,2,4,5,6,1,4,7,3,6,8,4,0,Low
6,6,5,7.0,0,6,7,6,8,4,7,7,1,3,4,5,0,Medium
5,2,3,7.7,0,3,7,8,7,1,7,7,0,4,5,6,0,Medium
1,7,4,6.8,0,3,1,4,6,4,2,9,6,6,7,8,0,Low
6,6,7,6.0,1,7,1,4,2,2,5,6,6,7,10,7,0,Low
2,5,7,8.4,0,9,4,2,5,0,3,8,4,8,7,7,0,Low
4,7,9,6.6,0,2,5,3,7,4,7,7,2,5,5,4,0,Medium
5,5,8,6.3,2,9,5,6,6,5,5,7,1,4,3,6,1,High
4,9,6,6.3,1,5,7,6,2,3,6,5,2,3,8,6,0,High
4,9,5,6.8,1,5,5,5,2,0,3,9,7,10,7,7,0,Low
2,8,5,6.4,1,4,5,10,8,5,7,7,4,3,6,5,1,High
4,10,7,7.5,2,9,1,2,6,4,5,8,4,6,5,8,0,Medium
3,5,5,7.4,0,5,5,4,7,4,6,8,0,5,4,4,0,Medium
6,11,9,6.6,1,7,5,7,7,5,7,5,3,7,6,8,0,High
8,8,6,7.3,0,9,4,4,3,4,5,6,3,7,5,6,0,Medium
5,6,7,7.5,1,7,4,7,4,6,1,7,3,5,7,6,0,Medium
6,6,6,6.0,5,8,6,6,4,6,4,6,2,4,4,6,2,Medium
1,3,3,7.7,0,4,10,10,9,5,7,5,4,1,5,1,2,Medium
3,4,7,8.4,0,4,5,5,10,4,7,7,3,6,8,3,0,Medium
7,6,9,6.8,3,3,6,10,7,6,5,6,3,1,6,6,1,High
6,8,7,7.1,2,9,7,2,6,2,9,6,3,5,8,7,0,High
2,5,7,7.0,0,2,6,6,6,3,2,7,3,5,5,4,0,Medium
4,3,4,8.1,0,4,3,4,5,5,4,5,5,7,9,9,0,Low
1,2,1,6.7,0,2,10,3,4,4,6,5,1,7,3,4,0,Medium
3,8,6,8.8,1,5,1,3,5,2,4,8,2,6,9,6,0,Low
4,8,6,6.0,3,6,6,4,6,5,6,6,2,6,4,6,2,High
5,8,6,6.3,0,7,3,4,6,4,6,5,0,3,4,6,0,High
4,7,6,6.7,0,7,2,3,7,2,3,9,6,9,10,10,0,Low
3,8,4,7.6,0,6,5,4,6,4,7,8,6,6,7,3,1,Medium
4,7,7,6.6,1,7,5,6,10,4,5,6,3,7,5,5,1,High
3,7,3,9.0,0,4,5,5,4,3,5,6,4,6,9,10,0,Low
6,10,8,7.6,1,4,7,10,4,6,8,5,3,6,3,2,0,High
3,5,1,7.8,0,6,3,5,4,2,4,9,6,8,6,7,0,Low
6,4,7,6.2,1,5,4,4,7,0,2,7,6,8,3,8,0,Low
3,1,3,6.3,1,2,5,6,5,5,6,9,1,6,7,7,0,Low
1,2,6,7.4,0,5,4,5,3,0,5,8,5,7,7,8,0,Low
2,6,4,6.4,0,5,4,2,6,6,5,7,3,7,8,7,0,Medium
3,6,9,7.2,1,4,7,8,6,5,6,7,1,6,4,8,1,High
3,10,4,7.4,0,4,6,6,6,2,4,7,2,10,6,7,0,Low
2,5,2,7.5,0,6,3,8,5,4,5,7,3,4,4,8,0,Low
7,8,8,5.6,1,8,4,6,4,6,4,5,2,7,7,6,0,High
5,3,7,8.0,1,6,3,3,8,2,5,7,4,8,7,10,0,Low
7,8,6,6.6,0,3,6,4,3,2,2,7,4,8,5,7,0,Low
3,6,7,7.1,0,6,6,8,5,2,4,6,3,7,8,5,0,Low
8,5,9,6.7,3,6,6,7,9,5,6,7,3,4,3,2,5,High
7,7,5,6.5,4,4,4,4,2,5,6,5,4,4,5,5,1,High
4,4,6,8.1,1,4,4,7,6,2,3,9,6,7,3,7,0,Low
5,5,5,6.6,0,7,1,1,6,3,2,9,7,10,10,10,0,Low
4,2,3,6.3,0,5,4,3,8,3,4,6,2,4,5,7,0,Low
2,1,4,8.5,0,1,6,5,4,1,2,8,2,4,9,8,0,Low
4,5,6,7.7,2,3,7,7,6,5,4,5,2,4,4,7,1,High
3,4,7,7.6,0,6,2,5,5,2,5,7,3,5,3,10,0,Low
2,5,6,8.6,2,5,3,7,7,2,7,7,1,4,5,7,0,Medium
4,4,5,5.8,0,6,3,6,10,4,8,6,2,8,5,3,0,High
4,6,5,6.6,0,5,3,4,8,4,4,7,4,6,9,8,0,Low
1,2,7,8.2,0,5,5,4,5,1,5,8,5,7,7,6,0,Low
5,7,5,7.7,0,3,7,5,5,1,1,7,3,5,5,6,1,Low
1,4,6,7.3,0,5,6,7,5,3,8,6,4,6,5,6,0,Medium
5,8,4,6.3,0,2,3,7,7,2,7,8,3,6,10,2,0,Medium
3,6,5,8.3,0,5,6,5,9,6,8,7,0,6,5,3,0,Medium
4,7,6,7.4,1,5,7,2,6,2,3,8,1,6,6,6,0,Medium
2,3,5,8.3,0,4,2,5,5,5,3,9,5,7,9,3,0,Low
3,7,8,7.1,2,5,9,6,10,4,7,6,0,4,1,6,2,High
6,8,6,7.0,1,3,5,3,7,3,7,7,1,7,6,7,0,Medium
4,6,5,7.3,0,8,5,1,2,3,6,9,1,7,6,7,0,Low
2,2,6,8.0,0,4,6,7,6,3,5,7,3,5,3,8,0,Low
4,2,4,7.0,0,6,6,6,6,0,6,6,3,4,7,8,0,Low
1,4,1,7.5,0,2,2,6,5,1,3,9,1,4,5,8,0,Low
1,2,1,7.7,0,4,7,6,8,3,3,8,4,5,6,8,1,Low
5,8,3,7.3,0,3,2,5,5,0,5,9,3,3,5,7,1,Low
6,8,7,5.5,1,6,6,5,4,0,3,7,1,4,6,7,0,Medium
3,4,8,8.8,0,4,2,2,3,0,1,8,5,8,10,10,0,Low
6,9,4,6.3,0,12,6,5,9,6,7,7,0,5,3,2,0,High
5,1,4,6.5,0,6,3,2,3,4,4,5,2,6,5,3,0,Medium
6,6,4,6.0,4,6,6,6,6,6,6,8,2,6,6,4,2,High
2,1,6,8.4,0,3,4,4,6,1,3,6,4,8,7,9,0,Low
2,5,4,6.6,1,5,4,4,3,4,5,9,3,7,4,6,0,Low
1,4,4,9.5,0,5,4,3,4,5,4,7,3,5,9,7,0,Low
3,6,5,8.2,0,2,9,8,4,8,7,6,2,5,3,5,0,High
6,5,9,6.8,0,4,4,5,4,4,4,6,4,8,5,10,1,Low
3,2,6,6.8,0,7,6,4,6,3,9,7,2,4,5,7,1,Medium
7,10,9,5.7,3,8,4,4,5,3,6,6,0,7,8,8,0,High
2,3,4,6.6,1,2,8,5,4,3,5,9,3,9,6,8,0,Low
3,2,5,7.7,0,4,3,4,5,3,3,6,2,7,8,10,0,Low
6,8,6,7.0,3,6,6,6,6,6,6,6,4,6,4,6,4,High
1,2,2,8.8,0,1,1,7,5,4,1,8,5,7,7,10,0,Low
4,6,1,8.0,0,2,2,3,9,3,2,10,6,5,8,8,0,Low
4,6,5,8.4,0,6,2,2,3,3,4,9,4,9,8,9,0,Low
6,8,6,7.1,0,6,3,2,4,3,3,9,5,7,9,9,0,Low
2,4,4,9.2,0,9,4,4,6,2,4,7,2,7,8,4,0,Low
5,5,4,7.5,0,4,3,1,4,0,5,7,4,8,7,7,0,Low
4,8,6,6.0,5,6,6,6,6,6,4,6,2,6,6,4,2,Low
2,1,5,8.0,0,4,4,1,1,2,2,7,6,8,10,10,0,Low
3,4,5,7.4,0,6,2,3,4,3,3,8,7,6,5,9,0,Low
3,7,6,6.6,0,7,8,6,9,9,6,5,3,3,4,6,0,High
4,8,7,6.7,2,7,7,8,10,3,7,6,0,7,6,10,1,High
4,5,3,7.4,0,6,4,4,9,3,6,5,2,4,9,5,0,Low
3,2,3,7.2,1,5,3,4,5,3,3,9,7,7,10,8,0,Low
1,3,2,8.9,0,5,3,4,5,1,1,10,6,6,9,10,0,Low
7,7,6,6.6,0,3,6,3,6,2,4,9,3,9,4,9,0,Medium
3,6,5,8.3,0,1,4,5,5,5,5,6,5,7,4,6,0,Medium
5,7,6,7.2,2,10,10,3,5,3,4,6,3,4,5,4,1,High
5,5,9,6.3,2,6,7,5,7,4,6,5,6,5,4,5,0,High
4,6,8,6.6,1,6,6,8,6,5,6,6,3,5,5,8,0,High
2,3,4,8.4,0,1,5,6,7,0,4,9,3,7,7,10,0,Low
4,8,6,6.6,0,8,2,4,2,3,8,6,3,5,4,3,1,Medium
4,6,5,7.3,0,7,6,3,5,3,7,8,3,5,7,7,0,Medium
5,5,5,7.4,0,2,3,4,8,4,3,5,2,9,5,4,0,High
4,6,6,8.9,0,4,9,5,9,7,7,5,0,3,3,3,1,High
5,5,8,6.7,0,6,2,3,3,1,4,9,4,6,10,9,0,Low
5,5,7,5.0,0,3,3,4,3,3,5,7,4,3,5,5,0,Medium
4,5,7,6.5,0,6,9,6,7,5,8,7,2,4,5,4,0,High
1,1,2,7.3,1,5,3,3,6,1,2,8,3,5,7,7,0,Low
6,6,4,6.7,1,6,2,5,6,5,2,7,1,10,5,8,0,Medium
3,7,5,6.9,0,1,6,3,6,4,5,7,5,4,7,6,0,Medium
4,8,7,6.6,0,3,3,6,7,6,4,6,6,5,5,9,0,Medium
3,6,7,7.0,1,5,5,5,5,0,7,9,3,10,9,8,0,Low
2,5,1,8.8,0,3,6,9,8,6,7,8,2,7,6,4,0,Medium
4,4,10,7.0,0,5,4,6,8,5,4,7,1,2,8,3,1,Medium
5,11,7,7.7,1,5,7,8,6,5,7,4,4,6,7,4,0,High
4,6,7,7.4,0,2,5,6,4,0,4,7,5,7,8,7,0,Low
5,9,3,7.9,0,7,2,5,7,7,6,8,3,4,3,7,0,Medium
2,5,2,8.4,0,4,4,2,4,3,3,8,2,8,9,9,1,Low
8,5,8,8.1,2,7,5,6,2,6,5,6,4,4,8,9,0,Medium
4,10,6,6.6,0,6,8,8,10,8,9,6,2,1,2,5,0,High
3,3,1,7.2,0,3,5,8,7,0,6,8,3,7,9,8,0,Low
1,3,4,8.7,1,3,5,5,5,5,5,9,2,8,9,7,0,Low
5,7,6,7.1,1,3,6,7,6,4,10,5,1,9,6,6,0,High
3,5,8,7.3,0,8,3,3,6,3,2,6,1,7,9,7,0,Low
2,5,4,8.1,0,4,3,4,3,3,6,8,6,10,8,6,0,Low
5,5,6,7.9,0,3,4,1,5,2,4,5,6,6,8,10,1,Low
1,2,4,6.7,0,3,3,5,6,2,4,10,1,8,6,7,0,Low
2,6,6,7.2,0,1,5,8,8,6,6,7,1,8,7,3,0,High
6,6,6,7.0,4,8,6,4,6,5,4,6,4,6,4,4,2,Medium
4,3,6,7.7,0,4,6,5,8,4,5,6,4,3,6,10,0,Low
4,9,6,6.1,4,6,2,1,4,5,1,8,4,7,10,8,2,Low
6,7,8,4.6,0,5,4,3,4,1,6,5,6,7,7,8,0,High
4,4,7,8.4,0,6,7,5,3,3,6,5,2,5,7,5,0,Medium
4,3,6,7.7,0,4,4,5,9,5,3,7,1,8,7,3,0,Medium
5,6,6,8.7,1,1,5,1,6,2,3,7,2,4,5,5,0,Medium
2,7,5,7.5,2,8,5,5,7,1,6,8,1,5,7,5,1,Medium
3,4,1,7.6,0,2,7,3,4,0,7,9,5,5,9,6,2,Low
3,4,5,5.5,1,2,8,8,3,3,4,6,6,8,5,6,0,Medium
6,7,10,5.6,0,9,6,3,9,8,8,5,3,6,5,6,2,High
2,6,5,7.9,0,6,6,7,3,2,8,8,2,5,7,7,0,Medium
4,3,6,7.6,0,3,10,6,9,4,8,6,2,5,4,6,0,High
7,6,6,6.2,1,3,4,2,10,4,6,4,0,5,7,7,0,High
4,5,5,7.9,1,4,5,6,3,4,3,8,4,5,8,10,0,Low
2,5,3,8.2,1,4,1,6,4,4,3,9,1,10,6,6,0,Low
4,4,6,8.4,1,7,4,6,1,2,4,9,4,6,7,8,1,Low
3,8,7,7.1,1,8,4,4,2,4,3,8,3,10,7,8,1,Low
8,11,7,6.7,1,7,2,4,7,5,4,7,4,6,5,7,0,Medium
4,7,6,7.3,3,6,8,6,9,1,6,7,4,7,4,5,1,High
3,6,4,7.5,0,5,7,7,6,4,4,5,1,5,2,3,0,High
5,8,8,5.8,2,5,4,4,5,2,5,5,4,6,5,6,0,Medium
3,9,4,5.3,0,2,5,3,3,2,9,9,1,6,7,7,0,Low
3,1,5,8.6,0,4,4,4,2,2,1,10,7,5,8,10,0,Low
3,8,6,7.0,1,7,2,5,8,1,8,6,1,9,4,6,1,Medium
7,8,8,5.8,2,5,1,7,7,8,7,8,4,5,4,4,0,High
4,6,5,5.8,2,7,5,8,3,5,6,7,5,8,6,4,0,Medium
3,6,3,6.0,1,4,7,9,9,5,7,4,2,7,2,2,0,High
2,2,4,7.4,0,4,9,4,10,5,8,6,0,4,2,5,0,High
6,6,6,7.1,0,5,5,6,6,2,9,6,1,4,3,3,0,High
4,8,7,5.2,0,8,4,5,4,0,6,8,2,6,7,6,0,Medium
6,6,6,7.0,3,8,6,6,6,5,6,8,2,6,6,6,2,Low
5,7,4,8.4,0,5,2,6,8,6,5,6,4,7,6,6,1,Medium
4,5,4,7.7,1,5,4,4,7,0,3,6,4,9,9,8,0,Low
2,5,3,7.4,0,2,4,5,6,6,6,6,3,4,6,3,1,Medium
6,9,3,6.0,1,1,3,7,6,4,6,8,0,6,3,6,0,High
5,4,5,7.5,1,4,2,4,2,3,4,6,7,7,7,5,0,Low
5,6,6,6.3,3,5,5,7,5,5,7,6,2,4,5,5,0,High
2,1,6,7.3,0,5,5,4,7,5,5,8,2,6,5,4,1,Low
1,3,1,7.6,0,3,2,7,3,3,6,8,5,8,7,10,0,Low
5,7,6,6.5,1,4,5,5,6,3,5,6,0,5,7,10,0,Medium
2,3,8,9.0,0,1,3,5,6,5,6,7,3,6,5,5,0,Medium
8,12,8,5.7,2,8,6,6,7,7,3,5,2,4,3,2,1,High
8,7,8,7.1,2,7,4,4,6,5,6,6,3,7,5,6,0,High
6,9,9,5.8,3,8,6,4,8,4,7,6,4,4,7,2,0,High
6,8,6,7.0,3,6,4,6,6,6,4,6,4,4,6,6,4,Medium
6,9,5,7.0,0,8,4,1,5,0,4,9,4,7,7,6,0,Low
7,5,4,8.5,0,5,2,4,4,5,2,8,3,5,8,10,0,Low
7,8,8,6.8,0,6,6,4,7,5,6,3,2,5,5,1,1,High
2,7,3,6.4,1,5,6,3,6,2,10,6,3,5,3,3,2,High
5,9,8,6.2,1,7,8,6,8,2,3,5,3,5,4,8,0,High
5,7,6,7.6,1,6,7,5,6,5,5,5,1,2,5,4,0,High
4,7,6,4.5,2,6,7,7,7,7,4,6,0,5,8,8,0,Medium
4,2,3,8.0,1,4,4,6,7,4,6,7,4,6,4,6,1,Medium
6,9,8,7.8,0,5,3,4,6,3,7,8,1,8,6,8,0,Medium
3,5,7,6.1,0,6,8,6,8,4,8,5,1,6,7,5,1,High
5,6,6,7.0,3,2,6,5,6,5,8,6,1,6,5,7,0,High
3,8,5,7.7,0,4,4,3,9,5,1,7,0,7,6,7,0,Medium
4,4,5,6.5,2,8,1,6,6,4,3,6,4,8,7,7,1,Medium
4,6,6,7.0,4,6,6,6,4,6,4,8,2,6,4,6,2,Medium
6,5,3,7.8,1,6,2,3,8,1,6,6,5,9,9,7,0,Low
3,10,7,7.0,2,7,8,7,5,2,6,7,3,5,6,6,0,High
1,7,4,8.5,0,3,1,3,8,4,4,8,5,7,5,7,0,Low
3,6,9,7.4,1,4,4,2,3,4,6,8,4,4,5,7,0,Medium
2,5,5,9.8,0,6,1,3,5,6,4,6,4,7,8,9,0,Low
2,3,4,8.6,0,3,5,7,3,3,8,9,5,7,3,6,0,Low
4,8,4,6.0,5,8,6,4,4,7,4,6,4,4,6,6,4,Low
3,6,6,7.4,0,2,5,5,7,3,7,6,3,4,7,5,1,Medium
3,6,8,8.1,1,5,8,8,8,7,9,3,1,5,3,6,2,High
1,1,6,6.6,0,4,5,10,6,3,6,7,2,4,3,5,1,Medium
2,5,5,6.0,0,4,6,2,9,2,6,7,4,4,6,6,0,Medium
5,8,6,6.8,2,4,4,5,8,2,2,6,4,5,7,6,0,Medium
3,6,4,7.7,1,4,6,6,7,6,6,4,2,4,3,4,1,High
5,5,7,4.9,0,4,7,6,4,7,4,5,5,5,4,7,0,High
4,6,5,7.1,0,6,3,5,7,2,5,7,6,6,5,8,0,Low
5,8,6,6.8,1,5,6,6,5,4,5,6,2,6,8,10,0,Medium
4,8,4,8.1,1,9,2,3,5,2,4,8,4,7,6,9,0,Low
2,3,4,8.6,1,3,7,3,8,5,8,8,5,5,4,6,2,Medium
7,10,8,4.2,2,4,10,10,7,6,10,4,0,2,4,3,2,High
6,6,4,6.1,1,6,6,5,8,5,4,5,1,3,9,5,0,High
5,10,6,6.3,1,7,1,3,3,4,1,7,7,10,9,9,0,Low
3,1,4,8.0,0,6,5,8,8,6,9,8,2,5,9,8,0,Low
1,6,2,8.8,0,3,5,3,7,5,3,9,0,10,6,7,0,Low
2,6,5,7.1,0,5,6,6,7,6,4,6,2,7,8,6,1,Medium
4,9,5,7.3,0,8,6,5,10,3,8,8,2,5,4,3,1,High
7,5,7,6.0,1,4,3,8,5,5,5,6,4,5,8,10,1,Medium
4,5,7,8.6,1,8,3,5,4,6,3,7,3,7,7,6,0,Low
4,6,6,8.1,0,5,4,3,5,4,8,6,1,7,5,5,0,Medium
2,6,2,8.0,0,4,6,9,10,3,4,7,0,4,8,7,0,Medium
3,7,4,8.3,0,4,6,6,8,2,8,5,4,5,6,7,0,Medium
2,5,5,8.7,0,7,1,3,4,5,4,7,4,5,6,9,1,Low
3,4,5,7.6,0,5,6,2,5,4,6,8,5,6,6,7,0,Low
5,5,8,6.5,3,7,8,7,6,4,7,6,2,6,7,3,0,High
5,8,5,7.8,1,8,1,7,6,3,4,6,3,6,6,5,1,Medium
3,5,5,7.3,0,7,3,4,6,5,4,7,3,6,7,10,0,Low
3,3,5,6.4,1,3,7,7,8,6,10,7,1,3,5,7,0,Medium
1,1,2,10.0,0,1,1,5,6,0,4,10,6,10,6,10,0,Low
4,6,6,8.0,3,6,6,4,6,5,6,6,4,6,6,6,2,Low
2,8,5,6.5,0,5,5,3,5,3,5,6,1,8,7,7,0,Low
4,7,5,8.1,1,5,4,4,6,5,5,6,5,7,7,8,0,Medium
2,7,7,6.8,1,8,5,7,6,7,5,9,3,2,7,5,0,Medium
4,6,6,7.0,3,8,6,6,6,5,6,6,4,4,6,6,2,High
1,4,2,9.6,1,1,2,6,6,0,3,7,6,8,5,6,0,Low
4,8,4,6.6,1,1,4,6,8,5,5,7,2,3,8,4,1,Medium
6,5,8,6.6,0,5,6,6,9,6,5,6,3,4,4,4,0,High
2,2,4,9.7,0,4,4,4,3,0,1,8,3,6,8,10,0,Low
6,5,6,7.1,0,8,8,9,8,9,7,3,3,2,2,7,0,High
4,8,6,7.3,0,7,5,5,3,3,2,7,2,8,4,7,0,Medium
4,6,4,8.6,1,1,6,5,7,6,3,6,3,6,5,5,0,Medium
7,8,7,6.7,2,11,8,5,10,6,4,4,4,4,5,2,0,High
7,7,4,7.4,1,5,5,6,6,1,5,7,1,3,7,4,0,Medium
4,8,7,8.5,4,8,5,5,10,5,6,7,5,5,6,7,0,Medium
6,10,6,7.1,1,7,7,8,5,5,6,7,0,7,4,5,0,High
5,9,5,8.8,0,5,2,4,4,1,1,7,2,6,9,5,0,Low
2,2,4,7.5,0,3,4,3,5,6,4,8,3,3,7,4,0,Low
4,5,5,8.8,0,2,3,2,6,0,5,8,5,6,5,10,1,Low
6,5,5,7.4,1,3,3,4,5,2,6,9,1,5,4,9,0,Low
3,3,5,6.8,0,4,9,7,8,7,7,8,4,8,9,6,0,Medium
7,12,10,6.2,2,4,9,5,2,7,7,6,3,5,7,6,0,High
4,4,5,7.6,0,8,4,6,4,2,7,7,3,6,5,7,0,Low
3,7,6,8.4,0,5,5,5,10,3,5,6,3,4,4,5,0,Medium
4,8,6,7.0,0,10,2,5,4,3,3,8,5,5,6,6,0,Low
3,7,6,7.1,0,4,2,5,5,3,4,6,6,6,6,5,0,Medium
